county,precinct,office,district,candidate,party,votes,election_day,absentee
Luce,"Lakefield Township, Precinct 1",Registered Voters,,,,990,,
Luce,"Lakefield Township, Precinct 1",Ballots Cast,,,,763,763,0
Luce,"Lakefield Township, Precinct 1",Straight Party,,Democratic Party,DEM,86,86,0
Luce,"Lakefield Township, Precinct 1",Straight Party,,Republican Party,REP,321,321,0
Luce,"Lakefield Township, Precinct 1",Straight Party,,Libertarian Party,LIB,1,1,0
Luce,"Lakefield Township, Precinct 1",Straight Party,,U.S. Taxpayers Party,UST,1,1,0
Luce,"Lakefield Township, Precinct 1",Straight Party,,Working Class Party,WCP,2,2,0
Luce,"Lakefield Township, Precinct 1",Straight Party,,Green Party,GRN,1,1,0
Luce,"Lakefield Township, Precinct 1",Straight Party,,Natural Law Party,NLP,0,0,0
Luce,"Lakefield Township, Precinct 1",President,,Joseph R. Biden,DEM,182,182,0
Luce,"Lakefield Township, Precinct 1",President,,Donald J. Trump,REP,556,556,0
Luce,"Lakefield Township, Precinct 1",President,,Jo Jorgensen,LIB,8,8,0
Luce,"Lakefield Township, Precinct 1",President,,Don Blankenship,UST,5,5,0
Luce,"Lakefield Township, Precinct 1",President,,Howie Hawkins,GRN,3,3,0
Luce,"Lakefield Township, Precinct 1",President,,Rocky De La Fuente,NLP,1,1,0
Luce,"Lakefield Township, Precinct 1",President,,Write-Ins,,4,4,0
Luce,"Lakefield Township, Precinct 1",U.S. Senate,,Gary Peters,DEM,188,188,0
Luce,"Lakefield Township, Precinct 1",U.S. Senate,,John James,REP,547,547,0
Luce,"Lakefield Township, Precinct 1",U.S. Senate,,Valerie L. Willis,UST,7,7,0
Luce,"Lakefield Township, Precinct 1",U.S. Senate,,Marcia Squier,GRN,3,3,0
Luce,"Lakefield Township, Precinct 1",U.S. Senate,,Doug Dern,NLP,5,5,0
Luce,"Lakefield Township, Precinct 1",U.S. Senate,,Write-Ins,,0,0,0
Luce,"Lakefield Township, Precinct 1",U.S. House,1,Dana Ferguson,DEM,163,163,0
Luce,"Lakefield Township, Precinct 1",U.S. House,1,Jack Bergman,REP,575,575,0
Luce,"Lakefield Township, Precinct 1",U.S. House,1,Ben Boren,LIB,7,7,0
Luce,"Lakefield Township, Precinct 1",U.S. House,1,Write-Ins,,0,0,0
Luce,"Lakefield Township, Precinct 1",State House,109,Sara Cambensy,DEM,187,187,0
Luce,"Lakefield Township, Precinct 1",State House,109,Melody Wagner,REP,538,538,0
Luce,"Lakefield Township, Precinct 1",State House,109,Jim Hafeman,UST,11,11,0
Luce,"Lakefield Township, Precinct 1",State House,109,Write-Ins,,0,0,0
Luce,"Lakefield Township, Precinct 1",Member of the State Board of Education,,Ellen Cogen Lipton,DEM,152,152,0
Luce,"Lakefield Township, Precinct 1",Member of the State Board of Education,,Jason Strayhorn,DEM,143,143,0
Luce,"Lakefield Township, Precinct 1",Member of the State Board of Education,,Tami Carlone,REP,491,491,0
Luce,"Lakefield Township, Precinct 1",Member of the State Board of Education,,Michelle A. Frederick,REP,491,491,0
Luce,"Lakefield Township, Precinct 1",Member of the State Board of Education,,Bill Hall,LIB,11,11,0
Luce,"Lakefield Township, Precinct 1",Member of the State Board of Education,,Richard A. Hewer,LIB,8,8,0
Luce,"Lakefield Township, Precinct 1",Member of the State Board of Education,,Karen Adams,UST,11,11,0
Luce,"Lakefield Township, Precinct 1",Member of the State Board of Education,,Douglas Levesque,UST,10,10,0
Luce,"Lakefield Township, Precinct 1",Member of the State Board of Education,,Mary Anne Hering,WCP,16,16,0
Luce,"Lakefield Township, Precinct 1",Member of the State Board of Education,,Hali McEachern,WCP,8,8,0
Luce,"Lakefield Township, Precinct 1",Member of the State Board of Education,,Tom Mair,GRN,7,7,0
Luce,"Lakefield Township, Precinct 1",Member of the State Board of Education,,Write-Ins,,1,1,0
Luce,"Lakefield Township, Precinct 1",Regent of the University of Michigan,,Mark Bernstein,DEM,141,141,0
Luce,"Lakefield Township, Precinct 1",Regent of the University of Michigan,,Shauna Ryder Diggs,DEM,146,146,0
Luce,"Lakefield Township, Precinct 1",Regent of the University of Michigan,,Sarah Hubbard,REP,504,504,0
Luce,"Lakefield Township, Precinct 1",Regent of the University of Michigan,,Carl Meyers,REP,476,476,0
Luce,"Lakefield Township, Precinct 1",Regent of the University of Michigan,,James L. Hudler,LIB,9,9,0
Luce,"Lakefield Township, Precinct 1",Regent of the University of Michigan,,Eric Larson,LIB,8,8,0
Luce,"Lakefield Township, Precinct 1",Regent of the University of Michigan,,Ronald E. Graeser,UST,9,9,0
Luce,"Lakefield Township, Precinct 1",Regent of the University of Michigan,,Crystal Van Sickle,UST,14,14,0
Luce,"Lakefield Township, Precinct 1",Regent of the University of Michigan,,Michael Mawilai,GRN,6,6,0
Luce,"Lakefield Township, Precinct 1",Regent of the University of Michigan,,Keith Butkovich,NLP,16,16,0
Luce,"Lakefield Township, Precinct 1",Regent of the University of Michigan,,Write-Ins,,2,2,0
Luce,"Lakefield Township, Precinct 1",Trustee of Michigan State University,,Brian Mosallam,DEM,139,139,0
Luce,"Lakefield Township, Precinct 1",Trustee of Michigan State University,,Rema Ella Vassar,DEM,137,137,0
Luce,"Lakefield Township, Precinct 1",Trustee of Michigan State University,,Pat O'Keefe,REP,501,501,0
Luce,"Lakefield Township, Precinct 1",Trustee of Michigan State University,,Tonya Schuitmaker,REP,482,482,0
Luce,"Lakefield Township, Precinct 1",Trustee of Michigan State University,,Will Tyler White,LIB,11,11,0
Luce,"Lakefield Township, Precinct 1",Trustee of Michigan State University,,Janet M. Sanger,UST,10,10,0
Luce,"Lakefield Township, Precinct 1",Trustee of Michigan State University,,John Paul Sanger,UST,13,13,0
Luce,"Lakefield Township, Precinct 1",Trustee of Michigan State University,,Brandon Hu,GRN,6,6,0
Luce,"Lakefield Township, Precinct 1",Trustee of Michigan State University,,Robin Lea Laurain,GRN,10,10,0
Luce,"Lakefield Township, Precinct 1",Trustee of Michigan State University,,Bridgette Abraham-Guzman,NLP,9,9,0
Luce,"Lakefield Township, Precinct 1",Trustee of Michigan State University,,Write-Ins,,3,3,0
Luce,"Lakefield Township, Precinct 1",Governor of Wayne State University,,Eva Garza Dewaelsche,DEM,135,135,0
Luce,"Lakefield Township, Precinct 1",Governor of Wayne State University,,Shirley Stancato,DEM,139,139,0
Luce,"Lakefield Township, Precinct 1",Governor of Wayne State University,,Don Gates,REP,489,489,0
Luce,"Lakefield Township, Precinct 1",Governor of Wayne State University,,Terri Lynn Land,REP,493,493,0
Luce,"Lakefield Township, Precinct 1",Governor of Wayne State University,,Jon Elgas,LIB,17,17,0
Luce,"Lakefield Township, Precinct 1",Governor of Wayne State University,,Christine C. Schwartz,UST,15,15,0
Luce,"Lakefield Township, Precinct 1",Governor of Wayne State University,,Susan Odgers,GRN,10,10,0
Luce,"Lakefield Township, Precinct 1",Governor of Wayne State University,,Write-Ins,,3,3,0
Luce,"Lakefield Township, Precinct 1",County Prosecuting Attorney,,Joshua B. Freed,REP,612,612,0
Luce,"Lakefield Township, Precinct 1",County Prosecuting Attorney,,Write-Ins,,8,8,0
Luce,"Lakefield Township, Precinct 1",County Sheriff,,John G. Cischke,REP,634,634,0
Luce,"Lakefield Township, Precinct 1",County Sheriff,,Write-Ins,,6,6,0
Luce,"Lakefield Township, Precinct 1",County Clerk and Register of Deeds,,Sharon J. Price,REP,619,619,0
Luce,"Lakefield Township, Precinct 1",County Clerk and Register of Deeds,,Write-Ins,,4,4,0
Luce,"Lakefield Township, Precinct 1",County Treasurer,,Darlene A. Kisro,REP,598,598,0
Luce,"Lakefield Township, Precinct 1",County Treasurer,,Write-Ins,,6,6,0
Luce,"Lakefield Township, Precinct 1",County Commissioner 4th District,,William Henry,REP,48,48,0
Luce,"Lakefield Township, Precinct 1",County Commissioner 4th District,,Write-Ins,,0,0,0
Luce,"Lakefield Township, Precinct 1",County Commissioner 5th District,,Phyllis M. French,REP,550,550,0
Luce,"Lakefield Township, Precinct 1",County Commissioner 5th District,,Write-Ins,,7,7,0
Luce,"Lakefield Township, Precinct 1",Lakefield Township Supervisor,,Tom Dennis,REP,611,611,0
Luce,"Lakefield Township, Precinct 1",Lakefield Township Supervisor,,Write-Ins,,4,4,0
Luce,"Lakefield Township, Precinct 1",Lakefield Township Clerk,,Timothy Teed,,514,514,0
Luce,"Lakefield Township, Precinct 1",Lakefield Township Clerk,,Write-Ins,,6,6,0
Luce,"Lakefield Township, Precinct 1",Lakefield Township Treasurer,,Denise Taylor,REP,635,635,0
Luce,"Lakefield Township, Precinct 1",Lakefield Township Treasurer,,Write-Ins,,5,5,0
Luce,"Lakefield Township, Precinct 1",Lakefield Township Trustee,,Michael F. French,REP,547,547,0
Luce,"Lakefield Township, Precinct 1",Lakefield Township Trustee,,Todd J. Plesscher,REP,594,594,0
Luce,"Lakefield Township, Precinct 1",Lakefield Township Trustee,,Write-Ins,,9,9,0
Luce,"Lakefield Township, Precinct 1",Justice of Supreme Court,,Susan L. Hubbard,,77,77,0
Luce,"Lakefield Township, Precinct 1",Justice of Supreme Court,,Mary Kelly,,233,233,0
Luce,"Lakefield Township, Precinct 1",Justice of Supreme Court,,Bridget Mary McCormack,,290,290,0
Luce,"Lakefield Township, Precinct 1",Justice of Supreme Court,,Kerry Lee Morgan,,59,59,0
Luce,"Lakefield Township, Precinct 1",Justice of Supreme Court,,Katherine Mary Nepton,,34,34,0
Luce,"Lakefield Township, Precinct 1",Justice of Supreme Court,,Brock Swartzle,,174,174,0
Luce,"Lakefield Township, Precinct 1",Justice of Supreme Court,,Elizabeth M. Welch,,91,91,0
Luce,"Lakefield Township, Precinct 1",Justice of Supreme Court,,Write-Ins,,5,5,0
Luce,"Lakefield Township, Precinct 1",Judge of Court of Appeals 4th District Incumbent,,Michael J. Kelly,,405,405,0
Luce,"Lakefield Township, Precinct 1",Judge of Court of Appeals 4th District Incumbent,,Amy Ronayne Krause,,366,366,0
Luce,"Lakefield Township, Precinct 1",Judge of Court of Appeals 4th District Incumbent,,Write-Ins,,5,5,0
Luce,"Lakefield Township, Precinct 1",Judge of Court of Appeals 4th District - Non Incumbent,,Michelle Rick,,427,427,0
Luce,"Lakefield Township, Precinct 1",Judge of Court of Appeals 4th District - Non Incumbent,,Write-Ins,,4,4,0
Luce,"Lakefield Township, Precinct 1",Judge of Circuit Court 11th District,,Brian Rahilly,,544,544,0
Luce,"Lakefield Township, Precinct 1",Judge of Circuit Court 11th District,,Zackary A. Sylvain,,107,107,0
Luce,"Lakefield Township, Precinct 1",Judge of Circuit Court 11th District,,Write-Ins,,2,2,0
Luce,"Lakefield Township, Precinct 1",Judge of District Court 92nd District,,Beth Ann Gibson,,549,549,0
Luce,"Lakefield Township, Precinct 1",Judge of District Court 92nd District,,Write-Ins,,7,7,0
Luce,"Lakefield Township, Precinct 1",Tahquamenon Area Schools School Board Member,,Bruce Klusmeyer,,408,408,0
Luce,"Lakefield Township, Precinct 1",Tahquamenon Area Schools School Board Member,,Amber N. Taylor,,373,373,0
Luce,"Lakefield Township, Precinct 1",Tahquamenon Area Schools School Board Member,,Lawrence Vincent,,335,335,0
Luce,"Lakefield Township, Precinct 1",Tahquamenon Area Schools School Board Member,,Write-Ins,,12,12,0
Luce,"Lakefield Township, Precinct 1",State Proposal 20-1,,Yes,,533,533,0
Luce,"Lakefield Township, Precinct 1",State Proposal 20-1,,No,,163,163,0
Luce,"Lakefield Township, Precinct 1",State Proposal 20-2,,Yes,,601,601,0
Luce,"Lakefield Township, Precinct 1",State Proposal 20-2,,No,,106,106,0
Luce,"Lakefield Township, Precinct 1",Tahquamenon Area Schools Operating Millage Renewal Proposal,,Yes,,418,418,0
Luce,"Lakefield Township, Precinct 1",Tahquamenon Area Schools Operating Millage Renewal Proposal,,No,,295,295,0
Luce,"Columbus Township, Precinct 1",Registered Voters,,,,181,,
Luce,"Columbus Township, Precinct 1",Ballots Cast,,,,120,120,0
Luce,"Columbus Township, Precinct 1",Straight Party,,Democratic Party,DEM,9,9,0
Luce,"Columbus Township, Precinct 1",Straight Party,,Republican Party,REP,59,59,0
Luce,"Columbus Township, Precinct 1",Straight Party,,Libertarian Party,LIB,0,0,0
Luce,"Columbus Township, Precinct 1",Straight Party,,U.S. Taxpayers Party,UST,0,0,0
Luce,"Columbus Township, Precinct 1",Straight Party,,Working Class Party,WCP,0,0,0
Luce,"Columbus Township, Precinct 1",Straight Party,,Green Party,GRN,0,0,0
Luce,"Columbus Township, Precinct 1",Straight Party,,Natural Law Party,NLP,0,0,0
Luce,"Columbus Township, Precinct 1",President,,Joseph R. Biden,DEM,27,27,0
Luce,"Columbus Township, Precinct 1",President,,Donald J. Trump,REP,90,90,0
Luce,"Columbus Township, Precinct 1",President,,Jo Jorgensen,LIB,1,1,0
Luce,"Columbus Township, Precinct 1",President,,Don Blankenship,UST,0,0,0
Luce,"Columbus Township, Precinct 1",President,,Howie Hawkins,GRN,0,0,0
Luce,"Columbus Township, Precinct 1",President,,Rocky De La Fuente,NLP,0,0,0
Luce,"Columbus Township, Precinct 1",President,,Write-Ins,,0,0,0
Luce,"Columbus Township, Precinct 1",U.S. Senate,,Gary Peters,DEM,33,33,0
Luce,"Columbus Township, Precinct 1",U.S. Senate,,John James,REP,86,86,0
Luce,"Columbus Township, Precinct 1",U.S. Senate,,Valerie L. Willis,UST,1,1,0
Luce,"Columbus Township, Precinct 1",U.S. Senate,,Marcia Squier,GRN,0,0,0
Luce,"Columbus Township, Precinct 1",U.S. Senate,,Doug Dern,NLP,0,0,0
Luce,"Columbus Township, Precinct 1",U.S. Senate,,Write-Ins,,0,0,0
Luce,"Columbus Township, Precinct 1",U.S. House,1,Dana Ferguson,DEM,26,26,0
Luce,"Columbus Township, Precinct 1",U.S. House,1,Jack Bergman,REP,93,93,0
Luce,"Columbus Township, Precinct 1",U.S. House,1,Ben Boren,LIB,1,1,0
Luce,"Columbus Township, Precinct 1",U.S. House,1,Write-Ins,,0,0,0
Luce,"Columbus Township, Precinct 1",State House,109,Sara Cambensy,DEM,33,33,0
Luce,"Columbus Township, Precinct 1",State House,109,Melody Wagner,REP,82,82,0
Luce,"Columbus Township, Precinct 1",State House,109,Jim Hafeman,UST,4,4,0
Luce,"Columbus Township, Precinct 1",State House,109,Write-Ins,,0,0,0
Luce,"Columbus Township, Precinct 1",Member of the State Board of Education,,Ellen Cogen Lipton,DEM,24,24,0
Luce,"Columbus Township, Precinct 1",Member of the State Board of Education,,Jason Strayhorn,DEM,23,23,0
Luce,"Columbus Township, Precinct 1",Member of the State Board of Education,,Tami Carlone,REP,81,81,0
Luce,"Columbus Township, Precinct 1",Member of the State Board of Education,,Michelle A. Frederick,REP,80,80,0
Luce,"Columbus Township, Precinct 1",Member of the State Board of Education,,Bill Hall,LIB,1,1,0
Luce,"Columbus Township, Precinct 1",Member of the State Board of Education,,Richard A. Hewer,LIB,1,1,0
Luce,"Columbus Township, Precinct 1",Member of the State Board of Education,,Karen Adams,UST,1,1,0
Luce,"Columbus Township, Precinct 1",Member of the State Board of Education,,Douglas Levesque,UST,3,3,0
Luce,"Columbus Township, Precinct 1",Member of the State Board of Education,,Mary Anne Hering,WCP,3,3,0
Luce,"Columbus Township, Precinct 1",Member of the State Board of Education,,Hali McEachern,WCP,0,0,0
Luce,"Columbus Township, Precinct 1",Member of the State Board of Education,,Tom Mair,GRN,1,1,0
Luce,"Columbus Township, Precinct 1",Member of the State Board of Education,,Write-Ins,,0,0,0
Luce,"Columbus Township, Precinct 1",Regent of the University of Michigan,,Mark Bernstein,DEM,26,26,0
Luce,"Columbus Township, Precinct 1",Regent of the University of Michigan,,Shauna Ryder Diggs,DEM,21,21,0
Luce,"Columbus Township, Precinct 1",Regent of the University of Michigan,,Sarah Hubbard,REP,84,84,0
Luce,"Columbus Township, Precinct 1",Regent of the University of Michigan,,Carl Meyers,REP,78,78,0
Luce,"Columbus Township, Precinct 1",Regent of the University of Michigan,,James L. Hudler,LIB,1,1,0
Luce,"Columbus Township, Precinct 1",Regent of the University of Michigan,,Eric Larson,LIB,2,2,0
Luce,"Columbus Township, Precinct 1",Regent of the University of Michigan,,Ronald E. Graeser,UST,1,1,0
Luce,"Columbus Township, Precinct 1",Regent of the University of Michigan,,Crystal Van Sickle,UST,1,1,0
Luce,"Columbus Township, Precinct 1",Regent of the University of Michigan,,Michael Mawilai,GRN,0,0,0
Luce,"Columbus Township, Precinct 1",Regent of the University of Michigan,,Keith Butkovich,NLP,3,3,0
Luce,"Columbus Township, Precinct 1",Regent of the University of Michigan,,Write-Ins,,0,0,0
Luce,"Columbus Township, Precinct 1",Trustee of Michigan State University,,Brian Mosallam,DEM,23,23,0
Luce,"Columbus Township, Precinct 1",Trustee of Michigan State University,,Rema Ella Vassar,DEM,21,21,0
Luce,"Columbus Township, Precinct 1",Trustee of Michigan State University,,Pat O'Keefe,REP,84,84,0
Luce,"Columbus Township, Precinct 1",Trustee of Michigan State University,,Tonya Schuitmaker,REP,81,81,0
Luce,"Columbus Township, Precinct 1",Trustee of Michigan State University,,Will Tyler White,LIB,1,1,0
Luce,"Columbus Township, Precinct 1",Trustee of Michigan State University,,Janet M. Sanger,UST,1,1,0
Luce,"Columbus Township, Precinct 1",Trustee of Michigan State University,,John Paul Sanger,UST,3,3,0
Luce,"Columbus Township, Precinct 1",Trustee of Michigan State University,,Brandon Hu,GRN,0,0,0
Luce,"Columbus Township, Precinct 1",Trustee of Michigan State University,,Robin Lea Laurain,GRN,0,0,0
Luce,"Columbus Township, Precinct 1",Trustee of Michigan State University,,Bridgette Abraham-Guzman,NLP,0,0,0
Luce,"Columbus Township, Precinct 1",Trustee of Michigan State University,,Write-Ins,,0,0,0
Luce,"Columbus Township, Precinct 1",Governor of Wayne State University,,Eva Garza Dewaelsche,DEM,19,19,0
Luce,"Columbus Township, Precinct 1",Governor of Wayne State University,,Shirley Stancato,DEM,19,19,0
Luce,"Columbus Township, Precinct 1",Governor of Wayne State University,,Don Gates,REP,83,83,0
Luce,"Columbus Township, Precinct 1",Governor of Wayne State University,,Terri Lynn Land,REP,88,88,0
Luce,"Columbus Township, Precinct 1",Governor of Wayne State University,,Jon Elgas,LIB,1,1,0
Luce,"Columbus Township, Precinct 1",Governor of Wayne State University,,Christine C. Schwartz,UST,3,3,0
Luce,"Columbus Township, Precinct 1",Governor of Wayne State University,,Susan Odgers,GRN,1,1,0
Luce,"Columbus Township, Precinct 1",Governor of Wayne State University,,Write-Ins,,0,0,0
Luce,"Columbus Township, Precinct 1",County Prosecuting Attorney,,Joshua B. Freed,REP,95,95,0
Luce,"Columbus Township, Precinct 1",County Prosecuting Attorney,,Write-Ins,,4,4,0
Luce,"Columbus Township, Precinct 1",County Sheriff,,John G. Cischke,REP,106,106,0
Luce,"Columbus Township, Precinct 1",County Sheriff,,Write-Ins,,1,1,0
Luce,"Columbus Township, Precinct 1",County Clerk and Register of Deeds,,Sharon J. Price,REP,103,103,0
Luce,"Columbus Township, Precinct 1",County Clerk and Register of Deeds,,Write-Ins,,0,0,0
Luce,"Columbus Township, Precinct 1",County Treasurer,,Darlene A. Kisro,REP,99,99,0
Luce,"Columbus Township, Precinct 1",County Treasurer,,Write-Ins,,1,1,0
Luce,"Columbus Township, Precinct 1",County Commissioner 5th District,,Phyllis M. French,REP,98,98,0
Luce,"Columbus Township, Precinct 1",County Commissioner 5th District,,Write-Ins,,0,0,0
Luce,"Columbus Township, Precinct 1",Columbus Township Supervisor,,Jeannie M. King,REP,103,103,0
Luce,"Columbus Township, Precinct 1",Columbus Township Supervisor,,Write-Ins,,0,0,0
Luce,"Columbus Township, Precinct 1",Columbus Township Clerk,,Donald L. Leech,REP,104,104,0
Luce,"Columbus Township, Precinct 1",Columbus Township Clerk,,Write-Ins,,1,1,0
Luce,"Columbus Township, Precinct 1",Columbus Township Treasurer,,Kelly D. King,REP,102,102,0
Luce,"Columbus Township, Precinct 1",Columbus Township Treasurer,,Write-Ins,,0,0,0
Luce,"Columbus Township, Precinct 1",Columbus Township Trustee,,Edward Auge,REP,103,103,0
Luce,"Columbus Township, Precinct 1",Columbus Township Trustee,,Emerson Smith,REP,106,106,0
Luce,"Columbus Township, Precinct 1",Columbus Township Trustee,,Write-Ins,,0,0,0
Luce,"Columbus Township, Precinct 1",Justice of Supreme Court,,Susan L. Hubbard,,23,23,0
Luce,"Columbus Township, Precinct 1",Justice of Supreme Court,,Mary Kelly,,22,22,0
Luce,"Columbus Township, Precinct 1",Justice of Supreme Court,,Bridget Mary McCormack,,46,46,0
Luce,"Columbus Township, Precinct 1",Justice of Supreme Court,,Kerry Lee Morgan,,9,9,0
Luce,"Columbus Township, Precinct 1",Justice of Supreme Court,,Katherine Mary Nepton,,3,3,0
Luce,"Columbus Township, Precinct 1",Justice of Supreme Court,,Brock Swartzle,,23,23,0
Luce,"Columbus Township, Precinct 1",Justice of Supreme Court,,Elizabeth M. Welch,,13,13,0
Luce,"Columbus Township, Precinct 1",Justice of Supreme Court,,Write-Ins,,2,2,0
Luce,"Columbus Township, Precinct 1",Judge of Court of Appeals 4th District Incumbent,,Michael J. Kelly,,73,73,0
Luce,"Columbus Township, Precinct 1",Judge of Court of Appeals 4th District Incumbent,,Amy Ronayne Krause,,68,68,0
Luce,"Columbus Township, Precinct 1",Judge of Court of Appeals 4th District Incumbent,,Write-Ins,,1,1,0
Luce,"Columbus Township, Precinct 1",Judge of Court of Appeals 4th District - Non Incumbent,,Michelle Rick,,76,76,0
Luce,"Columbus Township, Precinct 1",Judge of Court of Appeals 4th District - Non Incumbent,,Write-Ins,,1,1,0
Luce,"Columbus Township, Precinct 1",Judge of Circuit Court 11th District,,Brian Rahilly,,95,95,0
Luce,"Columbus Township, Precinct 1",Judge of Circuit Court 11th District,,Zackary A. Sylvain,,11,11,0
Luce,"Columbus Township, Precinct 1",Judge of Circuit Court 11th District,,Write-Ins,,1,1,0
Luce,"Columbus Township, Precinct 1",Judge of District Court 92nd District,,Beth Ann Gibson,,95,95,0
Luce,"Columbus Township, Precinct 1",Judge of District Court 92nd District,,Write-Ins,,2,2,0
Luce,"Columbus Township, Precinct 1",Tahquamenon Area Schools School Board Member,,Bruce Klusmeyer,,75,75,0
Luce,"Columbus Township, Precinct 1",Tahquamenon Area Schools School Board Member,,Amber N. Taylor,,67,67,0
Luce,"Columbus Township, Precinct 1",Tahquamenon Area Schools School Board Member,,Lawrence Vincent,,60,60,0
Luce,"Columbus Township, Precinct 1",Tahquamenon Area Schools School Board Member,,Write-Ins,,7,7,0
Luce,"Columbus Township, Precinct 1",State Proposal 20-1,,Yes,,91,91,0
Luce,"Columbus Township, Precinct 1",State Proposal 20-1,,No,,21,21,0
Luce,"Columbus Township, Precinct 1",State Proposal 20-2,,Yes,,89,89,0
Luce,"Columbus Township, Precinct 1",State Proposal 20-2,,No,,22,22,0
Luce,"Columbus Township, Precinct 1",Tahquamenon Area Schools Operating Millage Renewal Proposal,,Yes,,68,68,0
Luce,"Columbus Township, Precinct 1",Tahquamenon Area Schools Operating Millage Renewal Proposal,,No,,46,46,0
Luce,"McMillan Township, Precinct 1",Registered Voters,,,,2142,,
Luce,"McMillan Township, Precinct 1",Ballots Cast,,,,1294,1294,0
Luce,"McMillan Township, Precinct 1",Straight Party,,Democratic Party,DEM,179,179,0
Luce,"McMillan Township, Precinct 1",Straight Party,,Republican Party,REP,530,530,0
Luce,"McMillan Township, Precinct 1",Straight Party,,Libertarian Party,LIB,6,6,0
Luce,"McMillan Township, Precinct 1",Straight Party,,U.S. Taxpayers Party,UST,6,6,0
Luce,"McMillan Township, Precinct 1",Straight Party,,Working Class Party,WCP,6,6,0
Luce,"McMillan Township, Precinct 1",Straight Party,,Green Party,GRN,1,1,0
Luce,"McMillan Township, Precinct 1",Straight Party,,Natural Law Party,NLP,2,2,0
Luce,"McMillan Township, Precinct 1",President,,Joseph R. Biden,DEM,400,400,0
Luce,"McMillan Township, Precinct 1",President,,Donald J. Trump,REP,869,869,0
Luce,"McMillan Township, Precinct 1",President,,Jo Jorgensen,LIB,10,10,0
Luce,"McMillan Township, Precinct 1",President,,Don Blankenship,UST,4,4,0
Luce,"McMillan Township, Precinct 1",President,,Howie Hawkins,GRN,2,2,0
Luce,"McMillan Township, Precinct 1",President,,Rocky De La Fuente,NLP,2,2,0
Luce,"McMillan Township, Precinct 1",President,,Write-Ins,,1,1,0
Luce,"McMillan Township, Precinct 1",U.S. Senate,,Gary Peters,DEM,397,397,0
Luce,"McMillan Township, Precinct 1",U.S. Senate,,John James,REP,854,854,0
Luce,"McMillan Township, Precinct 1",U.S. Senate,,Valerie L. Willis,UST,12,12,0
Luce,"McMillan Township, Precinct 1",U.S. Senate,,Marcia Squier,GRN,7,7,0
Luce,"McMillan Township, Precinct 1",U.S. Senate,,Doug Dern,NLP,1,1,0
Luce,"McMillan Township, Precinct 1",U.S. Senate,,Write-Ins,,0,0,0
Luce,"McMillan Township, Precinct 1",U.S. House,1,Dana Ferguson,DEM,345,345,0
Luce,"McMillan Township, Precinct 1",U.S. House,1,Jack Bergman,REP,901,901,0
Luce,"McMillan Township, Precinct 1",U.S. House,1,Ben Boren,LIB,22,22,0
Luce,"McMillan Township, Precinct 1",U.S. House,1,Write-Ins,,1,1,0
Luce,"McMillan Township, Precinct 1",State House,109,Sara Cambensy,DEM,381,381,0
Luce,"McMillan Township, Precinct 1",State House,109,Melody Wagner,REP,828,828,0
Luce,"McMillan Township, Precinct 1",State House,109,Jim Hafeman,UST,28,28,0
Luce,"McMillan Township, Precinct 1",State House,109,Write-Ins,,5,5,0
Luce,"McMillan Township, Precinct 1",Member of the State Board of Education,,Ellen Cogen Lipton,DEM,329,329,0
Luce,"McMillan Township, Precinct 1",Member of the State Board of Education,,Jason Strayhorn,DEM,315,315,0
Luce,"McMillan Township, Precinct 1",Member of the State Board of Education,,Tami Carlone,REP,730,730,0
Luce,"McMillan Township, Precinct 1",Member of the State Board of Education,,Michelle A. Frederick,REP,739,739,0
Luce,"McMillan Township, Precinct 1",Member of the State Board of Education,,Bill Hall,LIB,30,30,0
Luce,"McMillan Township, Precinct 1",Member of the State Board of Education,,Richard A. Hewer,LIB,16,16,0
Luce,"McMillan Township, Precinct 1",Member of the State Board of Education,,Karen Adams,UST,25,25,0
Luce,"McMillan Township, Precinct 1",Member of the State Board of Education,,Douglas Levesque,UST,12,12,0
Luce,"McMillan Township, Precinct 1",Member of the State Board of Education,,Mary Anne Hering,WCP,40,40,0
Luce,"McMillan Township, Precinct 1",Member of the State Board of Education,,Hali McEachern,WCP,20,20,0
Luce,"McMillan Township, Precinct 1",Member of the State Board of Education,,Tom Mair,GRN,16,16,0
Luce,"McMillan Township, Precinct 1",Member of the State Board of Education,,Write-Ins,,6,6,0
Luce,"McMillan Township, Precinct 1",Regent of the University of Michigan,,Mark Bernstein,DEM,321,321,0
Luce,"McMillan Township, Precinct 1",Regent of the University of Michigan,,Shauna Ryder Diggs,DEM,306,306,0
Luce,"McMillan Township, Precinct 1",Regent of the University of Michigan,,Sarah Hubbard,REP,760,760,0
Luce,"McMillan Township, Precinct 1",Regent of the University of Michigan,,Carl Meyers,REP,718,718,0
Luce,"McMillan Township, Precinct 1",Regent of the University of Michigan,,James L. Hudler,LIB,24,24,0
Luce,"McMillan Township, Precinct 1",Regent of the University of Michigan,,Eric Larson,LIB,20,20,0
Luce,"McMillan Township, Precinct 1",Regent of the University of Michigan,,Ronald E. Graeser,UST,18,18,0
Luce,"McMillan Township, Precinct 1",Regent of the University of Michigan,,Crystal Van Sickle,UST,29,29,0
Luce,"McMillan Township, Precinct 1",Regent of the University of Michigan,,Michael Mawilai,GRN,18,18,0
Luce,"McMillan Township, Precinct 1",Regent of the University of Michigan,,Keith Butkovich,NLP,26,26,0
Luce,"McMillan Township, Precinct 1",Regent of the University of Michigan,,Write-Ins,,6,6,0
Luce,"McMillan Township, Precinct 1",Trustee of Michigan State University,,Brian Mosallam,DEM,303,303,0
Luce,"McMillan Township, Precinct 1",Trustee of Michigan State University,,Rema Ella Vassar,DEM,322,322,0
Luce,"McMillan Township, Precinct 1",Trustee of Michigan State University,,Pat O'Keefe,REP,756,756,0
Luce,"McMillan Township, Precinct 1",Trustee of Michigan State University,,Tonya Schuitmaker,REP,730,730,0
Luce,"McMillan Township, Precinct 1",Trustee of Michigan State University,,Will Tyler White,LIB,21,21,0
Luce,"McMillan Township, Precinct 1",Trustee of Michigan State University,,Janet M. Sanger,UST,18,18,0
Luce,"McMillan Township, Precinct 1",Trustee of Michigan State University,,John Paul Sanger,UST,18,18,0
Luce,"McMillan Township, Precinct 1",Trustee of Michigan State University,,Brandon Hu,GRN,16,16,0
Luce,"McMillan Township, Precinct 1",Trustee of Michigan State University,,Robin Lea Laurain,GRN,13,13,0
Luce,"McMillan Township, Precinct 1",Trustee of Michigan State University,,Bridgette Abraham-Guzman,NLP,23,23,0
Luce,"McMillan Township, Precinct 1",Trustee of Michigan State University,,Write-Ins,,8,8,0
Luce,"McMillan Township, Precinct 1",Governor of Wayne State University,,Eva Garza Dewaelsche,DEM,318,318,0
Luce,"McMillan Township, Precinct 1",Governor of Wayne State University,,Shirley Stancato,DEM,304,304,0
Luce,"McMillan Township, Precinct 1",Governor of Wayne State University,,Don Gates,REP,739,739,0
Luce,"McMillan Township, Precinct 1",Governor of Wayne State University,,Terri Lynn Land,REP,754,754,0
Luce,"McMillan Township, Precinct 1",Governor of Wayne State University,,Jon Elgas,LIB,26,26,0
Luce,"McMillan Township, Precinct 1",Governor of Wayne State University,,Christine C. Schwartz,UST,39,39,0
Luce,"McMillan Township, Precinct 1",Governor of Wayne State University,,Susan Odgers,GRN,24,24,0
Luce,"McMillan Township, Precinct 1",Governor of Wayne State University,,Write-Ins,,7,7,0
Luce,"McMillan Township, Precinct 1",County Prosecuting Attorney,,Joshua B. Freed,REP,1000,1000,0
Luce,"McMillan Township, Precinct 1",County Prosecuting Attorney,,Write-Ins,,35,35,0
Luce,"McMillan Township, Precinct 1",County Sheriff,,John G. Cischke,REP,1041,1041,0
Luce,"McMillan Township, Precinct 1",County Sheriff,,Write-Ins,,23,23,0
Luce,"McMillan Township, Precinct 1",County Clerk and Register of Deeds,,Sharon J. Price,REP,1062,1062,0
Luce,"McMillan Township, Precinct 1",County Clerk and Register of Deeds,,Write-Ins,,13,13,0
Luce,"McMillan Township, Precinct 1",County Treasurer,,Darlene A. Kisro,REP,1023,1023,0
Luce,"McMillan Township, Precinct 1",County Treasurer,,Write-Ins,,13,13,0
Luce,"McMillan Township, Precinct 1",County Commissioner 1st District,,Nancy Morrison,REP,353,353,0
Luce,"McMillan Township, Precinct 1",County Commissioner 1st District,,Write-Ins,,6,6,0
Luce,"McMillan Township, Precinct 1",County Commissioner 2nd District,,Michelle Clark,REP,414,414,0
Luce,"McMillan Township, Precinct 1",County Commissioner 2nd District,,Write-Ins,,11,11,0
Luce,"McMillan Township, Precinct 1",County Commissioner 3rd District,,Kevin R. Erickson,REP,270,270,0
Luce,"McMillan Township, Precinct 1",County Commissioner 3rd District,,Write-Ins,,2,2,0
Luce,"McMillan Township, Precinct 1",McMillan Township Supervisor,,Arthur F. Schultz,REP,1056,1056,0
Luce,"McMillan Township, Precinct 1",McMillan Township Supervisor,,Write-Ins,,13,13,0
Luce,"McMillan Township, Precinct 1",McMillan Township Clerk,,Joseph F. Villemure,REP,1063,1063,0
Luce,"McMillan Township, Precinct 1",McMillan Township Clerk,,Write-Ins,,11,11,0
Luce,"McMillan Township, Precinct 1",McMillan Township Treasurer,,Charles D. Medelis,REP,1010,1010,0
Luce,"McMillan Township, Precinct 1",McMillan Township Treasurer,,Write-Ins,,18,18,0
Luce,"McMillan Township, Precinct 1",McMillan Township Trustee,,Teddy L. Nutkins,REP,978,978,0
Luce,"McMillan Township, Precinct 1",McMillan Township Trustee,,Tom Rahilly,REP,963,963,0
Luce,"McMillan Township, Precinct 1",McMillan Township Trustee,,Write-Ins,,14,14,0
Luce,"McMillan Township, Precinct 1",Justice of Supreme Court,,Susan L. Hubbard,,125,125,0
Luce,"McMillan Township, Precinct 1",Justice of Supreme Court,,Mary Kelly,,205,205,0
Luce,"McMillan Township, Precinct 1",Justice of Supreme Court,,Bridget Mary McCormack,,555,555,0
Luce,"McMillan Township, Precinct 1",Justice of Supreme Court,,Kerry Lee Morgan,,141,141,0
Luce,"McMillan Township, Precinct 1",Justice of Supreme Court,,Katherine Mary Nepton,,80,80,0
Luce,"McMillan Township, Precinct 1",Justice of Supreme Court,,Brock Swartzle,,228,228,0
Luce,"McMillan Township, Precinct 1",Justice of Supreme Court,,Elizabeth M. Welch,,160,160,0
Luce,"McMillan Township, Precinct 1",Justice of Supreme Court,,Write-Ins,,22,22,0
Luce,"McMillan Township, Precinct 1",Judge of Court of Appeals 4th District Incumbent,,Michael J. Kelly,,672,672,0
Luce,"McMillan Township, Precinct 1",Judge of Court of Appeals 4th District Incumbent,,Amy Ronayne Krause,,618,618,0
Luce,"McMillan Township, Precinct 1",Judge of Court of Appeals 4th District Incumbent,,Write-Ins,,16,16,0
Luce,"McMillan Township, Precinct 1",Judge of Court of Appeals 4th District - Non Incumbent,,Michelle Rick,,742,742,0
Luce,"McMillan Township, Precinct 1",Judge of Court of Appeals 4th District - Non Incumbent,,Write-Ins,,18,18,0
Luce,"McMillan Township, Precinct 1",Judge of Circuit Court 11th District,,Brian Rahilly,,935,935,0
Luce,"McMillan Township, Precinct 1",Judge of Circuit Court 11th District,,Zackary A. Sylvain,,174,174,0
Luce,"McMillan Township, Precinct 1",Judge of Circuit Court 11th District,,Write-Ins,,8,8,0
Luce,"McMillan Township, Precinct 1",Judge of District Court 92nd District,,Beth Ann Gibson,,945,945,0
Luce,"McMillan Township, Precinct 1",Judge of District Court 92nd District,,Write-Ins,,17,17,0
Luce,"McMillan Township, Precinct 1",Tahquamenon Area Schools School Board Member,,Bruce Klusmeyer,,745,745,0
Luce,"McMillan Township, Precinct 1",Tahquamenon Area Schools School Board Member,,Amber N. Taylor,,697,697,0
Luce,"McMillan Township, Precinct 1",Tahquamenon Area Schools School Board Member,,Lawrence Vincent,,569,569,0
Luce,"McMillan Township, Precinct 1",Tahquamenon Area Schools School Board Member,,Write-Ins,,26,26,0
Luce,"McMillan Township, Precinct 1",Village of Newberry Village President,,Catherine Freese,,430,430,0
Luce,"McMillan Township, Precinct 1",Village of Newberry Village President,,Write-Ins,,19,19,0
Luce,"McMillan Township, Precinct 1",Village of Newberry Village Clerk,,Terese Schummer,,473,473,0
Luce,"McMillan Township, Precinct 1",Village of Newberry Village Clerk,,Write-Ins,,15,15,0
Luce,"McMillan Township, Precinct 1",Village of Newberry Village Treasurer,,Nathanael J. Moulton,,465,465,0
Luce,"McMillan Township, Precinct 1",Village of Newberry Village Treasurer,,Write-Ins,,18,18,0
Luce,"McMillan Township, Precinct 1",Village of Newberry Village Trustee,,Kip T. Cameron,,457,457,0
Luce,"McMillan Township, Precinct 1",Village of Newberry Village Trustee,,Write-Ins,,19,19,0
Luce,"McMillan Township, Precinct 1",Village of Newberry Village Trustee Partial,,Lori A. Stokes,,427,427,0
Luce,"McMillan Township, Precinct 1",Village of Newberry Village Trustee Partial,,Write-Ins,,22,22,0
Luce,"McMillan Township, Precinct 1",State Proposal 20-1,,Yes,,977,977,0
Luce,"McMillan Township, Precinct 1",State Proposal 20-1,,No,,177,177,0
Luce,"McMillan Township, Precinct 1",State Proposal 20-2,,Yes,,1016,1016,0
Luce,"McMillan Township, Precinct 1",State Proposal 20-2,,No,,161,161,0
Luce,"McMillan Township, Precinct 1",Tahquamenon Area Schools Operating Millage Renewal Proposal,,Yes,,837,837,0
Luce,"McMillan Township, Precinct 1",Tahquamenon Area Schools Operating Millage Renewal Proposal,,No,,355,355,0
Luce,"Pentland Township, Precinct 1",Registered Voters,,,,1243,,
Luce,"Pentland Township, Precinct 1",Ballots Cast,,,,845,845,0
Luce,"Pentland Township, Precinct 1",Straight Party,,Democratic Party,DEM,71,71,0
Luce,"Pentland Township, Precinct 1",Straight Party,,Republican Party,REP,348,348,0
Luce,"Pentland Township, Precinct 1",Straight Party,,Libertarian Party,LIB,3,3,0
Luce,"Pentland Township, Precinct 1",Straight Party,,U.S. Taxpayers Party,UST,2,2,0
Luce,"Pentland Township, Precinct 1",Straight Party,,Working Class Party,WCP,7,7,0
Luce,"Pentland Township, Precinct 1",Straight Party,,Green Party,GRN,0,0,0
Luce,"Pentland Township, Precinct 1",Straight Party,,Natural Law Party,NLP,0,0,0
Luce,"Pentland Township, Precinct 1",President,,Joseph R. Biden,DEM,233,233,0
Luce,"Pentland Township, Precinct 1",President,,Donald J. Trump,REP,594,594,0
Luce,"Pentland Township, Precinct 1",President,,Jo Jorgensen,LIB,8,8,0
Luce,"Pentland Township, Precinct 1",President,,Don Blankenship,UST,2,2,0
Luce,"Pentland Township, Precinct 1",President,,Howie Hawkins,GRN,3,3,0
Luce,"Pentland Township, Precinct 1",President,,Rocky De La Fuente,NLP,1,1,0
Luce,"Pentland Township, Precinct 1",President,,Write-Ins,,1,1,0
Luce,"Pentland Township, Precinct 1",U.S. Senate,,Gary Peters,DEM,237,237,0
Luce,"Pentland Township, Precinct 1",U.S. Senate,,John James,REP,583,583,0
Luce,"Pentland Township, Precinct 1",U.S. Senate,,Valerie L. Willis,UST,3,3,0
Luce,"Pentland Township, Precinct 1",U.S. Senate,,Marcia Squier,GRN,6,6,0
Luce,"Pentland Township, Precinct 1",U.S. Senate,,Doug Dern,NLP,5,5,0
Luce,"Pentland Township, Precinct 1",U.S. Senate,,Write-Ins,,1,1,0
Luce,"Pentland Township, Precinct 1",U.S. House,1,Dana Ferguson,DEM,205,205,0
Luce,"Pentland Township, Precinct 1",U.S. House,1,Jack Bergman,REP,612,612,0
Luce,"Pentland Township, Precinct 1",U.S. House,1,Ben Boren,LIB,13,13,0
Luce,"Pentland Township, Precinct 1",U.S. House,1,Write-Ins,,0,0,0
Luce,"Pentland Township, Precinct 1",State House,109,Sara Cambensy,DEM,233,233,0
Luce,"Pentland Township, Precinct 1",State House,109,Melody Wagner,REP,560,560,0
Luce,"Pentland Township, Precinct 1",State House,109,Jim Hafeman,UST,14,14,0
Luce,"Pentland Township, Precinct 1",State House,109,Write-Ins,,2,2,0
Luce,"Pentland Township, Precinct 1",Member of the State Board of Education,,Ellen Cogen Lipton,DEM,187,187,0
Luce,"Pentland Township, Precinct 1",Member of the State Board of Education,,Jason Strayhorn,DEM,182,182,0
Luce,"Pentland Township, Precinct 1",Member of the State Board of Education,,Tami Carlone,REP,511,511,0
Luce,"Pentland Township, Precinct 1",Member of the State Board of Education,,Michelle A. Frederick,REP,516,516,0
Luce,"Pentland Township, Precinct 1",Member of the State Board of Education,,Bill Hall,LIB,11,11,0
Luce,"Pentland Township, Precinct 1",Member of the State Board of Education,,Richard A. Hewer,LIB,12,12,0
Luce,"Pentland Township, Precinct 1",Member of the State Board of Education,,Karen Adams,UST,12,12,0
Luce,"Pentland Township, Precinct 1",Member of the State Board of Education,,Douglas Levesque,UST,6,6,0
Luce,"Pentland Township, Precinct 1",Member of the State Board of Education,,Mary Anne Hering,WCP,27,27,0
Luce,"Pentland Township, Precinct 1",Member of the State Board of Education,,Hali McEachern,WCP,20,20,0
Luce,"Pentland Township, Precinct 1",Member of the State Board of Education,,Tom Mair,GRN,2,2,0
Luce,"Pentland Township, Precinct 1",Member of the State Board of Education,,Write-Ins,,6,6,0
Luce,"Pentland Township, Precinct 1",Regent of the University of Michigan,,Mark Bernstein,DEM,182,182,0
Luce,"Pentland Township, Precinct 1",Regent of the University of Michigan,,Shauna Ryder Diggs,DEM,183,183,0
Luce,"Pentland Township, Precinct 1",Regent of the University of Michigan,,Sarah Hubbard,REP,524,524,0
Luce,"Pentland Township, Precinct 1",Regent of the University of Michigan,,Carl Meyers,REP,501,501,0
Luce,"Pentland Township, Precinct 1",Regent of the University of Michigan,,James L. Hudler,LIB,9,9,0
Luce,"Pentland Township, Precinct 1",Regent of the University of Michigan,,Eric Larson,LIB,18,18,0
Luce,"Pentland Township, Precinct 1",Regent of the University of Michigan,,Ronald E. Graeser,UST,4,4,0
Luce,"Pentland Township, Precinct 1",Regent of the University of Michigan,,Crystal Van Sickle,UST,7,7,0
Luce,"Pentland Township, Precinct 1",Regent of the University of Michigan,,Michael Mawilai,GRN,6,6,0
Luce,"Pentland Township, Precinct 1",Regent of the University of Michigan,,Keith Butkovich,NLP,18,18,0
Luce,"Pentland Township, Precinct 1",Regent of the University of Michigan,,Write-Ins,,7,7,0
Luce,"Pentland Township, Precinct 1",Trustee of Michigan State University,,Brian Mosallam,DEM,181,181,0
Luce,"Pentland Township, Precinct 1",Trustee of Michigan State University,,Rema Ella Vassar,DEM,186,186,0
Luce,"Pentland Township, Precinct 1",Trustee of Michigan State University,,Pat O'Keefe,REP,520,520,0
Luce,"Pentland Township, Precinct 1",Trustee of Michigan State University,,Tonya Schuitmaker,REP,505,505,0
Luce,"Pentland Township, Precinct 1",Trustee of Michigan State University,,Will Tyler White,LIB,10,10,0
Luce,"Pentland Township, Precinct 1",Trustee of Michigan State University,,Janet M. Sanger,UST,18,18,0
Luce,"Pentland Township, Precinct 1",Trustee of Michigan State University,,John Paul Sanger,UST,9,9,0
Luce,"Pentland Township, Precinct 1",Trustee of Michigan State University,,Brandon Hu,GRN,7,7,0
Luce,"Pentland Township, Precinct 1",Trustee of Michigan State University,,Robin Lea Laurain,GRN,9,9,0
Luce,"Pentland Township, Precinct 1",Trustee of Michigan State University,,Bridgette Abraham-Guzman,NLP,6,6,0
Luce,"Pentland Township, Precinct 1",Trustee of Michigan State University,,Write-Ins,,5,5,0
Luce,"Pentland Township, Precinct 1",Governor of Wayne State University,,Eva Garza Dewaelsche,DEM,184,184,0
Luce,"Pentland Township, Precinct 1",Governor of Wayne State University,,Shirley Stancato,DEM,180,180,0
Luce,"Pentland Township, Precinct 1",Governor of Wayne State University,,Don Gates,REP,524,524,0
Luce,"Pentland Township, Precinct 1",Governor of Wayne State University,,Terri Lynn Land,REP,510,510,0
Luce,"Pentland Township, Precinct 1",Governor of Wayne State University,,Jon Elgas,LIB,14,14,0
Luce,"Pentland Township, Precinct 1",Governor of Wayne State University,,Christine C. Schwartz,UST,23,23,0
Luce,"Pentland Township, Precinct 1",Governor of Wayne State University,,Susan Odgers,GRN,9,9,0
Luce,"Pentland Township, Precinct 1",Governor of Wayne State University,,Write-Ins,,4,4,0
Luce,"Pentland Township, Precinct 1",County Prosecuting Attorney,,Joshua B. Freed,REP,705,705,0
Luce,"Pentland Township, Precinct 1",County Prosecuting Attorney,,Write-Ins,,18,18,0
Luce,"Pentland Township, Precinct 1",County Sheriff,,John G. Cischke,REP,724,724,0
Luce,"Pentland Township, Precinct 1",County Sheriff,,Write-Ins,,10,10,0
Luce,"Pentland Township, Precinct 1",County Clerk and Register of Deeds,,Sharon J. Price,REP,723,723,0
Luce,"Pentland Township, Precinct 1",County Clerk and Register of Deeds,,Write-Ins,,4,4,0
Luce,"Pentland Township, Precinct 1",County Treasurer,,Darlene A. Kisro,REP,705,705,0
Luce,"Pentland Township, Precinct 1",County Treasurer,,Write-Ins,,4,4,0
Luce,"Pentland Township, Precinct 1",County Commissioner 3rd District,,Kevin R. Erickson,REP,183,183,0
Luce,"Pentland Township, Precinct 1",County Commissioner 3rd District,,Write-Ins,,4,4,0
Luce,"Pentland Township, Precinct 1",County Commissioner 4th District,,William Henry,REP,518,518,0
Luce,"Pentland Township, Precinct 1",County Commissioner 4th District,,Write-Ins,,0,0,0
Luce,"Pentland Township, Precinct 1",Pentland Township Supervisor,,Janet K. Maki,REP,710,710,0
Luce,"Pentland Township, Precinct 1",Pentland Township Supervisor,,Write-Ins,,7,7,0
Luce,"Pentland Township, Precinct 1",Pentland Township Clerk,,Gregory Rathje,REP,732,732,0
Luce,"Pentland Township, Precinct 1",Pentland Township Clerk,,Write-Ins,,4,4,0
Luce,"Pentland Township, Precinct 1",Pentland Township Treasurer,,Jean Foley,REP,724,724,0
Luce,"Pentland Township, Precinct 1",Pentland Township Treasurer,,Write-Ins,,5,5,0
Luce,"Pentland Township, Precinct 1",Pentland Township Trustee,,William H. Glime,REP,564,564,0
Luce,"Pentland Township, Precinct 1",Pentland Township Trustee,,Martin C. Lehto,REP,627,627,0
Luce,"Pentland Township, Precinct 1",Pentland Township Trustee,,Roxanna Pentland Transit,,236,236,0
Luce,"Pentland Township, Precinct 1",Pentland Township Trustee,,Write-Ins,,7,7,0
Luce,"Pentland Township, Precinct 1",Justice of Supreme Court,,Susan L. Hubbard,,119,119,0
Luce,"Pentland Township, Precinct 1",Justice of Supreme Court,,Mary Kelly,,181,181,0
Luce,"Pentland Township, Precinct 1",Justice of Supreme Court,,Bridget Mary McCormack,,279,279,0
Luce,"Pentland Township, Precinct 1",Justice of Supreme Court,,Kerry Lee Morgan,,99,99,0
Luce,"Pentland Township, Precinct 1",Justice of Supreme Court,,Katherine Mary Nepton,,71,71,0
Luce,"Pentland Township, Precinct 1",Justice of Supreme Court,,Brock Swartzle,,181,181,0
Luce,"Pentland Township, Precinct 1",Justice of Supreme Court,,Elizabeth M. Welch,,145,145,0
Luce,"Pentland Township, Precinct 1",Justice of Supreme Court,,Write-Ins,,8,8,0
Luce,"Pentland Township, Precinct 1",Judge of Court of Appeals 4th District Incumbent,,Michael J. Kelly,,466,466,0
Luce,"Pentland Township, Precinct 1",Judge of Court of Appeals 4th District Incumbent,,Amy Ronayne Krause,,430,430,0
Luce,"Pentland Township, Precinct 1",Judge of Court of Appeals 4th District Incumbent,,Write-Ins,,9,9,0
Luce,"Pentland Township, Precinct 1",Judge of Court of Appeals 4th District - Non Incumbent,,Michelle Rick,,516,516,0
Luce,"Pentland Township, Precinct 1",Judge of Court of Appeals 4th District - Non Incumbent,,Write-Ins,,10,10,0
Luce,"Pentland Township, Precinct 1",Judge of Circuit Court 11th District,,Brian Rahilly,,642,642,0
Luce,"Pentland Township, Precinct 1",Judge of Circuit Court 11th District,,Zackary A. Sylvain,,127,127,0
Luce,"Pentland Township, Precinct 1",Judge of Circuit Court 11th District,,Write-Ins,,3,3,0
Luce,"Pentland Township, Precinct 1",Judge of District Court 92nd District,,Beth Ann Gibson,,676,676,0
Luce,"Pentland Township, Precinct 1",Judge of District Court 92nd District,,Write-Ins,,6,6,0
Luce,"Pentland Township, Precinct 1",Tahquamenon Area Schools School Board Member,,Bruce Klusmeyer,,521,521,0
Luce,"Pentland Township, Precinct 1",Tahquamenon Area Schools School Board Member,,Amber N. Taylor,,482,482,0
Luce,"Pentland Township, Precinct 1",Tahquamenon Area Schools School Board Member,,Lawrence Vincent,,398,398,0
Luce,"Pentland Township, Precinct 1",Tahquamenon Area Schools School Board Member,,Write-Ins,,19,19,0
Luce,"Pentland Township, Precinct 1",State Proposal 20-1,,Yes,,653,653,0
Luce,"Pentland Township, Precinct 1",State Proposal 20-1,,No,,131,131,0
Luce,"Pentland Township, Precinct 1",State Proposal 20-2,,Yes,,685,685,0
Luce,"Pentland Township, Precinct 1",State Proposal 20-2,,No,,111,111,0
Luce,"Pentland Township, Precinct 1",Tahquamenon Area Schools Operating Millage Renewal Proposal,,Yes,,588,588,0
Luce,"Pentland Township, Precinct 1",Tahquamenon Area Schools Operating Millage Renewal Proposal,,No,,216,216,0
