county,precinct,office,district,party,candidate,votes
Mason,Amber Township Precinct 1,Supervisor Amber Township,,DEM,Write-In,7
Mason,Amber Township Precinct 1,Supervisor Amber Township,,DEM,Ballots Cast,7
Mason,Branch Township Precinct 1,Supervisor Branch Township,,DEM,Michael Shoup,70
Mason,Branch Township Precinct 1,Supervisor Branch Township,,DEM,Ballots Cast,70
Mason,Custer Township Precinct 1,Supervisor Custer Township,,DEM,Write-In,2
Mason,Custer Township Precinct 1,Supervisor Custer Township,,DEM,Ballots Cast,2
Mason,Eden Township Precinct 1,Supervisor Eden Township,,DEM,Write-In,3
Mason,Eden Township Precinct 1,Supervisor Eden Township,,DEM,Ballots Cast,3
Mason,Free Soil Township Precinct 1,Supervisor Free Soil Township,,DEM,Write-In,4
Mason,Free Soil Township Precinct 1,Supervisor Free Soil Township,,DEM,Ballots Cast,4
Mason,Grant Township Precinct 1,Supervisor Grant Township,,DEM,Write-In,6
Mason,Grant Township Precinct 1,Supervisor Grant Township,,DEM,Ballots Cast,6
Mason,Logan Township Precinct 1,Supervisor Logan Township,,DEM,Write-In,2
Mason,Logan Township Precinct 1,Supervisor Logan Township,,DEM,Ballots Cast,2
Mason,Meade Township Precinct 1,Supervisor Meade Township,,DEM,Ballots Cast,0
Mason,Riverton Township Precinct 1,Supervisor Riverton Township,,DEM,Write-In,12
Mason,Riverton Township Precinct 1,Supervisor Riverton Township,,DEM,Ballots Cast,12
Mason,Sheridan Township Precinct 1,Supervisor Sheridan Township,,DEM,Jeff Cormany,81
Mason,Sheridan Township Precinct 1,Supervisor Sheridan Township,,DEM,Ballots Cast,81
Mason,Sherman Township Precinct 1,Supervisor Sherman Township,,DEM,Joseph F. Mickevich,26
Mason,Sherman Township Precinct 1,Supervisor Sherman Township,,DEM,Write-In,1
Mason,Sherman Township Precinct 1,Supervisor Sherman Township,,DEM,Ballots Cast,27
Mason,Summit Township Precinct 1,Supervisor Summit Township,,DEM,Write-In,6
Mason,Summit Township Precinct 1,Supervisor Summit Township,,DEM,Ballots Cast,6
Mason,Victory Township Precinct 1,Supervisor Victory Township,,DEM,Write-In,1
Mason,Victory Township Precinct 1,Supervisor Victory Township,,DEM,Ballots Cast,1
Mason,Amber Township Precinct 1,Clerk Amber Township,,DEM,Write-In,7
Mason,Amber Township Precinct 1,Clerk Amber Township,,DEM,Ballots Cast,7
Mason,Branch Township Precinct 1,Clerk Branch Township,,DEM,Write-In,9
Mason,Branch Township Precinct 1,Clerk Branch Township,,DEM,Ballots Cast,9
Mason,Custer Township Precinct 1,Clerk Custer Township,,DEM,Write-In,2
Mason,Custer Township Precinct 1,Clerk Custer Township,,DEM,Ballots Cast,2
Mason,Eden Township Precinct 1,Clerk Eden Township,,DEM,Write-In,3
Mason,Eden Township Precinct 1,Clerk Eden Township,,DEM,Ballots Cast,3
Mason,Free Soil Township Precinct 1,Clerk Free Soil Township,,DEM,Lynda A. Papes,49
Mason,Free Soil Township Precinct 1,Clerk Free Soil Township,,DEM,Ballots Cast,49
Mason,Grant Township Precinct 1,Clerk Grant Township,,DEM,Mary Jo Janowiak,47
Mason,Grant Township Precinct 1,Clerk Grant Township,,DEM,Ballots Cast,47
Mason,Logan Township Precinct 1,Clerk Logan Township,,DEM,Write-In,2
Mason,Logan Township Precinct 1,Clerk Logan Township,,DEM,Ballots Cast,2
Mason,Meade Township Precinct 1,Clerk Meade Township,,DEM,Ballots Cast,0
Mason,Riverton Township Precinct 1,Clerk Riverton Township,,DEM,Write-In,11
Mason,Riverton Township Precinct 1,Clerk Riverton Township,,DEM,Ballots Cast,11
Mason,Sheridan Township Precinct 1,Clerk Sheridan Township,,DEM,Marlynn E. Gulembo,79
Mason,Sheridan Township Precinct 1,Clerk Sheridan Township,,DEM,Ballots Cast,79
Mason,Sherman Township Precinct 1,Clerk Sherman Township,,DEM,Write-In,3
Mason,Sherman Township Precinct 1,Clerk Sherman Township,,DEM,Ballots Cast,3
Mason,Summit Township Precinct 1,Clerk Summit Township,,DEM,Write-In,6
Mason,Summit Township Precinct 1,Clerk Summit Township,,DEM,Ballots Cast,6
Mason,Victory Township Precinct 1,Clerk Victory Township,,DEM,Write-In,1
Mason,Victory Township Precinct 1,Clerk Victory Township,,DEM,Ballots Cast,1
Mason,Amber Township Precinct 1,Treasurer Amber Township,,DEM,Write-In,7
Mason,Amber Township Precinct 1,Treasurer Amber Township,,DEM,Ballots Cast,7
Mason,Branch Township Precinct 1,Treasurer Branch Township,,DEM,Write-In,9
Mason,Branch Township Precinct 1,Treasurer Branch Township,,DEM,Ballots Cast,9
Mason,Custer Township Precinct 1,Treasurer Custer Township,,DEM,Write-In,2
Mason,Custer Township Precinct 1,Treasurer Custer Township,,DEM,Ballots Cast,2
Mason,Eden Township Precinct 1,Treasurer Eden Township,,DEM,Write-In,3
Mason,Eden Township Precinct 1,Treasurer Eden Township,,DEM,Ballots Cast,3
Mason,Free Soil Township Precinct 1,Treasurer Free Soil Township,,DEM,Write-In,3
Mason,Free Soil Township Precinct 1,Treasurer Free Soil Township,,DEM,Ballots Cast,3
Mason,Grant Township Precinct 1,Treasurer Grant Township,,DEM,Write-In,5
Mason,Grant Township Precinct 1,Treasurer Grant Township,,DEM,Ballots Cast,5
Mason,Logan Township Precinct 1,Treasurer Logan Township,,DEM,Write-In,2
Mason,Logan Township Precinct 1,Treasurer Logan Township,,DEM,Ballots Cast,2
Mason,Meade Township Precinct 1,Treasurer Meade Township,,DEM,Ballots Cast,0
Mason,Riverton Township Precinct 1,Treasurer Riverton Township,,DEM,Write-In,12
Mason,Riverton Township Precinct 1,Treasurer Riverton Township,,DEM,Ballots Cast,12
Mason,Sheridan Township Precinct 1,Treasurer Sheridan Township,,DEM,Jennie L. Borema,82
Mason,Sheridan Township Precinct 1,Treasurer Sheridan Township,,DEM,Ballots Cast,82
Mason,Sherman Township Precinct 1,Treasurer Sherman Township,,DEM,Write-In,3
Mason,Sherman Township Precinct 1,Treasurer Sherman Township,,DEM,Ballots Cast,3
Mason,Summit Township Precinct 1,Treasurer Summit Township,,DEM,Mary Bedker,64
Mason,Summit Township Precinct 1,Treasurer Summit Township,,DEM,Write-In,1
Mason,Summit Township Precinct 1,Treasurer Summit Township,,DEM,Ballots Cast,65
Mason,Victory Township Precinct 1,Treasurer Victory Township,,DEM,Write-In,1
Mason,Victory Township Precinct 1,Treasurer Victory Township,,DEM,Ballots Cast,1
Mason,Amber Township Precinct 1,Trustee Amber Township,,DEM,Rita M. Copenhaver,96
Mason,Amber Township Precinct 1,Trustee Amber Township,,DEM,Write-In,1
Mason,Amber Township Precinct 1,Trustee Amber Township,,DEM,Ballots Cast,97
Mason,Branch Township Precinct 1,Trustee Branch Township,,DEM,Write-In,12
Mason,Branch Township Precinct 1,Trustee Branch Township,,DEM,Ballots Cast,12
Mason,Custer Township Precinct 1,Trustee Custer Township,,DEM,Write-In,3
Mason,Custer Township Precinct 1,Trustee Custer Township,,DEM,Ballots Cast,3
Mason,Eden Township Precinct 1,Trustee Eden Township,,DEM,Write-In,5
Mason,Eden Township Precinct 1,Trustee Eden Township,,DEM,Ballots Cast,5
Mason,Free Soil Township Precinct 1,Trustee Free Soil Township,,DEM,Write-In,6
Mason,Free Soil Township Precinct 1,Trustee Free Soil Township,,DEM,Ballots Cast,6
Mason,Grant Township Precinct 1,Trustee Grant Township,,DEM,Write-In,9
Mason,Grant Township Precinct 1,Trustee Grant Township,,DEM,Ballots Cast,9
Mason,Logan Township Precinct 1,Trustee Logan Township,,DEM,Write-In,3
Mason,Logan Township Precinct 1,Trustee Logan Township,,DEM,Ballots Cast,3
Mason,Meade Township Precinct 1,Trustee Meade Township,,DEM,Ballots Cast,0
Mason,Riverton Township Precinct 1,Trustee Riverton Township,,DEM,Write-In,19
Mason,Riverton Township Precinct 1,Trustee Riverton Township,,DEM,Ballots Cast,19
Mason,Sheridan Township Precinct 1,Trustee Sheridan Township,,DEM,Write-In,23
Mason,Sheridan Township Precinct 1,Trustee Sheridan Township,,DEM,Ballots Cast,23
Mason,Sherman Township Precinct 1,Trustee Sherman Township,,DEM,Lori Cregg,24
Mason,Sherman Township Precinct 1,Trustee Sherman Township,,DEM,Write-In,1
Mason,Sherman Township Precinct 1,Trustee Sherman Township,,DEM,Ballots Cast,25
Mason,Summit Township Precinct 1,Trustee Summit Township,,DEM,Write-In,6
Mason,Summit Township Precinct 1,Trustee Summit Township,,DEM,Ballots Cast,6
Mason,Victory Township Precinct 1,Trustee Victory Township,,DEM,Write-In,1
Mason,Victory Township Precinct 1,Trustee Victory Township,,DEM,Ballots Cast,1
Mason,Meade Township Precinct 1,"Meade Township, Precinct 1 Delegate to County Convention",,DEM,Ballots Cast,0
Mason,Custer Township Precinct 1,"Custer Township, Precinct 1 Delegate to County Convention",,DEM,Edward Miller,45
Mason,Custer Township Precinct 1,"Custer Township, Precinct 1 Delegate to County Convention",,DEM,Ballots Cast,45
Mason,Eden Township Precinct 1,"Eden Township, Precinct 1 Delegate to County Convention",,DEM,Write-In,3
Mason,Eden Township Precinct 1,"Eden Township, Precinct 1 Delegate to County Convention",,DEM,Ballots Cast,3
Mason,Grant Township Precinct 1,"Grant Township, Precinct 1 Delegate to County Convention",,DEM,Write-In,11
Mason,Grant Township Precinct 1,"Grant Township, Precinct 1 Delegate to County Convention",,DEM,Ballots Cast,11
Mason,Free Soil Township Precinct 1,"Free Soil Township, Precinct 1 Delegate to County Convention",,DEM,Write-In,6
Mason,Free Soil Township Precinct 1,"Free Soil Township, Precinct 1 Delegate to County Convention",,DEM,Ballots Cast,6
Mason,City of Scottville Precinct 1,"City of Scottville, Precinct 1 Delegate to County Convention",,DEM,Write-In,8
Mason,City of Scottville Precinct 1,"City of Scottville, Precinct 1 Delegate to County Convention",,DEM,Ballots Cast,8
Mason,Victory Township Precinct 1,"Victory Township, Precinct 1 Delegate to County Convention",,DEM,Randall N. Mckenney,46
Mason,Victory Township Precinct 1,"Victory Township, Precinct 1 Delegate to County Convention",,DEM,Ballots Cast,46
Mason,Amber Township Precinct 1,"Amber Township, Precinct 1 Delegate to County Convention",,DEM,Write-In,12
Mason,Amber Township Precinct 1,"Amber Township, Precinct 1 Delegate to County Convention",,DEM,Ballots Cast,12
Mason,Pere Marquette Charter Twp Prec 1,"Pere Marquette Charter Township, Precinct 1 Delegate to County Convention",,DEM,Write-In,8
Mason,Pere Marquette Charter Twp Prec 1,"Pere Marquette Charter Township, Precinct 1 Delegate to County Convention",,DEM,Ballots Cast,8
Mason,Pere Marquette Charter Twp Prec 2,"Pere Marquette Charter Township, Precinct 2 Delegate to County Convention",,DEM,Write-In,9
Mason,Pere Marquette Charter Twp Prec 2,"Pere Marquette Charter Township, Precinct 2 Delegate to County Convention",,DEM,Ballots Cast,9
Mason,Branch Township Precinct 1,"Branch Township, Precinct 1 Delegate to County Convention",,DEM,Write-In,17
Mason,Branch Township Precinct 1,"Branch Township, Precinct 1 Delegate to County Convention",,DEM,Ballots Cast,17
Mason,Summit Township Precinct 1,"Summit Township, Precinct 1 Delegate to County Convention",,DEM,Dee Payment,60
Mason,Summit Township Precinct 1,"Summit Township, Precinct 1 Delegate to County Convention",,DEM,Write-In,1
Mason,Summit Township Precinct 1,"Summit Township, Precinct 1 Delegate to County Convention",,DEM,Ballots Cast,61
Mason,Riverton Township Precinct 1,"Riverton Township, Precinct 1 Delegate to County Convention",,DEM,Write-In,22
Mason,Riverton Township Precinct 1,"Riverton Township, Precinct 1 Delegate to County Convention",,DEM,Ballots Cast,22
Mason,Logan Township Precinct 1,"Logan Township, Precinct 1 Delegate to County Convention",,DEM,Write-In,2
Mason,Logan Township Precinct 1,"Logan Township, Precinct 1 Delegate to County Convention",,DEM,Ballots Cast,2
Mason,Sherman Township Precinct 1,"Sherman Township, Precinct 1 Delegate to County Convention",,DEM,Write-In,7
Mason,Sherman Township Precinct 1,"Sherman Township, Precinct 1 Delegate to County Convention",,DEM,Ballots Cast,7
Mason,Hamlin Township Precinct 1,"Hamlin Township, Precinct 1 Delegate to County Convention",,DEM,Write-In,10
Mason,Hamlin Township Precinct 1,"Hamlin Township, Precinct 1 Delegate to County Convention",,DEM,Ballots Cast,10
Mason,Hamlin Township Precinct 2,"Hamlin Township, Precinct 2 Delegate to County Convention",,DEM,Write-In,24
Mason,Hamlin Township Precinct 2,"Hamlin Township, Precinct 2 Delegate to County Convention",,DEM,Ballots Cast,24
Mason,Sheridan Township Precinct 1,"Sheridan Township, Precinct 1 Delegate to County Convention",,DEM,Write-In,30
Mason,Sheridan Township Precinct 1,"Sheridan Township, Precinct 1 Delegate to County Convention",,DEM,Ballots Cast,30
Mason,City of Ludington Precinct 1,"City of Ludington, Precinct 1 Delegate to County Convention",,DEM,Robin M. Aslakson,112
Mason,City of Ludington Precinct 1,"City of Ludington, Precinct 1 Delegate to County Convention",,DEM,Write-In,2
Mason,City of Ludington Precinct 1,"City of Ludington, Precinct 1 Delegate to County Convention",,DEM,Ballots Cast,114
Mason,City of Ludington Precinct 2,"City of Ludington, Precinct 2 Delegate to County Convention",,DEM,Janet Pollard,105
Mason,City of Ludington Precinct 2,"City of Ludington, Precinct 2 Delegate to County Convention",,DEM,Ballots Cast,105
Mason,City of Ludington Precinct 3,"City of Ludington, Precinct 3 Delegate to County Convention",,DEM,Write-In,15
Mason,City of Ludington Precinct 3,"City of Ludington, Precinct 3 Delegate to County Convention",,DEM,Ballots Cast,15
Mason,City of Ludington Precinct 4,"City of Ludington, Precinct 4 Delegate to County Convention",,DEM,Write-In,15
Mason,City of Ludington Precinct 4,"City of Ludington, Precinct 4 Delegate to County Convention",,DEM,Ballots Cast,15
Mason,City of Ludington Precinct 5,"City of Ludington, Precinct 5 Delegate to County Convention",,DEM,Write-In,27
Mason,City of Ludington Precinct 5,"City of Ludington, Precinct 5 Delegate to County Convention",,DEM,Ballots Cast,27
Mason,City of Ludington Precinct 6,"City of Ludington, Precinct 6 Delegate to County Convention",,DEM,Karen Nielsen,72
Mason,City of Ludington Precinct 6,"City of Ludington, Precinct 6 Delegate to County Convention",,DEM,Ballots Cast,72
Mason,Amber Township Precinct 1,Supervisor Amber Township,,REP,Thomas Alway,390
Mason,Amber Township Precinct 1,Supervisor Amber Township,,REP,Write-In,5
Mason,Amber Township Precinct 1,Supervisor Amber Township,,REP,Ballots Cast,395
Mason,Branch Township Precinct 1,Supervisor Branch Township,,REP,Write-In,15
Mason,Branch Township Precinct 1,Supervisor Branch Township,,REP,Ballots Cast,15
Mason,Custer Township Precinct 1,Supervisor Custer Township,,REP,Thomas Trenner,234
Mason,Custer Township Precinct 1,Supervisor Custer Township,,REP,Ballots Cast,234
Mason,Eden Township Precinct 1,Supervisor Eden Township,,REP,Margaret Greiner,35
Mason,Eden Township Precinct 1,Supervisor Eden Township,,REP,Roger Nash,59
Mason,Eden Township Precinct 1,Supervisor Eden Township,,REP,Ballots Cast,94
Mason,Free Soil Township Precinct 1,Supervisor Free Soil Township,,REP,Gregg Surma,122
Mason,Free Soil Township Precinct 1,Supervisor Free Soil Township,,REP,Write-In,1
Mason,Free Soil Township Precinct 1,Supervisor Free Soil Township,,REP,Ballots Cast,123
Mason,Grant Township Precinct 1,Supervisor Grant Township,,REP,Write-In,3
Mason,Grant Township Precinct 1,Supervisor Grant Township,,REP,Ballots Cast,3
Mason,Logan Township Precinct 1,Supervisor Logan Township,,REP,Bruce Burke,52
Mason,Logan Township Precinct 1,Supervisor Logan Township,,REP,Ballots Cast,52
Mason,Meade Township Precinct 1,Supervisor Meade Township,,REP,Harmon H Schonfeld,29
Mason,Meade Township Precinct 1,Supervisor Meade Township,,REP,Ballots Cast,29
Mason,Riverton Township Precinct 1,Supervisor Riverton Township,,REP,Gary L. Dittmer,176
Mason,Riverton Township Precinct 1,Supervisor Riverton Township,,REP,Ballots Cast,176
Mason,Sheridan Township Precinct 1,Supervisor Sheridan Township,,REP,Kelly Crocker,159
Mason,Sheridan Township Precinct 1,Supervisor Sheridan Township,,REP,Write-In,3
Mason,Sheridan Township Precinct 1,Supervisor Sheridan Township,,REP,Ballots Cast,162
Mason,Sherman Township Precinct 1,Supervisor Sherman Township,,REP,Write-In,8
Mason,Sherman Township Precinct 1,Supervisor Sherman Township,,REP,Ballots Cast,8
Mason,Summit Township Precinct 1,Supervisor Summit Township,,REP,D. Wayne Kelly,128
Mason,Summit Township Precinct 1,Supervisor Summit Township,,REP,Write-In,2
Mason,Summit Township Precinct 1,Supervisor Summit Township,,REP,Ballots Cast,130
Mason,Victory Township Precinct 1,Supervisor Victory Township,,REP,Robert W. Kesling,194
Mason,Victory Township Precinct 1,Supervisor Victory Township,,REP,Write-In,1
Mason,Victory Township Precinct 1,Supervisor Victory Township,,REP,Ballots Cast,195
Mason,Amber Township Precinct 1,Clerk Amber Township,,REP,Theresa Rohde,377
Mason,Amber Township Precinct 1,Clerk Amber Township,,REP,Write-In,5
Mason,Amber Township Precinct 1,Clerk Amber Township,,REP,Ballots Cast,382
Mason,Branch Township Precinct 1,Clerk Branch Township,,REP,Kimberly Tenney,147
Mason,Branch Township Precinct 1,Clerk Branch Township,,REP,Write-In,2
Mason,Branch Township Precinct 1,Clerk Branch Township,,REP,Ballots Cast,149
Mason,Custer Township Precinct 1,Clerk Custer Township,,REP,Staci K Wood,229
Mason,Custer Township Precinct 1,Clerk Custer Township,,REP,Write-In,3
Mason,Custer Township Precinct 1,Clerk Custer Township,,REP,Ballots Cast,232
Mason,Eden Township Precinct 1,Clerk Eden Township,,REP,Julie L. Vandyke,87
Mason,Eden Township Precinct 1,Clerk Eden Township,,REP,Ballots Cast,87
Mason,Free Soil Township Precinct 1,Clerk Free Soil Township,,REP,Write-In,9
Mason,Free Soil Township Precinct 1,Clerk Free Soil Township,,REP,Ballots Cast,9
Mason,Grant Township Precinct 1,Clerk Grant Township,,REP,Write-In,2
Mason,Grant Township Precinct 1,Clerk Grant Township,,REP,Ballots Cast,2
Mason,Logan Township Precinct 1,Clerk Logan Township,,REP,John Kampfschulte,52
Mason,Logan Township Precinct 1,Clerk Logan Township,,REP,Ballots Cast,52
Mason,Meade Township Precinct 1,Clerk Meade Township,,REP,Kirstin Vandevoorde,29
Mason,Meade Township Precinct 1,Clerk Meade Township,,REP,Ballots Cast,29
Mason,Riverton Township Precinct 1,Clerk Riverton Township,,REP,Cynthia Gerbers,180
Mason,Riverton Township Precinct 1,Clerk Riverton Township,,REP,Write-In,1
Mason,Riverton Township Precinct 1,Clerk Riverton Township,,REP,Ballots Cast,181
Mason,Sheridan Township Precinct 1,Clerk Sheridan Township,,REP,Write-In,9
Mason,Sheridan Township Precinct 1,Clerk Sheridan Township,,REP,Ballots Cast,9
Mason,Sherman Township Precinct 1,Clerk Sherman Township,,REP,Kurt D. Lubben,141
Mason,Sherman Township Precinct 1,Clerk Sherman Township,,REP,Ballots Cast,141
Mason,Summit Township Precinct 1,Clerk Summit Township,,REP,Kay Deanda,132
Mason,Summit Township Precinct 1,Clerk Summit Township,,REP,Ballots Cast,132
Mason,Victory Township Precinct 1,Clerk Victory Township,,REP,Sarah L. Grabowski,192
Mason,Victory Township Precinct 1,Clerk Victory Township,,REP,Write-In,1
Mason,Victory Township Precinct 1,Clerk Victory Township,,REP,Ballots Cast,193
Mason,Amber Township Precinct 1,Treasurer Amber Township,,REP,Connie L. Anderson,150
Mason,Amber Township Precinct 1,Treasurer Amber Township,,REP,Jeanne A. Miller,262
Mason,Amber Township Precinct 1,Treasurer Amber Township,,REP,Write-In,1
Mason,Amber Township Precinct 1,Treasurer Amber Township,,REP,Ballots Cast,413
Mason,Branch Township Precinct 1,Treasurer Branch Township,,REP,Ralph Razminas,149
Mason,Branch Township Precinct 1,Treasurer Branch Township,,REP,Write-In,3
Mason,Branch Township Precinct 1,Treasurer Branch Township,,REP,Ballots Cast,152
Mason,Custer Township Precinct 1,Treasurer Custer Township,,REP,Carey M. Jolly,235
Mason,Custer Township Precinct 1,Treasurer Custer Township,,REP,Ballots Cast,235
Mason,Eden Township Precinct 1,Treasurer Eden Township,,REP,Trudy L. Mccumber,86
Mason,Eden Township Precinct 1,Treasurer Eden Township,,REP,Ballots Cast,86
Mason,Free Soil Township Precinct 1,Treasurer Free Soil Township,,REP,Lisa Marie Stankowski,127
Mason,Free Soil Township Precinct 1,Treasurer Free Soil Township,,REP,Write-In,1
Mason,Free Soil Township Precinct 1,Treasurer Free Soil Township,,REP,Ballots Cast,128
Mason,Grant Township Precinct 1,Treasurer Grant Township,,REP,Kris Brandt,72
Mason,Grant Township Precinct 1,Treasurer Grant Township,,REP,Ballots Cast,72
Mason,Logan Township Precinct 1,Treasurer Logan Township,,REP,Tammy Bromley,52
Mason,Logan Township Precinct 1,Treasurer Logan Township,,REP,Ballots Cast,52
Mason,Meade Township Precinct 1,Treasurer Meade Township,,REP,Write-In,9
Mason,Meade Township Precinct 1,Treasurer Meade Township,,REP,Ballots Cast,9
Mason,Riverton Township Precinct 1,Treasurer Riverton Township,,REP,Kristi Rae Griffis,175
Mason,Riverton Township Precinct 1,Treasurer Riverton Township,,REP,Ballots Cast,175
Mason,Sheridan Township Precinct 1,Treasurer Sheridan Township,,REP,Write-In,9
Mason,Sheridan Township Precinct 1,Treasurer Sheridan Township,,REP,Ballots Cast,9
Mason,Sherman Township Precinct 1,Treasurer Sherman Township,,REP,Kristina Randle,140
Mason,Sherman Township Precinct 1,Treasurer Sherman Township,,REP,Ballots Cast,140
Mason,Summit Township Precinct 1,Treasurer Summit Township,,REP,Write-In,10
Mason,Summit Township Precinct 1,Treasurer Summit Township,,REP,Ballots Cast,10
Mason,Victory Township Precinct 1,Treasurer Victory Township,,REP,Patricia A. Geers,195
Mason,Victory Township Precinct 1,Treasurer Victory Township,,REP,Write-In,1
Mason,Victory Township Precinct 1,Treasurer Victory Township,,REP,Ballots Cast,196
Mason,Amber Township Precinct 1,Trustee Amber Township,,REP,Noah Vandusen,376
Mason,Amber Township Precinct 1,Trustee Amber Township,,REP,Write-In,2
Mason,Amber Township Precinct 1,Trustee Amber Township,,REP,Ballots Cast,378
Mason,Branch Township Precinct 1,Trustee Branch Township,,REP,Shirley Brayton,100
Mason,Branch Township Precinct 1,Trustee Branch Township,,REP,Joseph Fiers,128
Mason,Branch Township Precinct 1,Trustee Branch Township,,REP,Write-In,2
Mason,Branch Township Precinct 1,Trustee Branch Township,,REP,Ballots Cast,230
Mason,Custer Township Precinct 1,Trustee Custer Township,,REP,George Allen Allison,176
Mason,Custer Township Precinct 1,Trustee Custer Township,,REP,Susan Hansen,192
Mason,Custer Township Precinct 1,Trustee Custer Township,,REP,Ballots Cast,368
Mason,Eden Township Precinct 1,Trustee Eden Township,,REP,Brenda S. Carr,72
Mason,Eden Township Precinct 1,Trustee Eden Township,,REP,Joseph D. Stickney,78
Mason,Eden Township Precinct 1,Trustee Eden Township,,REP,Write-In,1
Mason,Eden Township Precinct 1,Trustee Eden Township,,REP,Ballots Cast,151
Mason,Free Soil Township Precinct 1,Trustee Free Soil Township,,REP,Philip Gajeski,106
Mason,Free Soil Township Precinct 1,Trustee Free Soil Township,,REP,Joseph J. Meyers,96
Mason,Free Soil Township Precinct 1,Trustee Free Soil Township,,REP,Ballots Cast,202
Mason,Grant Township Precinct 1,Trustee Grant Township,,REP,Seth Kelly,69
Mason,Grant Township Precinct 1,Trustee Grant Township,,REP,Ballots Cast,69
Mason,Logan Township Precinct 1,Trustee Logan Township,,REP,Robert Burke,48
Mason,Logan Township Precinct 1,Trustee Logan Township,,REP,Daniel R. Stewart,41
Mason,Logan Township Precinct 1,Trustee Logan Township,,REP,Ballots Cast,89
Mason,Meade Township Precinct 1,Trustee Meade Township,,REP,Jim Metzger,25
Mason,Meade Township Precinct 1,Trustee Meade Township,,REP,William Keith Thomas,15
Mason,Meade Township Precinct 1,Trustee Meade Township,,REP,Write-In,1
Mason,Meade Township Precinct 1,Trustee Meade Township,,REP,Ballots Cast,41
Mason,Riverton Township Precinct 1,Trustee Riverton Township,,REP,Greg Thurow,161
Mason,Riverton Township Precinct 1,Trustee Riverton Township,,REP,Todd M. Vannortwick,128
Mason,Riverton Township Precinct 1,Trustee Riverton Township,,REP,Ballots Cast,289
Mason,Sheridan Township Precinct 1,Trustee Sheridan Township,,REP,Robert Banwell,67
Mason,Sheridan Township Precinct 1,Trustee Sheridan Township,,REP,Edward A. Lijewski,54
Mason,Sheridan Township Precinct 1,Trustee Sheridan Township,,REP,Rich Rouwhorst,81
Mason,Sheridan Township Precinct 1,Trustee Sheridan Township,,REP,Jennifer Tyndall,89
Mason,Sheridan Township Precinct 1,Trustee Sheridan Township,,REP,Write-In,2
Mason,Sheridan Township Precinct 1,Trustee Sheridan Township,,REP,Ballots Cast,293
Mason,Sherman Township Precinct 1,Trustee Sherman Township,,REP,Michael Genung,71
Mason,Sherman Township Precinct 1,Trustee Sherman Township,,REP,Chelsea Miszewski,80
Mason,Sherman Township Precinct 1,Trustee Sherman Township,,REP,William Stakenas,96
Mason,Sherman Township Precinct 1,Trustee Sherman Township,,REP,Ballots Cast,247
Mason,Summit Township Precinct 1,Trustee Summit Township,,REP,Edward Chase,110
Mason,Summit Township Precinct 1,Trustee Summit Township,,REP,Todd Jorissen,105
Mason,Summit Township Precinct 1,Trustee Summit Township,,REP,Ballots Cast,215
Mason,Victory Township Precinct 1,Trustee Victory Township,,REP,Jerome Papes,190
Mason,Victory Township Precinct 1,Trustee Victory Township,,REP,Write-In,2
Mason,Victory Township Precinct 1,Trustee Victory Township,,REP,Ballots Cast,192
Mason,Meade Township Precinct 1,"Meade Township, Precinct 1 Delegate to County Convention",,REP,Write-In,2
Mason,Meade Township Precinct 1,"Meade Township, Precinct 1 Delegate to County Convention",,REP,Ballots Cast,2
Mason,Custer Township Precinct 1,"Custer Township, Precinct 1 Delegate to County Convention",,REP,Aldon Maleckas,199
Mason,Custer Township Precinct 1,"Custer Township, Precinct 1 Delegate to County Convention",,REP,Write-In,1
Mason,Custer Township Precinct 1,"Custer Township, Precinct 1 Delegate to County Convention",,REP,Ballots Cast,200
Mason,Eden Township Precinct 1,"Eden Township, Precinct 1 Delegate to County Convention",,REP,Margaret Greiner,70
Mason,Eden Township Precinct 1,"Eden Township, Precinct 1 Delegate to County Convention",,REP,Kelly Major,70
Mason,Eden Township Precinct 1,"Eden Township, Precinct 1 Delegate to County Convention",,REP,Write-In,1
Mason,Eden Township Precinct 1,"Eden Township, Precinct 1 Delegate to County Convention",,REP,Ballots Cast,141
Mason,Grant Township Precinct 1,"Grant Township, Precinct 1 Delegate to County Convention",,REP,Peter Ostrander,64
Mason,Grant Township Precinct 1,"Grant Township, Precinct 1 Delegate to County Convention",,REP,Ballots Cast,64
Mason,Free Soil Township Precinct 1,"Free Soil Township, Precinct 1 Delegate to County Convention",,REP,Joe Hastings,121
Mason,Free Soil Township Precinct 1,"Free Soil Township, Precinct 1 Delegate to County Convention",,REP,Ballots Cast,121
Mason,City of Scottville Precinct 1,"City of Scottville, Precinct 1 Delegate to County Convention",,REP,Brittany G. Carsten,64
Mason,City of Scottville Precinct 1,"City of Scottville, Precinct 1 Delegate to County Convention",,REP,Duane S. Hobart,55
Mason,City of Scottville Precinct 1,"City of Scottville, Precinct 1 Delegate to County Convention",,REP,Phil Yarbrough,65
Mason,City of Scottville Precinct 1,"City of Scottville, Precinct 1 Delegate to County Convention",,REP,Ballots Cast,184
Mason,Victory Township Precinct 1,"Victory Township, Precinct 1 Delegate to County Convention",,REP,Loretta Anderson,181
Mason,Victory Township Precinct 1,"Victory Township, Precinct 1 Delegate to County Convention",,REP,Write-In,2
Mason,Victory Township Precinct 1,"Victory Township, Precinct 1 Delegate to County Convention",,REP,Ballots Cast,183
Mason,Amber Township Precinct 1,"Amber Township, Precinct 1 Delegate to County Convention",,REP,Karen M. Foster,369
Mason,Amber Township Precinct 1,"Amber Township, Precinct 1 Delegate to County Convention",,REP,Write-In,2
Mason,Amber Township Precinct 1,"Amber Township, Precinct 1 Delegate to County Convention",,REP,Ballots Cast,371
Mason,Pere Marquette Charter Twp Prec 1,"Pere Marquette Charter Township, Precinct 1 Delegate to County Convention",,REP,Write-In,9
Mason,Pere Marquette Charter Twp Prec 1,"Pere Marquette Charter Township, Precinct 1 Delegate to County Convention",,REP,Ballots Cast,9
Mason,Pere Marquette Charter Twp Prec 2,"Pere Marquette Charter Township, Precinct 2 Delegate to County Convention",,REP,Cathy J. Ingraham,253
Mason,Pere Marquette Charter Twp Prec 2,"Pere Marquette Charter Township, Precinct 2 Delegate to County Convention",,REP,Ballots Cast,253
Mason,Branch Township Precinct 1,"Branch Township, Precinct 1 Delegate to County Convention",,REP,Charles D. Robinson,113
Mason,Branch Township Precinct 1,"Branch Township, Precinct 1 Delegate to County Convention",,REP,Rebecca Robinson,117
Mason,Branch Township Precinct 1,"Branch Township, Precinct 1 Delegate to County Convention",,REP,Write-In,2
Mason,Branch Township Precinct 1,"Branch Township, Precinct 1 Delegate to County Convention",,REP,Ballots Cast,232
Mason,Summit Township Precinct 1,"Summit Township, Precinct 1 Delegate to County Convention",,REP,Write-In,18
Mason,Summit Township Precinct 1,"Summit Township, Precinct 1 Delegate to County Convention",,REP,Ballots Cast,18
Mason,Riverton Township Precinct 1,"Riverton Township, Precinct 1 Delegate to County Convention",,REP,Write-In,3
Mason,Riverton Township Precinct 1,"Riverton Township, Precinct 1 Delegate to County Convention",,REP,Ballots Cast,3
Mason,Logan Township Precinct 1,"Logan Township, Precinct 1 Delegate to County Convention",,REP,Write-In,1
Mason,Logan Township Precinct 1,"Logan Township, Precinct 1 Delegate to County Convention",,REP,Ballots Cast,1
Mason,Sherman Township Precinct 1,"Sherman Township, Precinct 1 Delegate to County Convention",,REP,Ben Norton,120
Mason,Sherman Township Precinct 1,"Sherman Township, Precinct 1 Delegate to County Convention",,REP,Nicole Norton,114
Mason,Sherman Township Precinct 1,"Sherman Township, Precinct 1 Delegate to County Convention",,REP,Ballots Cast,234
Mason,Hamlin Township Precinct 1,"Hamlin Township, Precinct 1 Delegate to County Convention",,REP,Brian R. Ford,171
Mason,Hamlin Township Precinct 1,"Hamlin Township, Precinct 1 Delegate to County Convention",,REP,Sheila Genter,177
Mason,Hamlin Township Precinct 1,"Hamlin Township, Precinct 1 Delegate to County Convention",,REP,Diane Hawley,158
Mason,Hamlin Township Precinct 1,"Hamlin Township, Precinct 1 Delegate to County Convention",,REP,Cynthia H. Johnson,160
Mason,Hamlin Township Precinct 1,"Hamlin Township, Precinct 1 Delegate to County Convention",,REP,Thomas R. Johnson,159
Mason,Hamlin Township Precinct 1,"Hamlin Township, Precinct 1 Delegate to County Convention",,REP,Write-In,1
Mason,Hamlin Township Precinct 1,"Hamlin Township, Precinct 1 Delegate to County Convention",,REP,Ballots Cast,826
Mason,Hamlin Township Precinct 2,"Hamlin Township, Precinct 2 Delegate to County Convention",,REP,Daniel Fulton,246
Mason,Hamlin Township Precinct 2,"Hamlin Township, Precinct 2 Delegate to County Convention",,REP,Eric Juers,194
Mason,Hamlin Township Precinct 2,"Hamlin Township, Precinct 2 Delegate to County Convention",,REP,Tim Muldoon,203
Mason,Hamlin Township Precinct 2,"Hamlin Township, Precinct 2 Delegate to County Convention",,REP,Cindy Muzzo,225
Mason,Hamlin Township Precinct 2,"Hamlin Township, Precinct 2 Delegate to County Convention",,REP,Tina Shirshun,191
Mason,Hamlin Township Precinct 2,"Hamlin Township, Precinct 2 Delegate to County Convention",,REP,Write-In,5
Mason,Hamlin Township Precinct 2,"Hamlin Township, Precinct 2 Delegate to County Convention",,REP,Ballots Cast,1064
Mason,Sheridan Township Precinct 1,"Sheridan Township, Precinct 1 Delegate to County Convention",,REP,William J. Chye,139
Mason,Sheridan Township Precinct 1,"Sheridan Township, Precinct 1 Delegate to County Convention",,REP,Shaun Shoemate,97
Mason,Sheridan Township Precinct 1,"Sheridan Township, Precinct 1 Delegate to County Convention",,REP,Write-In,5
Mason,Sheridan Township Precinct 1,"Sheridan Township, Precinct 1 Delegate to County Convention",,REP,Ballots Cast,241
Mason,City of Ludington Precinct 1,"City of Ludington, Precinct 1 Delegate to County Convention",,REP,John A. Beckett,167
Mason,City of Ludington Precinct 1,"City of Ludington, Precinct 1 Delegate to County Convention",,REP,Kirk D. Chavalia,167
Mason,City of Ludington Precinct 1,"City of Ludington, Precinct 1 Delegate to County Convention",,REP,Verna Chavalia,159
Mason,City of Ludington Precinct 1,"City of Ludington, Precinct 1 Delegate to County Convention",,REP,Write-In,6
Mason,City of Ludington Precinct 1,"City of Ludington, Precinct 1 Delegate to County Convention",,REP,Ballots Cast,499
Mason,City of Ludington Precinct 2,"City of Ludington, Precinct 2 Delegate to County Convention",,REP,Daniel W. Jensen,171
Mason,City of Ludington Precinct 2,"City of Ludington, Precinct 2 Delegate to County Convention",,REP,Write-In,2
Mason,City of Ludington Precinct 2,"City of Ludington, Precinct 2 Delegate to County Convention",,REP,Ballots Cast,173
Mason,City of Ludington Precinct 3,"City of Ludington, Precinct 3 Delegate to County Convention",,REP,Lyla Mcclelland,159
Mason,City of Ludington Precinct 3,"City of Ludington, Precinct 3 Delegate to County Convention",,REP,Write-In,6
Mason,City of Ludington Precinct 3,"City of Ludington, Precinct 3 Delegate to County Convention",,REP,Ballots Cast,165
Mason,City of Ludington Precinct 4,"City of Ludington, Precinct 4 Delegate to County Convention",,REP,Write-In,16
Mason,City of Ludington Precinct 4,"City of Ludington, Precinct 4 Delegate to County Convention",,REP,Ballots Cast,16
Mason,City of Ludington Precinct 5,"City of Ludington, Precinct 5 Delegate to County Convention",,REP,Mike Shaw,145
Mason,City of Ludington Precinct 5,"City of Ludington, Precinct 5 Delegate to County Convention",,REP,Write-In,3
Mason,City of Ludington Precinct 5,"City of Ludington, Precinct 5 Delegate to County Convention",,REP,Ballots Cast,148
Mason,City of Ludington Precinct 6,"City of Ludington, Precinct 6 Delegate to County Convention",,REP,Jason Kirkpatrick,107
Mason,City of Ludington Precinct 6,"City of Ludington, Precinct 6 Delegate to County Convention",,REP,Write-In,9
Mason,City of Ludington Precinct 6,"City of Ludington, Precinct 6 Delegate to County Convention",,REP,Ballots Cast,116
Mason,Grant Township Precinct 1,Road Improvement Millage Renewal Grant Township,,,Yes,130
Mason,Grant Township Precinct 1,Road Improvement Millage Renewal Grant Township,,,No,69
Mason,Grant Township Precinct 1,Road Improvement Millage Renewal Grant Township,,,Ballots Cast,199
Mason,Logan Township Precinct 1,Fire Millage Renewal Logan Township,,,Yes,76
Mason,Logan Township Precinct 1,Fire Millage Renewal Logan Township,,,No,17
Mason,Logan Township Precinct 1,Fire Millage Renewal Logan Township,,,Ballots Cast,93
Mason,Sheridan Township Precinct 1,Sheridan Township Road Millage Sheridan Township,,,Yes,179
Mason,Sheridan Township Precinct 1,Sheridan Township Road Millage Sheridan Township,,,No,95
Mason,Sheridan Township Precinct 1,Sheridan Township Road Millage Sheridan Township,,,Ballots Cast,274
Mason,Sherman Township Precinct 1,Sherman Township Renewal Sherman Township,,,Yes,125
Mason,Sherman Township Precinct 1,Sherman Township Renewal Sherman Township,,,No,74
Mason,Sherman Township Precinct 1,Sherman Township Renewal Sherman Township,,,Ballots Cast,199
