county,office,district,candidate,party,votes
Alcona,President,,Amy Klobuchar,DEM,4
Alcona,President,,Andrew Yang,DEM,0
Alcona,President,,Bernie Sanders,DEM,307
Alcona,President,,Bill Weld,REP,5
Alcona,President,,Cory Booker,DEM,1
Alcona,President,,Donald J. Trump,REP,1166
Alcona,President,,Elizabeth Warren,DEM,16
Alcona,President,,Joe Biden,DEM,742
Alcona,President,,Joe Sestak,DEM,0
Alcona,President,,Joe Walsh,REP,7
Alcona,President,,John Delaney,DEM,3
Alcona,President,,Julian Castro,DEM,0
Alcona,President,,Marianne Williamson,DEM,1
Alcona,President,,Mark Sanford,REP,3
Alcona,President,,Michael Bennet,DEM,1
Alcona,President,,Michael R. Bloomberg,DEM,61
Alcona,President,,Pete Buttigieg,DEM,6
Alcona,President,,Tom Steyer,DEM,3
Alcona,President,,Tulsi Gabbard,DEM,12
Alcona,President,,Uncommitted,DEM,15
Alcona,President,,Uncommitted,REP,29
Alger,President,,Amy Klobuchar,DEM,10
Alger,President,,Andrew Yang,DEM,1
Alger,President,,Bernie Sanders,DEM,451
Alger,President,,Bill Weld,REP,2
Alger,President,,Cory Booker,DEM,0
Alger,President,,Donald J. Trump,REP,717
Alger,President,,Elizabeth Warren,DEM,21
Alger,President,,Joe Biden,DEM,769
Alger,President,,Joe Sestak,DEM,1
Alger,President,,Joe Walsh,REP,4
Alger,President,,John Delaney,DEM,1
Alger,President,,Julian Castro,DEM,0
Alger,President,,Marianne Williamson,DEM,0
Alger,President,,Mark Sanford,REP,2
Alger,President,,Michael Bennet,DEM,2
Alger,President,,Michael R. Bloomberg,DEM,29
Alger,President,,Pete Buttigieg,DEM,12
Alger,President,,Tom Steyer,DEM,1
Alger,President,,Tulsi Gabbard,DEM,18
Alger,President,,Uncommitted,DEM,12
Alger,President,,Uncommitted,REP,21
Allegan,President,,Amy Klobuchar,DEM,111
Allegan,President,,Andrew Yang,DEM,13
Allegan,President,,Bernie Sanders,DEM,4839
Allegan,President,,Bill Weld,REP,99
Allegan,President,,Cory Booker,DEM,4
Allegan,President,,Donald J. Trump,REP,9136
Allegan,President,,Elizabeth Warren,DEM,195
Allegan,President,,Joe Biden,DEM,7572
Allegan,President,,Joe Sestak,DEM,3
Allegan,President,,Joe Walsh,REP,63
Allegan,President,,John Delaney,DEM,6
Allegan,President,,Julian Castro,DEM,4
Allegan,President,,Marianne Williamson,DEM,5
Allegan,President,,Mark Sanford,REP,77
Allegan,President,,Michael Bennet,DEM,9
Allegan,President,,Michael R. Bloomberg,DEM,520
Allegan,President,,Pete Buttigieg,DEM,259
Allegan,President,,Tom Steyer,DEM,19
Allegan,President,,Tulsi Gabbard,DEM,109
Allegan,President,,Uncommitted,DEM,130
Allegan,President,,Uncommitted,REP,387
Alpena,President,,Amy Klobuchar,DEM,59
Alpena,President,,Andrew Yang,DEM,2
Alpena,President,,Bernie Sanders,DEM,1185
Alpena,President,,Bill Weld,REP,8
Alpena,President,,Cory Booker,DEM,2
Alpena,President,,Donald J. Trump,REP,3753
Alpena,President,,Elizabeth Warren,DEM,81
Alpena,President,,Joe Biden,DEM,2370
Alpena,President,,Joe Sestak,DEM,3
Alpena,President,,Joe Walsh,REP,21
Alpena,President,,John Delaney,DEM,2
Alpena,President,,Julian Castro,DEM,2
Alpena,President,,Marianne Williamson,DEM,3
Alpena,President,,Mark Sanford,REP,12
Alpena,President,,Michael Bennet,DEM,6
Alpena,President,,Michael R. Bloomberg,DEM,214
Alpena,President,,Pete Buttigieg,DEM,65
Alpena,President,,Tom Steyer,DEM,7
Alpena,President,,Tulsi Gabbard,DEM,27
Alpena,President,,Uncommitted,DEM,86
Alpena,President,,Uncommitted,REP,144
Antrim,President,,Amy Klobuchar,DEM,27
Antrim,President,,Andrew Yang,DEM,8
Antrim,President,,Bernie Sanders,DEM,1219
Antrim,President,,Bill Weld,REP,14
Antrim,President,,Cory Booker,DEM,0
Antrim,President,,Donald J. Trump,REP,2314
Antrim,President,,Elizabeth Warren,DEM,70
Antrim,President,,Joe Biden,DEM,1871
Antrim,President,,Joe Sestak,DEM,1
Antrim,President,,Joe Walsh,REP,14
Antrim,President,,John Delaney,DEM,1
Antrim,President,,Julian Castro,DEM,1
Antrim,President,,Marianne Williamson,DEM,2
Antrim,President,,Mark Sanford,REP,19
Antrim,President,,Michael Bennet,DEM,3
Antrim,President,,Michael R. Bloomberg,DEM,173
Antrim,President,,Pete Buttigieg,DEM,51
Antrim,President,,Tom Steyer,DEM,4
Antrim,President,,Tulsi Gabbard,DEM,15
Antrim,President,,Uncommitted,DEM,25
Antrim,President,,Uncommitted,REP,60
Arenac,President,,Amy Klobuchar,DEM,10
Arenac,President,,Andrew Yang,DEM,1
Arenac,President,,Bernie Sanders,DEM,468
Arenac,President,,Bill Weld,REP,4
Arenac,President,,Cory Booker,DEM,0
Arenac,President,,Donald J. Trump,REP,1187
Arenac,President,,Elizabeth Warren,DEM,15
Arenac,President,,Joe Biden,DEM,1017
Arenac,President,,Joe Sestak,DEM,1
Arenac,President,,Joe Walsh,REP,3
Arenac,President,,John Delaney,DEM,0
Arenac,President,,Julian Castro,DEM,0
Arenac,President,,Marianne Williamson,DEM,1
Arenac,President,,Mark Sanford,REP,2
Arenac,President,,Michael Bennet,DEM,1
Arenac,President,,Michael R. Bloomberg,DEM,26
Arenac,President,,Pete Buttigieg,DEM,8
Arenac,President,,Tom Steyer,DEM,2
Arenac,President,,Tulsi Gabbard,DEM,11
Arenac,President,,Uncommitted,DEM,17
Arenac,President,,Uncommitted,REP,25
Baraga,President,,Amy Klobuchar,DEM,12
Baraga,President,,Andrew Yang,DEM,2
Baraga,President,,Bernie Sanders,DEM,280
Baraga,President,,Bill Weld,REP,2
Baraga,President,,Cory Booker,DEM,0
Baraga,President,,Donald J. Trump,REP,650
Baraga,President,,Elizabeth Warren,DEM,10
Baraga,President,,Joe Biden,DEM,441
Baraga,President,,Joe Sestak,DEM,0
Baraga,President,,Joe Walsh,REP,2
Baraga,President,,John Delaney,DEM,0
Baraga,President,,Julian Castro,DEM,0
Baraga,President,,Marianne Williamson,DEM,0
Baraga,President,,Mark Sanford,REP,3
Baraga,President,,Michael Bennet,DEM,2
Baraga,President,,Michael R. Bloomberg,DEM,12
Baraga,President,,Pete Buttigieg,DEM,9
Baraga,President,,Tom Steyer,DEM,1
Baraga,President,,Tulsi Gabbard,DEM,11
Baraga,President,,Uncommitted,DEM,18
Baraga,President,,Uncommitted,REP,16
Barry,President,,Amy Klobuchar,DEM,57
Barry,President,,Andrew Yang,DEM,8
Barry,President,,Bernie Sanders,DEM,2324
Barry,President,,Bill Weld,REP,47
Barry,President,,Cory Booker,DEM,6
Barry,President,,Donald J. Trump,REP,4901
Barry,President,,Elizabeth Warren,DEM,98
Barry,President,,Joe Biden,DEM,3417
Barry,President,,Joe Sestak,DEM,4
Barry,President,,Joe Walsh,REP,25
Barry,President,,John Delaney,DEM,1
Barry,President,,Julian Castro,DEM,0
Barry,President,,Marianne Williamson,DEM,2
Barry,President,,Mark Sanford,REP,34
Barry,President,,Michael Bennet,DEM,6
Barry,President,,Michael R. Bloomberg,DEM,351
Barry,President,,Pete Buttigieg,DEM,84
Barry,President,,Tom Steyer,DEM,13
Barry,President,,Tulsi Gabbard,DEM,50
Barry,President,,Uncommitted,DEM,99
Barry,President,,Uncommitted,REP,218
Bay,President,,Amy Klobuchar,DEM,140
Bay,President,,Andrew Yang,DEM,21
Bay,President,,Bernie Sanders,DEM,5047
Bay,President,,Bill Weld,REP,40
Bay,President,,Cory Booker,DEM,7
Bay,President,,Donald J. Trump,REP,6711
Bay,President,,Elizabeth Warren,DEM,218
Bay,President,,Joe Biden,DEM,7994
Bay,President,,Joe Sestak,DEM,11
Bay,President,,Joe Walsh,REP,35
Bay,President,,John Delaney,DEM,5
Bay,President,,Julian Castro,DEM,2
Bay,President,,Marianne Williamson,DEM,3
Bay,President,,Mark Sanford,REP,43
Bay,President,,Michael Bennet,DEM,22
Bay,President,,Michael R. Bloomberg,DEM,1014
Bay,President,,Pete Buttigieg,DEM,347
Bay,President,,Tom Steyer,DEM,34
Bay,President,,Tulsi Gabbard,DEM,106
Bay,President,,Uncommitted,DEM,352
Bay,President,,Uncommitted,REP,265
Benzie,President,,Amy Klobuchar,DEM,46
Benzie,President,,Andrew Yang,DEM,3
Benzie,President,,Bernie Sanders,DEM,1218
Benzie,President,,Bill Weld,REP,13
Benzie,President,,Cory Booker,DEM,2
Benzie,President,,Donald J. Trump,REP,1841
Benzie,President,,Elizabeth Warren,DEM,89
Benzie,President,,Joe Biden,DEM,1716
Benzie,President,,Joe Sestak,DEM,0
Benzie,President,,Joe Walsh,REP,12
Benzie,President,,John Delaney,DEM,2
Benzie,President,,Julian Castro,DEM,0
Benzie,President,,Marianne Williamson,DEM,3
Benzie,President,,Mark Sanford,REP,11
Benzie,President,,Michael Bennet,DEM,3
Benzie,President,,Michael R. Bloomberg,DEM,179
Benzie,President,,Pete Buttigieg,DEM,63
Benzie,President,,Tom Steyer,DEM,3
Benzie,President,,Tulsi Gabbard,DEM,31
Benzie,President,,Uncommitted,DEM,62
Benzie,President,,Uncommitted,REP,102
Berrien,President,,Amy Klobuchar,DEM,131
Berrien,President,,Andrew Yang,DEM,19
Berrien,President,,Bernie Sanders,DEM,5705
Berrien,President,,Bill Weld,REP,104
Berrien,President,,Cory Booker,DEM,11
Berrien,President,,Donald J. Trump,REP,10533
Berrien,President,,Elizabeth Warren,DEM,237
Berrien,President,,Joe Biden,DEM,11150
Berrien,President,,Joe Sestak,DEM,16
Berrien,President,,Joe Walsh,REP,68
Berrien,President,,John Delaney,DEM,7
Berrien,President,,Julian Castro,DEM,5
Berrien,President,,Marianne Williamson,DEM,13
Berrien,President,,Mark Sanford,REP,81
Berrien,President,,Michael Bennet,DEM,9
Berrien,President,,Michael R. Bloomberg,DEM,483
Berrien,President,,Pete Buttigieg,DEM,913
Berrien,President,,Tom Steyer,DEM,17
Berrien,President,,Tulsi Gabbard,DEM,124
Berrien,President,,Uncommitted,DEM,205
Berrien,President,,Uncommitted,REP,536
Branch,President,,Amy Klobuchar,DEM,19
Branch,President,,Andrew Yang,DEM,3
Branch,President,,Bernie Sanders,DEM,981
Branch,President,,Bill Weld,REP,23
Branch,President,,Cory Booker,DEM,0
Branch,President,,Donald J. Trump,REP,2897
Branch,President,,Elizabeth Warren,DEM,60
Branch,President,,Joe Biden,DEM,1706
Branch,President,,Joe Sestak,DEM,3
Branch,President,,Joe Walsh,REP,25
Branch,President,,John Delaney,DEM,2
Branch,President,,Julian Castro,DEM,0
Branch,President,,Marianne Williamson,DEM,2
Branch,President,,Mark Sanford,REP,14
Branch,President,,Michael Bennet,DEM,3
Branch,President,,Michael R. Bloomberg,DEM,140
Branch,President,,Pete Buttigieg,DEM,57
Branch,President,,Tom Steyer,DEM,2
Branch,President,,Tulsi Gabbard,DEM,23
Branch,President,,Uncommitted,DEM,54
Branch,President,,Uncommitted,REP,83
Calhoun,President,,Amy Klobuchar,DEM,88
Calhoun,President,,Andrew Yang,DEM,18
Calhoun,President,,Bernie Sanders,DEM,4942
Calhoun,President,,Bill Weld,REP,59
Calhoun,President,,Cory Booker,DEM,7
Calhoun,President,,Donald J. Trump,REP,7099
Calhoun,President,,Elizabeth Warren,DEM,245
Calhoun,President,,Joe Biden,DEM,7546
Calhoun,President,,Joe Sestak,DEM,8
Calhoun,President,,Joe Walsh,REP,47
Calhoun,President,,John Delaney,DEM,3
Calhoun,President,,Julian Castro,DEM,2
Calhoun,President,,Marianne Williamson,DEM,3
Calhoun,President,,Mark Sanford,REP,58
Calhoun,President,,Michael Bennet,DEM,19
Calhoun,President,,Michael R. Bloomberg,DEM,618
Calhoun,President,,Pete Buttigieg,DEM,233
Calhoun,President,,Tom Steyer,DEM,18
Calhoun,President,,Tulsi Gabbard,DEM,74
Calhoun,President,,Uncommitted,DEM,196
Calhoun,President,,Uncommitted,REP,286
Cass,President,,Amy Klobuchar,DEM,29
Cass,President,,Andrew Yang,DEM,2
Cass,President,,Bernie Sanders,DEM,1264
Cass,President,,Bill Weld,REP,17
Cass,President,,Cory Booker,DEM,2
Cass,President,,Donald J. Trump,REP,3064
Cass,President,,Elizabeth Warren,DEM,39
Cass,President,,Joe Biden,DEM,2907
Cass,President,,Joe Sestak,DEM,2
Cass,President,,Joe Walsh,REP,15
Cass,President,,John Delaney,DEM,1
Cass,President,,Julian Castro,DEM,1
Cass,President,,Marianne Williamson,DEM,0
Cass,President,,Mark Sanford,REP,11
Cass,President,,Michael Bennet,DEM,11
Cass,President,,Michael R. Bloomberg,DEM,77
Cass,President,,Pete Buttigieg,DEM,183
Cass,President,,Tom Steyer,DEM,8
Cass,President,,Tulsi Gabbard,DEM,18
Cass,President,,Uncommitted,DEM,36
Cass,President,,Uncommitted,REP,93
Charlevoix,President,,Amy Klobuchar,DEM,59
Charlevoix,President,,Andrew Yang,DEM,6
Charlevoix,President,,Bernie Sanders,DEM,1344
Charlevoix,President,,Bill Weld,REP,15
Charlevoix,President,,Cory Booker,DEM,2
Charlevoix,President,,Donald J. Trump,REP,2261
Charlevoix,President,,Elizabeth Warren,DEM,70
Charlevoix,President,,Joe Biden,DEM,2120
Charlevoix,President,,Joe Sestak,DEM,0
Charlevoix,President,,Joe Walsh,REP,10
Charlevoix,President,,John Delaney,DEM,1
Charlevoix,President,,Julian Castro,DEM,1
Charlevoix,President,,Marianne Williamson,DEM,0
Charlevoix,President,,Mark Sanford,REP,17
Charlevoix,President,,Michael Bennet,DEM,2
Charlevoix,President,,Michael R. Bloomberg,DEM,211
Charlevoix,President,,Pete Buttigieg,DEM,70
Charlevoix,President,,Tom Steyer,DEM,6
Charlevoix,President,,Tulsi Gabbard,DEM,20
Charlevoix,President,,Uncommitted,DEM,38
Charlevoix,President,,Uncommitted,REP,74
Cheboygan,President,,Amy Klobuchar,DEM,22
Cheboygan,President,,Andrew Yang,DEM,2
Cheboygan,President,,Bernie Sanders,DEM,880
Cheboygan,President,,Bill Weld,REP,18
Cheboygan,President,,Cory Booker,DEM,0
Cheboygan,President,,Donald J. Trump,REP,2260
Cheboygan,President,,Elizabeth Warren,DEM,55
Cheboygan,President,,Joe Biden,DEM,1710
Cheboygan,President,,Joe Sestak,DEM,1
Cheboygan,President,,Joe Walsh,REP,12
Cheboygan,President,,John Delaney,DEM,1
Cheboygan,President,,Julian Castro,DEM,0
Cheboygan,President,,Marianne Williamson,DEM,0
Cheboygan,President,,Mark Sanford,REP,15
Cheboygan,President,,Michael Bennet,DEM,3
Cheboygan,President,,Michael R. Bloomberg,DEM,160
Cheboygan,President,,Pete Buttigieg,DEM,48
Cheboygan,President,,Tom Steyer,DEM,5
Cheboygan,President,,Tulsi Gabbard,DEM,18
Cheboygan,President,,Uncommitted,DEM,31
Cheboygan,President,,Uncommitted,REP,68
Chippewa,President,,Amy Klobuchar,DEM,31
Chippewa,President,,Andrew Yang,DEM,6
Chippewa,President,,Bernie Sanders,DEM,1328
Chippewa,President,,Bill Weld,REP,15
Chippewa,President,,Cory Booker,DEM,1
Chippewa,President,,Donald J. Trump,REP,2299
Chippewa,President,,Elizabeth Warren,DEM,69
Chippewa,President,,Joe Biden,DEM,1817
Chippewa,President,,Joe Sestak,DEM,1
Chippewa,President,,Joe Walsh,REP,8
Chippewa,President,,John Delaney,DEM,2
Chippewa,President,,Julian Castro,DEM,1
Chippewa,President,,Marianne Williamson,DEM,0
Chippewa,President,,Mark Sanford,REP,16
Chippewa,President,,Michael Bennet,DEM,0
Chippewa,President,,Michael R. Bloomberg,DEM,138
Chippewa,President,,Pete Buttigieg,DEM,57
Chippewa,President,,Tom Steyer,DEM,7
Chippewa,President,,Tulsi Gabbard,DEM,35
Chippewa,President,,Uncommitted,DEM,44
Chippewa,President,,Uncommitted,REP,55
Clare,President,,Amy Klobuchar,DEM,31
Clare,President,,Andrew Yang,DEM,2
Clare,President,,Bernie Sanders,DEM,951
Clare,President,,Bill Weld,REP,9
Clare,President,,Cory Booker,DEM,1
Clare,President,,Donald J. Trump,REP,2805
Clare,President,,Elizabeth Warren,DEM,37
Clare,President,,Joe Biden,DEM,1568
Clare,President,,Joe Sestak,DEM,8
Clare,President,,Joe Walsh,REP,12
Clare,President,,John Delaney,DEM,0
Clare,President,,Julian Castro,DEM,0
Clare,President,,Marianne Williamson,DEM,3
Clare,President,,Mark Sanford,REP,10
Clare,President,,Michael Bennet,DEM,1
Clare,President,,Michael R. Bloomberg,DEM,161
Clare,President,,Pete Buttigieg,DEM,41
Clare,President,,Tom Steyer,DEM,4
Clare,President,,Tulsi Gabbard,DEM,22
Clare,President,,Uncommitted,DEM,60
Clare,President,,Uncommitted,REP,88
Clinton,President,,Amy Klobuchar,DEM,99
Clinton,President,,Andrew Yang,DEM,12
Clinton,President,,Bernie Sanders,DEM,3956
Clinton,President,,Bill Weld,REP,63
Clinton,President,,Cory Booker,DEM,3
Clinton,President,,Donald J. Trump,REP,5620
Clinton,President,,Elizabeth Warren,DEM,202
Clinton,President,,Joe Biden,DEM,6719
Clinton,President,,Joe Sestak,DEM,4
Clinton,President,,Joe Walsh,REP,56
Clinton,President,,John Delaney,DEM,4
Clinton,President,,Julian Castro,DEM,1
Clinton,President,,Marianne Williamson,DEM,5
Clinton,President,,Mark Sanford,REP,64
Clinton,President,,Michael Bennet,DEM,10
Clinton,President,,Michael R. Bloomberg,DEM,585
Clinton,President,,Pete Buttigieg,DEM,171
Clinton,President,,Tom Steyer,DEM,11
Clinton,President,,Tulsi Gabbard,DEM,76
Clinton,President,,Uncommitted,DEM,143
Clinton,President,,Uncommitted,REP,314
Crawford,President,,Amy Klobuchar,DEM,20
Crawford,President,,Andrew Yang,DEM,1
Crawford,President,,Bernie Sanders,DEM,494
Crawford,President,,Bill Weld,REP,10
Crawford,President,,Cory Booker,DEM,0
Crawford,President,,Donald J. Trump,REP,1515
Crawford,President,,Elizabeth Warren,DEM,23
Crawford,President,,Joe Biden,DEM,891
Crawford,President,,Joe Sestak,DEM,1
Crawford,President,,Joe Walsh,REP,3
Crawford,President,,John Delaney,DEM,2
Crawford,President,,Julian Castro,DEM,1
Crawford,President,,Marianne Williamson,DEM,1
Crawford,President,,Mark Sanford,REP,5
Crawford,President,,Michael Bennet,DEM,3
Crawford,President,,Michael R. Bloomberg,DEM,79
Crawford,President,,Pete Buttigieg,DEM,36
Crawford,President,,Tom Steyer,DEM,1
Crawford,President,,Tulsi Gabbard,DEM,15
Crawford,President,,Uncommitted,DEM,27
Crawford,President,,Uncommitted,REP,54
Delta,President,,Amy Klobuchar,DEM,39
Delta,President,,Andrew Yang,DEM,8
Delta,President,,Bernie Sanders,DEM,1302
Delta,President,,Bill Weld,REP,16
Delta,President,,Cory Booker,DEM,3
Delta,President,,Donald J. Trump,REP,2447
Delta,President,,Elizabeth Warren,DEM,58
Delta,President,,Joe Biden,DEM,2317
Delta,President,,Joe Sestak,DEM,1
Delta,President,,Joe Walsh,REP,15
Delta,President,,John Delaney,DEM,1
Delta,President,,Julian Castro,DEM,0
Delta,President,,Marianne Williamson,DEM,3
Delta,President,,Mark Sanford,REP,8
Delta,President,,Michael Bennet,DEM,5
Delta,President,,Michael R. Bloomberg,DEM,156
Delta,President,,Pete Buttigieg,DEM,90
Delta,President,,Tom Steyer,DEM,7
Delta,President,,Tulsi Gabbard,DEM,33
Delta,President,,Uncommitted,DEM,114
Delta,President,,Uncommitted,REP,50
Dickinson,President,,Amy Klobuchar,DEM,28
Dickinson,President,,Andrew Yang,DEM,1
Dickinson,President,,Bernie Sanders,DEM,871
Dickinson,President,,Bill Weld,REP,11
Dickinson,President,,Cory Booker,DEM,1
Dickinson,President,,Donald J. Trump,REP,2314
Dickinson,President,,Elizabeth Warren,DEM,30
Dickinson,President,,Joe Biden,DEM,1518
Dickinson,President,,Joe Sestak,DEM,1
Dickinson,President,,Joe Walsh,REP,6
Dickinson,President,,John Delaney,DEM,0
Dickinson,President,,Julian Castro,DEM,0
Dickinson,President,,Marianne Williamson,DEM,0
Dickinson,President,,Mark Sanford,REP,10
Dickinson,President,,Michael Bennet,DEM,2
Dickinson,President,,Michael R. Bloomberg,DEM,93
Dickinson,President,,Pete Buttigieg,DEM,47
Dickinson,President,,Tom Steyer,DEM,5
Dickinson,President,,Tulsi Gabbard,DEM,28
Dickinson,President,,Uncommitted,DEM,60
Dickinson,President,,Uncommitted,REP,66
Eaton,President,,Amy Klobuchar,DEM,200
Eaton,President,,Andrew Yang,DEM,36
Eaton,President,,Bernie Sanders,DEM,6088
Eaton,President,,Bill Weld,REP,120
Eaton,President,,Cory Booker,DEM,11
Eaton,President,,Donald J. Trump,REP,7795
Eaton,President,,Elizabeth Warren,DEM,363
Eaton,President,,Joe Biden,DEM,9244
Eaton,President,,Joe Sestak,DEM,4
Eaton,President,,Joe Walsh,REP,49
Eaton,President,,John Delaney,DEM,4
Eaton,President,,Julian Castro,DEM,4
Eaton,President,,Marianne Williamson,DEM,6
Eaton,President,,Mark Sanford,REP,76
Eaton,President,,Michael Bennet,DEM,13
Eaton,President,,Michael R. Bloomberg,DEM,1206
Eaton,President,,Pete Buttigieg,DEM,325
Eaton,President,,Tom Steyer,DEM,31
Eaton,President,,Tulsi Gabbard,DEM,113
Eaton,President,,Uncommitted,DEM,235
Eaton,President,,Uncommitted,REP,428
Emmet,President,,Amy Klobuchar,DEM,65
Emmet,President,,Andrew Yang,DEM,9
Emmet,President,,Bernie Sanders,DEM,2099
Emmet,President,,Bill Weld,REP,35
Emmet,President,,Cory Booker,DEM,1
Emmet,President,,Donald J. Trump,REP,3201
Emmet,President,,Elizabeth Warren,DEM,122
Emmet,President,,Joe Biden,DEM,2943
Emmet,President,,Joe Sestak,DEM,0
Emmet,President,,Joe Walsh,REP,14
Emmet,President,,John Delaney,DEM,0
Emmet,President,,Julian Castro,DEM,0
Emmet,President,,Marianne Williamson,DEM,6
Emmet,President,,Mark Sanford,REP,22
Emmet,President,,Michael Bennet,DEM,10
Emmet,President,,Michael R. Bloomberg,DEM,247
Emmet,President,,Pete Buttigieg,DEM,111
Emmet,President,,Tom Steyer,DEM,4
Emmet,President,,Tulsi Gabbard,DEM,42
Emmet,President,,Uncommitted,DEM,56
Emmet,President,,Uncommitted,REP,152
Genesee,President,,Amy Klobuchar,DEM,372
Genesee,President,,Andrew Yang,DEM,69
Genesee,President,,Bernie Sanders,DEM,20798
Genesee,President,,Bill Weld,REP,162
Genesee,President,,Cory Booker,DEM,27
Genesee,President,,Donald J. Trump,REP,20717
Genesee,President,,Elizabeth Warren,DEM,691
Genesee,President,,Joe Biden,DEM,37575
Genesee,President,,Joe Sestak,DEM,36
Genesee,President,,Joe Walsh,REP,143
Genesee,President,,John Delaney,DEM,26
Genesee,President,,Julian Castro,DEM,8
Genesee,President,,Marianne Williamson,DEM,24
Genesee,President,,Mark Sanford,REP,148
Genesee,President,,Michael Bennet,DEM,67
Genesee,President,,Michael R. Bloomberg,DEM,2585
Genesee,President,,Pete Buttigieg,DEM,633
Genesee,President,,Tom Steyer,DEM,82
Genesee,President,,Tulsi Gabbard,DEM,320
Genesee,President,,Uncommitted,DEM,844
Genesee,President,,Uncommitted,REP,745
Gladwin,President,,Amy Klobuchar,DEM,21
Gladwin,President,,Andrew Yang,DEM,11
Gladwin,President,,Bernie Sanders,DEM,659
Gladwin,President,,Bill Weld,REP,3
Gladwin,President,,Cory Booker,DEM,2
Gladwin,President,,Donald J. Trump,REP,2273
Gladwin,President,,Elizabeth Warren,DEM,35
Gladwin,President,,Joe Biden,DEM,1491
Gladwin,President,,Joe Sestak,DEM,0
Gladwin,President,,Joe Walsh,REP,12
Gladwin,President,,John Delaney,DEM,1
Gladwin,President,,Julian Castro,DEM,1
Gladwin,President,,Marianne Williamson,DEM,1
Gladwin,President,,Mark Sanford,REP,8
Gladwin,President,,Michael Bennet,DEM,2
Gladwin,President,,Michael R. Bloomberg,DEM,170
Gladwin,President,,Pete Buttigieg,DEM,36
Gladwin,President,,Tom Steyer,DEM,3
Gladwin,President,,Tulsi Gabbard,DEM,16
Gladwin,President,,Uncommitted,DEM,46
Gladwin,President,,Uncommitted,REP,49
Gogebic,President,,Amy Klobuchar,DEM,25
Gogebic,President,,Andrew Yang,DEM,3
Gogebic,President,,Bernie Sanders,DEM,626
Gogebic,President,,Bill Weld,REP,3
Gogebic,President,,Cory Booker,DEM,1
Gogebic,President,,Donald J. Trump,REP,914
Gogebic,President,,Elizabeth Warren,DEM,22
Gogebic,President,,Joe Biden,DEM,1256
Gogebic,President,,Joe Sestak,DEM,3
Gogebic,President,,Joe Walsh,REP,5
Gogebic,President,,John Delaney,DEM,0
Gogebic,President,,Julian Castro,DEM,0
Gogebic,President,,Marianne Williamson,DEM,0
Gogebic,President,,Mark Sanford,REP,6
Gogebic,President,,Michael Bennet,DEM,2
Gogebic,President,,Michael R. Bloomberg,DEM,71
Gogebic,President,,Pete Buttigieg,DEM,11
Gogebic,President,,Tom Steyer,DEM,2
Gogebic,President,,Tulsi Gabbard,DEM,12
Gogebic,President,,Uncommitted,DEM,22
Gogebic,President,,Uncommitted,REP,24
Grand Traverse,President,,Amy Klobuchar,DEM,220
Grand Traverse,President,,Andrew Yang,DEM,24
Grand Traverse,President,,Bernie Sanders,DEM,6788
Grand Traverse,President,,Bill Weld,REP,110
Grand Traverse,President,,Cory Booker,DEM,4
Grand Traverse,President,,Donald J. Trump,REP,7944
Grand Traverse,President,,Elizabeth Warren,DEM,384
Grand Traverse,President,,Joe Biden,DEM,8441
Grand Traverse,President,,Joe Sestak,DEM,4
Grand Traverse,President,,Joe Walsh,REP,57
Grand Traverse,President,,John Delaney,DEM,4
Grand Traverse,President,,Julian Castro,DEM,4
Grand Traverse,President,,Marianne Williamson,DEM,9
Grand Traverse,President,,Mark Sanford,REP,61
Grand Traverse,President,,Michael Bennet,DEM,7
Grand Traverse,President,,Michael R. Bloomberg,DEM,915
Grand Traverse,President,,Pete Buttigieg,DEM,395
Grand Traverse,President,,Tom Steyer,DEM,21
Grand Traverse,President,,Tulsi Gabbard,DEM,117
Grand Traverse,President,,Uncommitted,DEM,150
Grand Traverse,President,,Uncommitted,REP,409
Gratiot,President,,Amy Klobuchar,DEM,26
Gratiot,President,,Andrew Yang,DEM,7
Gratiot,President,,Bernie Sanders,DEM,1250
Gratiot,President,,Bill Weld,REP,16
Gratiot,President,,Cory Booker,DEM,1
Gratiot,President,,Donald J. Trump,REP,2308
Gratiot,President,,Elizabeth Warren,DEM,53
Gratiot,President,,Joe Biden,DEM,2091
Gratiot,President,,Joe Sestak,DEM,4
Gratiot,President,,Joe Walsh,REP,21
Gratiot,President,,John Delaney,DEM,0
Gratiot,President,,Julian Castro,DEM,1
Gratiot,President,,Marianne Williamson,DEM,1
Gratiot,President,,Mark Sanford,REP,18
Gratiot,President,,Michael Bennet,DEM,3
Gratiot,President,,Michael R. Bloomberg,DEM,91
Gratiot,President,,Pete Buttigieg,DEM,45
Gratiot,President,,Tom Steyer,DEM,5
Gratiot,President,,Tulsi Gabbard,DEM,17
Gratiot,President,,Uncommitted,DEM,44
Gratiot,President,,Uncommitted,REP,75
Hillsdale,President,,Amy Klobuchar,DEM,30
Hillsdale,President,,Andrew Yang,DEM,2
Hillsdale,President,,Bernie Sanders,DEM,1082
Hillsdale,President,,Bill Weld,REP,19
Hillsdale,President,,Cory Booker,DEM,0
Hillsdale,President,,Donald J. Trump,REP,3871
Hillsdale,President,,Elizabeth Warren,DEM,45
Hillsdale,President,,Joe Biden,DEM,1775
Hillsdale,President,,Joe Sestak,DEM,2
Hillsdale,President,,Joe Walsh,REP,22
Hillsdale,President,,John Delaney,DEM,1
Hillsdale,President,,Julian Castro,DEM,3
Hillsdale,President,,Marianne Williamson,DEM,2
Hillsdale,President,,Mark Sanford,REP,17
Hillsdale,President,,Michael Bennet,DEM,3
Hillsdale,President,,Michael R. Bloomberg,DEM,155
Hillsdale,President,,Pete Buttigieg,DEM,50
Hillsdale,President,,Tom Steyer,DEM,6
Hillsdale,President,,Tulsi Gabbard,DEM,30
Hillsdale,President,,Uncommitted,DEM,42
Hillsdale,President,,Uncommitted,REP,142
Houghton,President,,Amy Klobuchar,DEM,49
Houghton,President,,Andrew Yang,DEM,8
Houghton,President,,Bernie Sanders,DEM,2005
Houghton,President,,Bill Weld,REP,15
Houghton,President,,Cory Booker,DEM,1
Houghton,President,,Donald J. Trump,REP,1837
Houghton,President,,Elizabeth Warren,DEM,89
Houghton,President,,Joe Biden,DEM,2171
Houghton,President,,Joe Sestak,DEM,2
Houghton,President,,Joe Walsh,REP,15
Houghton,President,,John Delaney,DEM,0
Houghton,President,,Julian Castro,DEM,0
Houghton,President,,Marianne Williamson,DEM,1
Houghton,President,,Mark Sanford,REP,8
Houghton,President,,Michael Bennet,DEM,3
Houghton,President,,Michael R. Bloomberg,DEM,76
Houghton,President,,Pete Buttigieg,DEM,39
Houghton,President,,Tom Steyer,DEM,1
Houghton,President,,Tulsi Gabbard,DEM,37
Houghton,President,,Uncommitted,DEM,49
Houghton,President,,Uncommitted,REP,62
Huron,President,,Amy Klobuchar,DEM,16
Huron,President,,Andrew Yang,DEM,4
Huron,President,,Bernie Sanders,DEM,878
Huron,President,,Bill Weld,REP,7
Huron,President,,Cory Booker,DEM,3
Huron,President,,Donald J. Trump,REP,2853
Huron,President,,Elizabeth Warren,DEM,37
Huron,President,,Joe Biden,DEM,1785
Huron,President,,Joe Sestak,DEM,2
Huron,President,,Joe Walsh,REP,16
Huron,President,,John Delaney,DEM,2
Huron,President,,Julian Castro,DEM,0
Huron,President,,Marianne Williamson,DEM,1
Huron,President,,Mark Sanford,REP,15
Huron,President,,Michael Bennet,DEM,3
Huron,President,,Michael R. Bloomberg,DEM,129
Huron,President,,Pete Buttigieg,DEM,41
Huron,President,,Tom Steyer,DEM,4
Huron,President,,Tulsi Gabbard,DEM,24
Huron,President,,Uncommitted,DEM,50
Huron,President,,Uncommitted,REP,106
Ingham,President,,Amy Klobuchar,DEM,490
Ingham,President,,Andrew Yang,DEM,104
Ingham,President,,Bernie Sanders,DEM,24703
Ingham,President,,Bill Weld,REP,235
Ingham,President,,Cory Booker,DEM,27
Ingham,President,,Donald J. Trump,REP,12849
Ingham,President,,Elizabeth Warren,DEM,1710
Ingham,President,,Joe Biden,DEM,26376
Ingham,President,,Joe Sestak,DEM,22
Ingham,President,,Joe Walsh,REP,152
Ingham,President,,John Delaney,DEM,12
Ingham,President,,Julian Castro,DEM,21
Ingham,President,,Marianne Williamson,DEM,27
Ingham,President,,Mark Sanford,REP,179
Ingham,President,,Michael Bennet,DEM,52
Ingham,President,,Michael R. Bloomberg,DEM,2870
Ingham,President,,Pete Buttigieg,DEM,985
Ingham,President,,Tom Steyer,DEM,71
Ingham,President,,Tulsi Gabbard,DEM,352
Ingham,President,,Uncommitted,DEM,729
Ingham,President,,Uncommitted,REP,834
Ionia,President,,Amy Klobuchar,DEM,42
Ionia,President,,Andrew Yang,DEM,7
Ionia,President,,Bernie Sanders,DEM,2143
Ionia,President,,Bill Weld,REP,42
Ionia,President,,Cory Booker,DEM,1
Ionia,President,,Donald J. Trump,REP,3546
Ionia,President,,Elizabeth Warren,DEM,70
Ionia,President,,Joe Biden,DEM,2928
Ionia,President,,Joe Sestak,DEM,2
Ionia,President,,Joe Walsh,REP,34
Ionia,President,,John Delaney,DEM,2
Ionia,President,,Julian Castro,DEM,1
Ionia,President,,Marianne Williamson,DEM,5
Ionia,President,,Mark Sanford,REP,32
Ionia,President,,Michael Bennet,DEM,4
Ionia,President,,Michael R. Bloomberg,DEM,216
Ionia,President,,Pete Buttigieg,DEM,69
Ionia,President,,Tom Steyer,DEM,3
Ionia,President,,Tulsi Gabbard,DEM,41
Ionia,President,,Uncommitted,DEM,64
Ionia,President,,Uncommitted,REP,160
Iosco,President,,Amy Klobuchar,DEM,36
Iosco,President,,Andrew Yang,DEM,4
Iosco,President,,Bernie Sanders,DEM,756
Iosco,President,,Bill Weld,REP,8
Iosco,President,,Cory Booker,DEM,2
Iosco,President,,Donald J. Trump,REP,2186
Iosco,President,,Elizabeth Warren,DEM,42
Iosco,President,,Joe Biden,DEM,1731
Iosco,President,,Joe Sestak,DEM,2
Iosco,President,,Joe Walsh,REP,10
Iosco,President,,John Delaney,DEM,0
Iosco,President,,Julian Castro,DEM,2
Iosco,President,,Marianne Williamson,DEM,1
Iosco,President,,Mark Sanford,REP,9
Iosco,President,,Michael Bennet,DEM,3
Iosco,President,,Michael R. Bloomberg,DEM,194
Iosco,President,,Pete Buttigieg,DEM,66
Iosco,President,,Tom Steyer,DEM,9
Iosco,President,,Tulsi Gabbard,DEM,21
Iosco,President,,Uncommitted,DEM,42
Iosco,President,,Uncommitted,REP,51
Iron,President,,Amy Klobuchar,DEM,18
Iron,President,,Andrew Yang,DEM,1
Iron,President,,Bernie Sanders,DEM,459
Iron,President,,Bill Weld,REP,6
Iron,President,,Cory Booker,DEM,2
Iron,President,,Donald J. Trump,REP,1096
Iron,President,,Elizabeth Warren,DEM,25
Iron,President,,Joe Biden,DEM,876
Iron,President,,Joe Sestak,DEM,2
Iron,President,,Joe Walsh,REP,7
Iron,President,,John Delaney,DEM,0
Iron,President,,Julian Castro,DEM,0
Iron,President,,Marianne Williamson,DEM,0
Iron,President,,Mark Sanford,REP,5
Iron,President,,Michael Bennet,DEM,1
Iron,President,,Michael R. Bloomberg,DEM,47
Iron,President,,Pete Buttigieg,DEM,25
Iron,President,,Tom Steyer,DEM,4
Iron,President,,Tulsi Gabbard,DEM,15
Iron,President,,Uncommitted,DEM,18
Iron,President,,Uncommitted,REP,22
Isabella,President,,Amy Klobuchar,DEM,31
Isabella,President,,Andrew Yang,DEM,12
Isabella,President,,Bernie Sanders,DEM,3421
Isabella,President,,Bill Weld,REP,29
Isabella,President,,Cory Booker,DEM,2
Isabella,President,,Donald J. Trump,REP,2983
Isabella,President,,Elizabeth Warren,DEM,117
Isabella,President,,Joe Biden,DEM,3667
Isabella,President,,Joe Sestak,DEM,6
Isabella,President,,Joe Walsh,REP,18
Isabella,President,,John Delaney,DEM,1
Isabella,President,,Julian Castro,DEM,0
Isabella,President,,Marianne Williamson,DEM,4
Isabella,President,,Mark Sanford,REP,23
Isabella,President,,Michael Bennet,DEM,7
Isabella,President,,Michael R. Bloomberg,DEM,193
Isabella,President,,Pete Buttigieg,DEM,79
Isabella,President,,Tom Steyer,DEM,12
Isabella,President,,Tulsi Gabbard,DEM,53
Isabella,President,,Uncommitted,DEM,87
Isabella,President,,Uncommitted,REP,117
Jackson,President,,Amy Klobuchar,DEM,92
Jackson,President,,Andrew Yang,DEM,18
Jackson,President,,Bernie Sanders,DEM,5864
Jackson,President,,Bill Weld,REP,80
Jackson,President,,Cory Booker,DEM,10
Jackson,President,,Donald J. Trump,REP,8950
Jackson,President,,Elizabeth Warren,DEM,225
Jackson,President,,Joe Biden,DEM,8503
Jackson,President,,Joe Sestak,DEM,8
Jackson,President,,Joe Walsh,REP,70
Jackson,President,,John Delaney,DEM,4
Jackson,President,,Julian Castro,DEM,1
Jackson,President,,Marianne Williamson,DEM,3
Jackson,President,,Mark Sanford,REP,66
Jackson,President,,Michael Bennet,DEM,13
Jackson,President,,Michael R. Bloomberg,DEM,761
Jackson,President,,Pete Buttigieg,DEM,203
Jackson,President,,Tom Steyer,DEM,15
Jackson,President,,Tulsi Gabbard,DEM,111
Jackson,President,,Uncommitted,DEM,182
Jackson,President,,Uncommitted,REP,341
Kalamazoo,President,,Amy Klobuchar,DEM,341
Kalamazoo,President,,Andrew Yang,DEM,61
Kalamazoo,President,,Bernie Sanders,DEM,20802
Kalamazoo,President,,Bill Weld,REP,211
Kalamazoo,President,,Cory Booker,DEM,14
Kalamazoo,President,,Donald J. Trump,REP,13225
Kalamazoo,President,,Elizabeth Warren,DEM,894
Kalamazoo,President,,Joe Biden,DEM,22830
Kalamazoo,President,,Joe Sestak,DEM,21
Kalamazoo,President,,Joe Walsh,REP,118
Kalamazoo,President,,John Delaney,DEM,6
Kalamazoo,President,,Julian Castro,DEM,6
Kalamazoo,President,,Marianne Williamson,DEM,23
Kalamazoo,President,,Mark Sanford,REP,120
Kalamazoo,President,,Michael Bennet,DEM,22
Kalamazoo,President,,Michael R. Bloomberg,DEM,1633
Kalamazoo,President,,Pete Buttigieg,DEM,736
Kalamazoo,President,,Tom Steyer,DEM,37
Kalamazoo,President,,Tulsi Gabbard,DEM,304
Kalamazoo,President,,Uncommitted,DEM,480
Kalamazoo,President,,Uncommitted,REP,768
Kalkaska,President,,Amy Klobuchar,DEM,12
Kalkaska,President,,Andrew Yang,DEM,4
Kalkaska,President,,Bernie Sanders,DEM,637
Kalkaska,President,,Bill Weld,REP,7
Kalkaska,President,,Cory Booker,DEM,1
Kalkaska,President,,Donald J. Trump,REP,1777
Kalkaska,President,,Elizabeth Warren,DEM,36
Kalkaska,President,,Joe Biden,DEM,932
Kalkaska,President,,Joe Sestak,DEM,3
Kalkaska,President,,Joe Walsh,REP,7
Kalkaska,President,,John Delaney,DEM,0
Kalkaska,President,,Julian Castro,DEM,0
Kalkaska,President,,Marianne Williamson,DEM,0
Kalkaska,President,,Mark Sanford,REP,8
Kalkaska,President,,Michael Bennet,DEM,1
Kalkaska,President,,Michael R. Bloomberg,DEM,97
Kalkaska,President,,Pete Buttigieg,DEM,19
Kalkaska,President,,Tom Steyer,DEM,5
Kalkaska,President,,Tulsi Gabbard,DEM,19
Kalkaska,President,,Uncommitted,DEM,25
Kalkaska,President,,Uncommitted,REP,39
Kent,President,,Amy Klobuchar,DEM,792
Kent,President,,Andrew Yang,DEM,167
Kent,President,,Bernie Sanders,DEM,46414
Kent,President,,Bill Weld,REP,628
Kent,President,,Cory Booker,DEM,45
Kent,President,,Donald J. Trump,REP,38905
Kent,President,,Elizabeth Warren,DEM,1796
Kent,President,,Joe Biden,DEM,48097
Kent,President,,Joe Sestak,DEM,45
Kent,President,,Joe Walsh,REP,342
Kent,President,,John Delaney,DEM,31
Kent,President,,Julian Castro,DEM,28
Kent,President,,Marianne Williamson,DEM,37
Kent,President,,Mark Sanford,REP,403
Kent,President,,Michael Bennet,DEM,78
Kent,President,,Michael R. Bloomberg,DEM,3728
Kent,President,,Pete Buttigieg,DEM,1735
Kent,President,,Tom Steyer,DEM,103
Kent,President,,Tulsi Gabbard,DEM,682
Kent,President,,Uncommitted,DEM,875
Kent,President,,Uncommitted,REP,2204
Keweenaw,President,,Amy Klobuchar,DEM,12
Keweenaw,President,,Andrew Yang,DEM,0
Keweenaw,President,,Bernie Sanders,DEM,153
Keweenaw,President,,Bill Weld,REP,0
Keweenaw,President,,Cory Booker,DEM,0
Keweenaw,President,,Donald J. Trump,REP,189
Keweenaw,President,,Elizabeth Warren,DEM,4
Keweenaw,President,,Joe Biden,DEM,232
Keweenaw,President,,Joe Sestak,DEM,0
Keweenaw,President,,Joe Walsh,REP,1
Keweenaw,President,,John Delaney,DEM,0
Keweenaw,President,,Julian Castro,DEM,0
Keweenaw,President,,Marianne Williamson,DEM,0
Keweenaw,President,,Mark Sanford,REP,3
Keweenaw,President,,Michael Bennet,DEM,0
Keweenaw,President,,Michael R. Bloomberg,DEM,13
Keweenaw,President,,Pete Buttigieg,DEM,17
Keweenaw,President,,Tom Steyer,DEM,0
Keweenaw,President,,Tulsi Gabbard,DEM,10
Keweenaw,President,,Uncommitted,DEM,9
Keweenaw,President,,Uncommitted,REP,8
Lake,President,,Amy Klobuchar,DEM,14
Lake,President,,Andrew Yang,DEM,0
Lake,President,,Bernie Sanders,DEM,332
Lake,President,,Bill Weld,REP,4
Lake,President,,Cory Booker,DEM,0
Lake,President,,Donald J. Trump,REP,949
Lake,President,,Elizabeth Warren,DEM,11
Lake,President,,Joe Biden,DEM,759
Lake,President,,Joe Sestak,DEM,1
Lake,President,,Joe Walsh,REP,1
Lake,President,,John Delaney,DEM,0
Lake,President,,Julian Castro,DEM,1
Lake,President,,Marianne Williamson,DEM,1
Lake,President,,Mark Sanford,REP,5
Lake,President,,Michael Bennet,DEM,0
Lake,President,,Michael R. Bloomberg,DEM,37
Lake,President,,Pete Buttigieg,DEM,18
Lake,President,,Tom Steyer,DEM,3
Lake,President,,Tulsi Gabbard,DEM,3
Lake,President,,Uncommitted,DEM,12
Lake,President,,Uncommitted,REP,21
Lapeer,President,,Amy Klobuchar,DEM,75
Lapeer,President,,Andrew Yang,DEM,12
Lapeer,President,,Bernie Sanders,DEM,3163
Lapeer,President,,Bill Weld,REP,55
Lapeer,President,,Cory Booker,DEM,3
Lapeer,President,,Donald J. Trump,REP,8061
Lapeer,President,,Elizabeth Warren,DEM,120
Lapeer,President,,Joe Biden,DEM,4908
Lapeer,President,,Joe Sestak,DEM,6
Lapeer,President,,Joe Walsh,REP,38
Lapeer,President,,John Delaney,DEM,5
Lapeer,President,,Julian Castro,DEM,1
Lapeer,President,,Marianne Williamson,DEM,7
Lapeer,President,,Mark Sanford,REP,30
Lapeer,President,,Michael Bennet,DEM,10
Lapeer,President,,Michael R. Bloomberg,DEM,537
Lapeer,President,,Pete Buttigieg,DEM,134
Lapeer,President,,Tom Steyer,DEM,21
Lapeer,President,,Tulsi Gabbard,DEM,63
Lapeer,President,,Uncommitted,DEM,171
Lapeer,President,,Uncommitted,REP,220
Leelanau,President,,Amy Klobuchar,DEM,80
Leelanau,President,,Andrew Yang,DEM,9
Leelanau,President,,Bernie Sanders,DEM,1888
Leelanau,President,,Bill Weld,REP,21
Leelanau,President,,Cory Booker,DEM,3
Leelanau,President,,Donald J. Trump,REP,2190
Leelanau,President,,Elizabeth Warren,DEM,134
Leelanau,President,,Joe Biden,DEM,3077
Leelanau,President,,Joe Sestak,DEM,2
Leelanau,President,,Joe Walsh,REP,15
Leelanau,President,,John Delaney,DEM,1
Leelanau,President,,Julian Castro,DEM,1
Leelanau,President,,Marianne Williamson,DEM,2
Leelanau,President,,Mark Sanford,REP,18
Leelanau,President,,Michael Bennet,DEM,0
Leelanau,President,,Michael R. Bloomberg,DEM,244
Leelanau,President,,Pete Buttigieg,DEM,101
Leelanau,President,,Tom Steyer,DEM,7
Leelanau,President,,Tulsi Gabbard,DEM,31
Leelanau,President,,Uncommitted,DEM,43
Leelanau,President,,Uncommitted,REP,111
Lenawee,President,,Amy Klobuchar,DEM,72
Lenawee,President,,Andrew Yang,DEM,10
Lenawee,President,,Bernie Sanders,DEM,3857
Lenawee,President,,Bill Weld,REP,36
Lenawee,President,,Cory Booker,DEM,4
Lenawee,President,,Donald J. Trump,REP,6100
Lenawee,President,,Elizabeth Warren,DEM,169
Lenawee,President,,Joe Biden,DEM,5779
Lenawee,President,,Joe Sestak,DEM,9
Lenawee,President,,Joe Walsh,REP,40
Lenawee,President,,John Delaney,DEM,4
Lenawee,President,,Julian Castro,DEM,2
Lenawee,President,,Marianne Williamson,DEM,1
Lenawee,President,,Mark Sanford,REP,34
Lenawee,President,,Michael Bennet,DEM,13
Lenawee,President,,Michael R. Bloomberg,DEM,470
Lenawee,President,,Pete Buttigieg,DEM,133
Lenawee,President,,Tom Steyer,DEM,11
Lenawee,President,,Tulsi Gabbard,DEM,74
Lenawee,President,,Uncommitted,DEM,124
Lenawee,President,,Uncommitted,REP,198
Livingston,President,,Amy Klobuchar,DEM,271
Livingston,President,,Andrew Yang,DEM,40
Livingston,President,,Bernie Sanders,DEM,9682
Livingston,President,,Bill Weld,REP,188
Livingston,President,,Cory Booker,DEM,7
Livingston,President,,Donald J. Trump,REP,17921
Livingston,President,,Elizabeth Warren,DEM,540
Livingston,President,,Joe Biden,DEM,14347
Livingston,President,,Joe Sestak,DEM,7
Livingston,President,,Joe Walsh,REP,97
Livingston,President,,John Delaney,DEM,8
Livingston,President,,Julian Castro,DEM,3
Livingston,President,,Marianne Williamson,DEM,15
Livingston,President,,Mark Sanford,REP,100
Livingston,President,,Michael Bennet,DEM,13
Livingston,President,,Michael R. Bloomberg,DEM,1427
Livingston,President,,Pete Buttigieg,DEM,512
Livingston,President,,Tom Steyer,DEM,36
Livingston,President,,Tulsi Gabbard,DEM,215
Livingston,President,,Uncommitted,DEM,335
Livingston,President,,Uncommitted,REP,676
Luce,President,,Amy Klobuchar,DEM,2
Luce,President,,Andrew Yang,DEM,0
Luce,President,,Bernie Sanders,DEM,161
Luce,President,,Bill Weld,REP,4
Luce,President,,Cory Booker,DEM,0
Luce,President,,Donald J. Trump,REP,525
Luce,President,,Elizabeth Warren,DEM,8
Luce,President,,Joe Biden,DEM,281
Luce,President,,Joe Sestak,DEM,0
Luce,President,,Joe Walsh,REP,4
Luce,President,,John Delaney,DEM,0
Luce,President,,Julian Castro,DEM,0
Luce,President,,Marianne Williamson,DEM,0
Luce,President,,Mark Sanford,REP,0
Luce,President,,Michael Bennet,DEM,0
Luce,President,,Michael R. Bloomberg,DEM,23
Luce,President,,Pete Buttigieg,DEM,9
Luce,President,,Tom Steyer,DEM,0
Luce,President,,Tulsi Gabbard,DEM,2
Luce,President,,Uncommitted,DEM,7
Luce,President,,Uncommitted,REP,20
Mackinac,President,,Amy Klobuchar,DEM,24
Mackinac,President,,Andrew Yang,DEM,2
Mackinac,President,,Bernie Sanders,DEM,479
Mackinac,President,,Bill Weld,REP,10
Mackinac,President,,Cory Booker,DEM,0
Mackinac,President,,Donald J. Trump,REP,1049
Mackinac,President,,Elizabeth Warren,DEM,32
Mackinac,President,,Joe Biden,DEM,811
Mackinac,President,,Joe Sestak,DEM,0
Mackinac,President,,Joe Walsh,REP,7
Mackinac,President,,John Delaney,DEM,0
Mackinac,President,,Julian Castro,DEM,1
Mackinac,President,,Marianne Williamson,DEM,1
Mackinac,President,,Mark Sanford,REP,8
Mackinac,President,,Michael Bennet,DEM,3
Mackinac,President,,Michael R. Bloomberg,DEM,70
Mackinac,President,,Pete Buttigieg,DEM,25
Mackinac,President,,Tom Steyer,DEM,1
Mackinac,President,,Tulsi Gabbard,DEM,11
Mackinac,President,,Uncommitted,DEM,18
Mackinac,President,,Uncommitted,REP,30
Macomb,President,,Amy Klobuchar,DEM,1138
Macomb,President,,Andrew Yang,DEM,233
Macomb,President,,Bernie Sanders,DEM,44173
Macomb,President,,Bill Weld,REP,446
Macomb,President,,Cory Booker,DEM,57
Macomb,President,,Donald J. Trump,REP,77948
Macomb,President,,Elizabeth Warren,DEM,2038
Macomb,President,,Joe Biden,DEM,66068
Macomb,President,,Joe Sestak,DEM,57
Macomb,President,,Joe Walsh,REP,309
Macomb,President,,John Delaney,DEM,46
Macomb,President,,Julian Castro,DEM,20
Macomb,President,,Marianne Williamson,DEM,73
Macomb,President,,Mark Sanford,REP,377
Macomb,President,,Michael Bennet,DEM,140
Macomb,President,,Michael R. Bloomberg,DEM,9530
Macomb,President,,Pete Buttigieg,DEM,2420
Macomb,President,,Tom Steyer,DEM,190
Macomb,President,,Tulsi Gabbard,DEM,984
Macomb,President,,Uncommitted,DEM,2677
Macomb,President,,Uncommitted,REP,3306
Manistee,President,,Amy Klobuchar,DEM,47
Manistee,President,,Andrew Yang,DEM,5
Manistee,President,,Bernie Sanders,DEM,1188
Manistee,President,,Bill Weld,REP,11
Manistee,President,,Cory Booker,DEM,1
Manistee,President,,Donald J. Trump,REP,2086
Manistee,President,,Elizabeth Warren,DEM,78
Manistee,President,,Joe Biden,DEM,1929
Manistee,President,,Joe Sestak,DEM,0
Manistee,President,,Joe Walsh,REP,18
Manistee,President,,John Delaney,DEM,1
Manistee,President,,Julian Castro,DEM,1
Manistee,President,,Marianne Williamson,DEM,0
Manistee,President,,Mark Sanford,REP,19
Manistee,President,,Michael Bennet,DEM,3
Manistee,President,,Michael R. Bloomberg,DEM,190
Manistee,President,,Pete Buttigieg,DEM,86
Manistee,President,,Tom Steyer,DEM,3
Manistee,President,,Tulsi Gabbard,DEM,33
Manistee,President,,Uncommitted,DEM,72
Manistee,President,,Uncommitted,REP,121
Marquette,President,,Amy Klobuchar,DEM,109
Marquette,President,,Andrew Yang,DEM,15
Marquette,President,,Bernie Sanders,DEM,5017
Marquette,President,,Bill Weld,REP,33
Marquette,President,,Cory Booker,DEM,5
Marquette,President,,Donald J. Trump,REP,3190
Marquette,President,,Elizabeth Warren,DEM,157
Marquette,President,,Joe Biden,DEM,5973
Marquette,President,,Joe Sestak,DEM,5
Marquette,President,,Joe Walsh,REP,24
Marquette,President,,John Delaney,DEM,4
Marquette,President,,Julian Castro,DEM,2
Marquette,President,,Marianne Williamson,DEM,0
Marquette,President,,Mark Sanford,REP,17
Marquette,President,,Michael Bennet,DEM,5
Marquette,President,,Michael R. Bloomberg,DEM,264
Marquette,President,,Pete Buttigieg,DEM,184
Marquette,President,,Tom Steyer,DEM,10
Marquette,President,,Tulsi Gabbard,DEM,69
Marquette,President,,Uncommitted,DEM,129
Marquette,President,,Uncommitted,REP,134
Mason,President,,Amy Klobuchar,DEM,56
Mason,President,,Andrew Yang,DEM,3
Mason,President,,Bernie Sanders,DEM,1304
Mason,President,,Bill Weld,REP,14
Mason,President,,Cory Booker,DEM,1
Mason,President,,Donald J. Trump,REP,2341
Mason,President,,Elizabeth Warren,DEM,78
Mason,President,,Joe Biden,DEM,2269
Mason,President,,Joe Sestak,DEM,3
Mason,President,,Joe Walsh,REP,23
Mason,President,,John Delaney,DEM,1
Mason,President,,Julian Castro,DEM,1
Mason,President,,Marianne Williamson,DEM,2
Mason,President,,Mark Sanford,REP,14
Mason,President,,Michael Bennet,DEM,3
Mason,President,,Michael R. Bloomberg,DEM,149
Mason,President,,Pete Buttigieg,DEM,57
Mason,President,,Tom Steyer,DEM,4
Mason,President,,Tulsi Gabbard,DEM,21
Mason,President,,Uncommitted,DEM,33
Mason,President,,Uncommitted,REP,91
Mecosta,President,,Amy Klobuchar,DEM,44
Mecosta,President,,Andrew Yang,DEM,5
Mecosta,President,,Bernie Sanders,DEM,1604
Mecosta,President,,Bill Weld,REP,26
Mecosta,President,,Cory Booker,DEM,1
Mecosta,President,,Donald J. Trump,REP,3618
Mecosta,President,,Elizabeth Warren,DEM,77
Mecosta,President,,Joe Biden,DEM,2123
Mecosta,President,,Joe Sestak,DEM,2
Mecosta,President,,Joe Walsh,REP,22
Mecosta,President,,John Delaney,DEM,0
Mecosta,President,,Julian Castro,DEM,0
Mecosta,President,,Marianne Williamson,DEM,2
Mecosta,President,,Mark Sanford,REP,33
Mecosta,President,,Michael Bennet,DEM,8
Mecosta,President,,Michael R. Bloomberg,DEM,172
Mecosta,President,,Pete Buttigieg,DEM,85
Mecosta,President,,Tom Steyer,DEM,11
Mecosta,President,,Tulsi Gabbard,DEM,35
Mecosta,President,,Uncommitted,DEM,80
Mecosta,President,,Uncommitted,REP,171
Menominee,President,,Amy Klobuchar,DEM,26
Menominee,President,,Andrew Yang,DEM,3
Menominee,President,,Bernie Sanders,DEM,620
Menominee,President,,Bill Weld,REP,9
Menominee,President,,Cory Booker,DEM,1
Menominee,President,,Donald J. Trump,REP,1442
Menominee,President,,Elizabeth Warren,DEM,26
Menominee,President,,Joe Biden,DEM,1319
Menominee,President,,Joe Sestak,DEM,0
Menominee,President,,Joe Walsh,REP,5
Menominee,President,,John Delaney,DEM,1
Menominee,President,,Julian Castro,DEM,0
Menominee,President,,Marianne Williamson,DEM,0
Menominee,President,,Mark Sanford,REP,5
Menominee,President,,Michael Bennet,DEM,6
Menominee,President,,Michael R. Bloomberg,DEM,86
Menominee,President,,Pete Buttigieg,DEM,20
Menominee,President,,Tom Steyer,DEM,2
Menominee,President,,Tulsi Gabbard,DEM,14
Menominee,President,,Uncommitted,DEM,38
Menominee,President,,Uncommitted,REP,57
Midland,President,,Amy Klobuchar,DEM,85
Midland,President,,Andrew Yang,DEM,14
Midland,President,,Bernie Sanders,DEM,3932
Midland,President,,Bill Weld,REP,59
Midland,President,,Cory Booker,DEM,2
Midland,President,,Donald J. Trump,REP,5494
Midland,President,,Elizabeth Warren,DEM,168
Midland,President,,Joe Biden,DEM,6302
Midland,President,,Joe Sestak,DEM,4
Midland,President,,Joe Walsh,REP,41
Midland,President,,John Delaney,DEM,5
Midland,President,,Julian Castro,DEM,2
Midland,President,,Marianne Williamson,DEM,5
Midland,President,,Mark Sanford,REP,45
Midland,President,,Michael Bennet,DEM,6
Midland,President,,Michael R. Bloomberg,DEM,350
Midland,President,,Pete Buttigieg,DEM,132
Midland,President,,Tom Steyer,DEM,6
Midland,President,,Tulsi Gabbard,DEM,93
Midland,President,,Uncommitted,DEM,81
Midland,President,,Uncommitted,REP,222
Missaukee,President,,Amy Klobuchar,DEM,6
Missaukee,President,,Andrew Yang,DEM,0
Missaukee,President,,Bernie Sanders,DEM,345
Missaukee,President,,Bill Weld,REP,7
Missaukee,President,,Cory Booker,DEM,1
Missaukee,President,,Donald J. Trump,REP,1859
Missaukee,President,,Elizabeth Warren,DEM,15
Missaukee,President,,Joe Biden,DEM,638
Missaukee,President,,Joe Sestak,DEM,0
Missaukee,President,,Joe Walsh,REP,2
Missaukee,President,,John Delaney,DEM,0
Missaukee,President,,Julian Castro,DEM,0
Missaukee,President,,Marianne Williamson,DEM,0
Missaukee,President,,Mark Sanford,REP,5
Missaukee,President,,Michael Bennet,DEM,3
Missaukee,President,,Michael R. Bloomberg,DEM,69
Missaukee,President,,Pete Buttigieg,DEM,18
Missaukee,President,,Tom Steyer,DEM,1
Missaukee,President,,Tulsi Gabbard,DEM,6
Missaukee,President,,Uncommitted,DEM,27
Missaukee,President,,Uncommitted,REP,67
Monroe,President,,Amy Klobuchar,DEM,153
Monroe,President,,Andrew Yang,DEM,29
Monroe,President,,Bernie Sanders,DEM,5854
Monroe,President,,Bill Weld,REP,46
Monroe,President,,Cory Booker,DEM,10
Monroe,President,,Donald J. Trump,REP,10525
Monroe,President,,Elizabeth Warren,DEM,224
Monroe,President,,Joe Biden,DEM,9801
Monroe,President,,Joe Sestak,DEM,10
Monroe,President,,Joe Walsh,REP,51
Monroe,President,,John Delaney,DEM,7
Monroe,President,,Julian Castro,DEM,3
Monroe,President,,Marianne Williamson,DEM,17
Monroe,President,,Mark Sanford,REP,60
Monroe,President,,Michael Bennet,DEM,21
Monroe,President,,Michael R. Bloomberg,DEM,965
Monroe,President,,Pete Buttigieg,DEM,263
Monroe,President,,Tom Steyer,DEM,22
Monroe,President,,Tulsi Gabbard,DEM,106
Monroe,President,,Uncommitted,DEM,372
Monroe,President,,Uncommitted,REP,414
Montcalm,President,,Amy Klobuchar,DEM,56
Montcalm,President,,Andrew Yang,DEM,8
Montcalm,President,,Bernie Sanders,DEM,2065
Montcalm,President,,Bill Weld,REP,42
Montcalm,President,,Cory Booker,DEM,1
Montcalm,President,,Donald J. Trump,REP,5731
Montcalm,President,,Elizabeth Warren,DEM,69
Montcalm,President,,Joe Biden,DEM,3000
Montcalm,President,,Joe Sestak,DEM,5
Montcalm,President,,Joe Walsh,REP,42
Montcalm,President,,John Delaney,DEM,2
Montcalm,President,,Julian Castro,DEM,2
Montcalm,President,,Marianne Williamson,DEM,3
Montcalm,President,,Mark Sanford,REP,32
Montcalm,President,,Michael Bennet,DEM,6
Montcalm,President,,Michael R. Bloomberg,DEM,309
Montcalm,President,,Pete Buttigieg,DEM,118
Montcalm,President,,Tom Steyer,DEM,6
Montcalm,President,,Tulsi Gabbard,DEM,46
Montcalm,President,,Uncommitted,DEM,117
Montcalm,President,,Uncommitted,REP,242
Montmorency,President,,Amy Klobuchar,DEM,7
Montmorency,President,,Andrew Yang,DEM,2
Montmorency,President,,Bernie Sanders,DEM,243
Montmorency,President,,Bill Weld,REP,5
Montmorency,President,,Cory Booker,DEM,1
Montmorency,President,,Donald J. Trump,REP,1294
Montmorency,President,,Elizabeth Warren,DEM,16
Montmorency,President,,Joe Biden,DEM,584
Montmorency,President,,Joe Sestak,DEM,1
Montmorency,President,,Joe Walsh,REP,2
Montmorency,President,,John Delaney,DEM,0
Montmorency,President,,Julian Castro,DEM,0
Montmorency,President,,Marianne Williamson,DEM,0
Montmorency,President,,Mark Sanford,REP,9
Montmorency,President,,Michael Bennet,DEM,2
Montmorency,President,,Michael R. Bloomberg,DEM,54
Montmorency,President,,Pete Buttigieg,DEM,16
Montmorency,President,,Tom Steyer,DEM,5
Montmorency,President,,Tulsi Gabbard,DEM,16
Montmorency,President,,Uncommitted,DEM,14
Montmorency,President,,Uncommitted,REP,35
Muskegon,President,,Amy Klobuchar,DEM,212
Muskegon,President,,Andrew Yang,DEM,24
Muskegon,President,,Bernie Sanders,DEM,8567
Muskegon,President,,Bill Weld,REP,86
Muskegon,President,,Cory Booker,DEM,13
Muskegon,President,,Donald J. Trump,REP,9558
Muskegon,President,,Elizabeth Warren,DEM,337
Muskegon,President,,Joe Biden,DEM,13021
Muskegon,President,,Joe Sestak,DEM,11
Muskegon,President,,Joe Walsh,REP,74
Muskegon,President,,John Delaney,DEM,12
Muskegon,President,,Julian Castro,DEM,4
Muskegon,President,,Marianne Williamson,DEM,19
Muskegon,President,,Mark Sanford,REP,53
Muskegon,President,,Michael Bennet,DEM,34
Muskegon,President,,Michael R. Bloomberg,DEM,1176
Muskegon,President,,Pete Buttigieg,DEM,378
Muskegon,President,,Tom Steyer,DEM,24
Muskegon,President,,Tulsi Gabbard,DEM,148
Muskegon,President,,Uncommitted,DEM,335
Muskegon,President,,Uncommitted,REP,451
Newaygo,President,,Amy Klobuchar,DEM,36
Newaygo,President,,Andrew Yang,DEM,7
Newaygo,President,,Bernie Sanders,DEM,1507
Newaygo,President,,Bill Weld,REP,33
Newaygo,President,,Cory Booker,DEM,4
Newaygo,President,,Donald J. Trump,REP,4271
Newaygo,President,,Elizabeth Warren,DEM,62
Newaygo,President,,Joe Biden,DEM,2410
Newaygo,President,,Joe Sestak,DEM,7
Newaygo,President,,Joe Walsh,REP,24
Newaygo,President,,John Delaney,DEM,0
Newaygo,President,,Julian Castro,DEM,0
Newaygo,President,,Marianne Williamson,DEM,3
Newaygo,President,,Mark Sanford,REP,23
Newaygo,President,,Michael Bennet,DEM,2
Newaygo,President,,Michael R. Bloomberg,DEM,185
Newaygo,President,,Pete Buttigieg,DEM,51
Newaygo,President,,Tom Steyer,DEM,5
Newaygo,President,,Tulsi Gabbard,DEM,34
Newaygo,President,,Uncommitted,DEM,56
Newaygo,President,,Uncommitted,REP,117
Oakland,President,,Amy Klobuchar,DEM,1652
Oakland,President,,Andrew Yang,DEM,449
Oakland,President,,Bernie Sanders,DEM,86891
Oakland,President,,Bill Weld,REP,959
Oakland,President,,Cory Booker,DEM,121
Oakland,President,,Donald J. Trump,REP,84938
Oakland,President,,Elizabeth Warren,DEM,4385
Oakland,President,,Joe Biden,DEM,146666
Oakland,President,,Joe Sestak,DEM,85
Oakland,President,,Joe Walsh,REP,516
Oakland,President,,John Delaney,DEM,36
Oakland,President,,Julian Castro,DEM,38
Oakland,President,,Marianne Williamson,DEM,105
Oakland,President,,Mark Sanford,REP,559
Oakland,President,,Michael Bennet,DEM,214
Oakland,President,,Michael R. Bloomberg,DEM,12783
Oakland,President,,Pete Buttigieg,DEM,3529
Oakland,President,,Tom Steyer,DEM,237
Oakland,President,,Tulsi Gabbard,DEM,1529
Oakland,President,,Uncommitted,DEM,2558
Oakland,President,,Uncommitted,REP,4348
Oceana,President,,Amy Klobuchar,DEM,25
Oceana,President,,Andrew Yang,DEM,7
Oceana,President,,Bernie Sanders,DEM,855
Oceana,President,,Bill Weld,REP,15
Oceana,President,,Cory Booker,DEM,1
Oceana,President,,Donald J. Trump,REP,2099
Oceana,President,,Elizabeth Warren,DEM,44
Oceana,President,,Joe Biden,DEM,1549
Oceana,President,,Joe Sestak,DEM,3
Oceana,President,,Joe Walsh,REP,12
Oceana,President,,John Delaney,DEM,1
Oceana,President,,Julian Castro,DEM,1
Oceana,President,,Marianne Williamson,DEM,1
Oceana,President,,Mark Sanford,REP,12
Oceana,President,,Michael Bennet,DEM,2
Oceana,President,,Michael R. Bloomberg,DEM,134
Oceana,President,,Pete Buttigieg,DEM,34
Oceana,President,,Tom Steyer,DEM,7
Oceana,President,,Tulsi Gabbard,DEM,24
Oceana,President,,Uncommitted,DEM,37
Oceana,President,,Uncommitted,REP,77
Ogemaw,President,,Amy Klobuchar,DEM,21
Ogemaw,President,,Andrew Yang,DEM,6
Ogemaw,President,,Bernie Sanders,DEM,622
Ogemaw,President,,Bill Weld,REP,7
Ogemaw,President,,Cory Booker,DEM,1
Ogemaw,President,,Donald J. Trump,REP,2058
Ogemaw,President,,Elizabeth Warren,DEM,29
Ogemaw,President,,Joe Biden,DEM,1183
Ogemaw,President,,Joe Sestak,DEM,1
Ogemaw,President,,Joe Walsh,REP,11
Ogemaw,President,,John Delaney,DEM,4
Ogemaw,President,,Julian Castro,DEM,0
Ogemaw,President,,Marianne Williamson,DEM,1
Ogemaw,President,,Mark Sanford,REP,4
Ogemaw,President,,Michael Bennet,DEM,3
Ogemaw,President,,Michael R. Bloomberg,DEM,136
Ogemaw,President,,Pete Buttigieg,DEM,33
Ogemaw,President,,Tom Steyer,DEM,2
Ogemaw,President,,Tulsi Gabbard,DEM,9
Ogemaw,President,,Uncommitted,DEM,52
Ogemaw,President,,Uncommitted,REP,58
Ontonagon,President,,Amy Klobuchar,DEM,12
Ontonagon,President,,Andrew Yang,DEM,0
Ontonagon,President,,Bernie Sanders,DEM,271
Ontonagon,President,,Bill Weld,REP,4
Ontonagon,President,,Cory Booker,DEM,2
Ontonagon,President,,Donald J. Trump,REP,602
Ontonagon,President,,Elizabeth Warren,DEM,16
Ontonagon,President,,Joe Biden,DEM,479
Ontonagon,President,,Joe Sestak,DEM,0
Ontonagon,President,,Joe Walsh,REP,3
Ontonagon,President,,John Delaney,DEM,0
Ontonagon,President,,Julian Castro,DEM,1
Ontonagon,President,,Marianne Williamson,DEM,1
Ontonagon,President,,Mark Sanford,REP,1
Ontonagon,President,,Michael Bennet,DEM,0
Ontonagon,President,,Michael R. Bloomberg,DEM,33
Ontonagon,President,,Pete Buttigieg,DEM,14
Ontonagon,President,,Tom Steyer,DEM,1
Ontonagon,President,,Tulsi Gabbard,DEM,5
Ontonagon,President,,Uncommitted,DEM,25
Ontonagon,President,,Uncommitted,REP,15
Osceola,President,,Amy Klobuchar,DEM,13
Osceola,President,,Andrew Yang,DEM,3
Osceola,President,,Bernie Sanders,DEM,571
Osceola,President,,Bill Weld,REP,11
Osceola,President,,Cory Booker,DEM,1
Osceola,President,,Donald J. Trump,REP,2139
Osceola,President,,Elizabeth Warren,DEM,16
Osceola,President,,Joe Biden,DEM,968
Osceola,President,,Joe Sestak,DEM,2
Osceola,President,,Joe Walsh,REP,13
Osceola,President,,John Delaney,DEM,1
Osceola,President,,Julian Castro,DEM,0
Osceola,President,,Marianne Williamson,DEM,2
Osceola,President,,Mark Sanford,REP,11
Osceola,President,,Michael Bennet,DEM,2
Osceola,President,,Michael R. Bloomberg,DEM,92
Osceola,President,,Pete Buttigieg,DEM,14
Osceola,President,,Tom Steyer,DEM,1
Osceola,President,,Tulsi Gabbard,DEM,16
Osceola,President,,Uncommitted,DEM,32
Osceola,President,,Uncommitted,REP,72
Oscoda,President,,Amy Klobuchar,DEM,8
Oscoda,President,,Andrew Yang,DEM,0
Oscoda,President,,Bernie Sanders,DEM,203
Oscoda,President,,Bill Weld,REP,9
Oscoda,President,,Cory Booker,DEM,0
Oscoda,President,,Donald J. Trump,REP,992
Oscoda,President,,Elizabeth Warren,DEM,7
Oscoda,President,,Joe Biden,DEM,446
Oscoda,President,,Joe Sestak,DEM,0
Oscoda,President,,Joe Walsh,REP,4
Oscoda,President,,John Delaney,DEM,0
Oscoda,President,,Julian Castro,DEM,0
Oscoda,President,,Marianne Williamson,DEM,0
Oscoda,President,,Mark Sanford,REP,3
Oscoda,President,,Michael Bennet,DEM,0
Oscoda,President,,Michael R. Bloomberg,DEM,44
Oscoda,President,,Pete Buttigieg,DEM,16
Oscoda,President,,Tom Steyer,DEM,1
Oscoda,President,,Tulsi Gabbard,DEM,6
Oscoda,President,,Uncommitted,DEM,13
Oscoda,President,,Uncommitted,REP,23
Otsego,President,,Amy Klobuchar,DEM,27
Otsego,President,,Andrew Yang,DEM,10
Otsego,President,,Bernie Sanders,DEM,977
Otsego,President,,Bill Weld,REP,15
Otsego,President,,Cory Booker,DEM,1
Otsego,President,,Donald J. Trump,REP,2248
Otsego,President,,Elizabeth Warren,DEM,51
Otsego,President,,Joe Biden,DEM,1430
Otsego,President,,Joe Sestak,DEM,4
Otsego,President,,Joe Walsh,REP,6
Otsego,President,,John Delaney,DEM,2
Otsego,President,,Julian Castro,DEM,0
Otsego,President,,Marianne Williamson,DEM,1
Otsego,President,,Mark Sanford,REP,18
Otsego,President,,Michael Bennet,DEM,2
Otsego,President,,Michael R. Bloomberg,DEM,141
Otsego,President,,Pete Buttigieg,DEM,60
Otsego,President,,Tom Steyer,DEM,6
Otsego,President,,Tulsi Gabbard,DEM,17
Otsego,President,,Uncommitted,DEM,24
Otsego,President,,Uncommitted,REP,53
Ottawa,President,,Amy Klobuchar,DEM,309
Ottawa,President,,Andrew Yang,DEM,70
Ottawa,President,,Bernie Sanders,DEM,13556
Ottawa,President,,Bill Weld,REP,324
Ottawa,President,,Cory Booker,DEM,11
Ottawa,President,,Donald J. Trump,REP,24285
Ottawa,President,,Elizabeth Warren,DEM,574
Ottawa,President,,Joe Biden,DEM,17643
Ottawa,President,,Joe Sestak,DEM,6
Ottawa,President,,Joe Walsh,REP,196
Ottawa,President,,John Delaney,DEM,11
Ottawa,President,,Julian Castro,DEM,9
Ottawa,President,,Marianne Williamson,DEM,11
Ottawa,President,,Mark Sanford,REP,188
Ottawa,President,,Michael Bennet,DEM,34
Ottawa,President,,Michael R. Bloomberg,DEM,1222
Ottawa,President,,Pete Buttigieg,DEM,552
Ottawa,President,,Tom Steyer,DEM,45
Ottawa,President,,Tulsi Gabbard,DEM,256
Ottawa,President,,Uncommitted,DEM,346
Ottawa,President,,Uncommitted,REP,1249
Presque Isle,President,,Amy Klobuchar,DEM,17
Presque Isle,President,,Andrew Yang,DEM,1
Presque Isle,President,,Bernie Sanders,DEM,423
Presque Isle,President,,Bill Weld,REP,9
Presque Isle,President,,Cory Booker,DEM,1
Presque Isle,President,,Donald J. Trump,REP,1282
Presque Isle,President,,Elizabeth Warren,DEM,28
Presque Isle,President,,Joe Biden,DEM,1106
Presque Isle,President,,Joe Sestak,DEM,0
Presque Isle,President,,Joe Walsh,REP,6
Presque Isle,President,,John Delaney,DEM,0
Presque Isle,President,,Julian Castro,DEM,0
Presque Isle,President,,Marianne Williamson,DEM,0
Presque Isle,President,,Mark Sanford,REP,7
Presque Isle,President,,Michael Bennet,DEM,4
Presque Isle,President,,Michael R. Bloomberg,DEM,75
Presque Isle,President,,Pete Buttigieg,DEM,27
Presque Isle,President,,Tom Steyer,DEM,3
Presque Isle,President,,Tulsi Gabbard,DEM,17
Presque Isle,President,,Uncommitted,DEM,25
Presque Isle,President,,Uncommitted,REP,44
Roscommon,President,,Amy Klobuchar,DEM,37
Roscommon,President,,Andrew Yang,DEM,4
Roscommon,President,,Bernie Sanders,DEM,812
Roscommon,President,,Bill Weld,REP,15
Roscommon,President,,Cory Booker,DEM,1
Roscommon,President,,Donald J. Trump,REP,2827
Roscommon,President,,Elizabeth Warren,DEM,47
Roscommon,President,,Joe Biden,DEM,1650
Roscommon,President,,Joe Sestak,DEM,3
Roscommon,President,,Joe Walsh,REP,12
Roscommon,President,,John Delaney,DEM,1
Roscommon,President,,Julian Castro,DEM,0
Roscommon,President,,Marianne Williamson,DEM,2
Roscommon,President,,Mark Sanford,REP,9
Roscommon,President,,Michael Bennet,DEM,8
Roscommon,President,,Michael R. Bloomberg,DEM,227
Roscommon,President,,Pete Buttigieg,DEM,77
Roscommon,President,,Tom Steyer,DEM,11
Roscommon,President,,Tulsi Gabbard,DEM,21
Roscommon,President,,Uncommitted,DEM,53
Roscommon,President,,Uncommitted,REP,99
Saginaw,President,,Amy Klobuchar,DEM,136
Saginaw,President,,Andrew Yang,DEM,26
Saginaw,President,,Bernie Sanders,DEM,8506
Saginaw,President,,Bill Weld,REP,97
Saginaw,President,,Cory Booker,DEM,23
Saginaw,President,,Donald J. Trump,REP,13186
Saginaw,President,,Elizabeth Warren,DEM,279
Saginaw,President,,Joe Biden,DEM,16709
Saginaw,President,,Joe Sestak,DEM,21
Saginaw,President,,Joe Walsh,REP,80
Saginaw,President,,John Delaney,DEM,9
Saginaw,President,,Julian Castro,DEM,14
Saginaw,President,,Marianne Williamson,DEM,13
Saginaw,President,,Mark Sanford,REP,70
Saginaw,President,,Michael Bennet,DEM,40
Saginaw,President,,Michael R. Bloomberg,DEM,1020
Saginaw,President,,Pete Buttigieg,DEM,242
Saginaw,President,,Tom Steyer,DEM,32
Saginaw,President,,Tulsi Gabbard,DEM,163
Saginaw,President,,Uncommitted,DEM,463
Saginaw,President,,Uncommitted,REP,634
Sanilac,President,,Amy Klobuchar,DEM,20
Sanilac,President,,Andrew Yang,DEM,3
Sanilac,President,,Bernie Sanders,DEM,1014
Sanilac,President,,Bill Weld,REP,16
Sanilac,President,,Cory Booker,DEM,1
Sanilac,President,,Donald J. Trump,REP,4371
Sanilac,President,,Elizabeth Warren,DEM,54
Sanilac,President,,Joe Biden,DEM,1851
Sanilac,President,,Joe Sestak,DEM,4
Sanilac,President,,Joe Walsh,REP,14
Sanilac,President,,John Delaney,DEM,0
Sanilac,President,,Julian Castro,DEM,0
Sanilac,President,,Marianne Williamson,DEM,1
Sanilac,President,,Mark Sanford,REP,14
Sanilac,President,,Michael Bennet,DEM,5
Sanilac,President,,Michael R. Bloomberg,DEM,154
Sanilac,President,,Pete Buttigieg,DEM,42
Sanilac,President,,Tom Steyer,DEM,8
Sanilac,President,,Tulsi Gabbard,DEM,29
Sanilac,President,,Uncommitted,DEM,66
Sanilac,President,,Uncommitted,REP,132
Schoolcraft,President,,Amy Klobuchar,DEM,4
Schoolcraft,President,,Andrew Yang,DEM,2
Schoolcraft,President,,Bernie Sanders,DEM,279
Schoolcraft,President,,Bill Weld,REP,6
Schoolcraft,President,,Cory Booker,DEM,1
Schoolcraft,President,,Donald J. Trump,REP,499
Schoolcraft,President,,Elizabeth Warren,DEM,9
Schoolcraft,President,,Joe Biden,DEM,573
Schoolcraft,President,,Joe Sestak,DEM,0
Schoolcraft,President,,Joe Walsh,REP,3
Schoolcraft,President,,John Delaney,DEM,1
Schoolcraft,President,,Julian Castro,DEM,0
Schoolcraft,President,,Marianne Williamson,DEM,1
Schoolcraft,President,,Mark Sanford,REP,1
Schoolcraft,President,,Michael Bennet,DEM,2
Schoolcraft,President,,Michael R. Bloomberg,DEM,18
Schoolcraft,President,,Pete Buttigieg,DEM,13
Schoolcraft,President,,Tom Steyer,DEM,0
Schoolcraft,President,,Tulsi Gabbard,DEM,9
Schoolcraft,President,,Uncommitted,DEM,11
Schoolcraft,President,,Uncommitted,REP,3
Shiawassee,President,,Amy Klobuchar,DEM,62
Shiawassee,President,,Andrew Yang,DEM,14
Shiawassee,President,,Bernie Sanders,DEM,3072
Shiawassee,President,,Bill Weld,REP,35
Shiawassee,President,,Cory Booker,DEM,1
Shiawassee,President,,Donald J. Trump,REP,5095
Shiawassee,President,,Elizabeth Warren,DEM,115
Shiawassee,President,,Joe Biden,DEM,4810
Shiawassee,President,,Joe Sestak,DEM,3
Shiawassee,President,,Joe Walsh,REP,42
Shiawassee,President,,John Delaney,DEM,4
Shiawassee,President,,Julian Castro,DEM,2
Shiawassee,President,,Marianne Williamson,DEM,2
Shiawassee,President,,Mark Sanford,REP,43
Shiawassee,President,,Michael Bennet,DEM,8
Shiawassee,President,,Michael R. Bloomberg,DEM,405
Shiawassee,President,,Pete Buttigieg,DEM,129
Shiawassee,President,,Tom Steyer,DEM,18
Shiawassee,President,,Tulsi Gabbard,DEM,50
Shiawassee,President,,Uncommitted,DEM,131
Shiawassee,President,,Uncommitted,REP,189
St. Clair,President,,Amy Klobuchar,DEM,152
St. Clair,President,,Andrew Yang,DEM,39
St. Clair,President,,Bernie Sanders,DEM,6652
St. Clair,President,,Bill Weld,REP,78
St. Clair,President,,Cory Booker,DEM,8
St. Clair,President,,Donald J. Trump,REP,15526
St. Clair,President,,Elizabeth Warren,DEM,314
St. Clair,President,,Joe Biden,DEM,9718
St. Clair,President,,Joe Sestak,DEM,10
St. Clair,President,,Joe Walsh,REP,72
St. Clair,President,,John Delaney,DEM,6
St. Clair,President,,Julian Castro,DEM,2
St. Clair,President,,Marianne Williamson,DEM,12
St. Clair,President,,Mark Sanford,REP,64
St. Clair,President,,Michael Bennet,DEM,21
St. Clair,President,,Michael R. Bloomberg,DEM,1152
St. Clair,President,,Pete Buttigieg,DEM,340
St. Clair,President,,Tom Steyer,DEM,26
St. Clair,President,,Tulsi Gabbard,DEM,116
St. Clair,President,,Uncommitted,DEM,392
St. Clair,President,,Uncommitted,REP,543
St. Joseph,President,,Amy Klobuchar,DEM,31
St. Joseph,President,,Andrew Yang,DEM,16
St. Joseph,President,,Bernie Sanders,DEM,1713
St. Joseph,President,,Bill Weld,REP,36
St. Joseph,President,,Cory Booker,DEM,3
St. Joseph,President,,Donald J. Trump,REP,4306
St. Joseph,President,,Elizabeth Warren,DEM,55
St. Joseph,President,,Joe Biden,DEM,2534
St. Joseph,President,,Joe Sestak,DEM,3
St. Joseph,President,,Joe Walsh,REP,30
St. Joseph,President,,John Delaney,DEM,1
St. Joseph,President,,Julian Castro,DEM,6
St. Joseph,President,,Marianne Williamson,DEM,2
St. Joseph,President,,Mark Sanford,REP,25
St. Joseph,President,,Michael Bennet,DEM,6
St. Joseph,President,,Michael R. Bloomberg,DEM,193
St. Joseph,President,,Pete Buttigieg,DEM,132
St. Joseph,President,,Tom Steyer,DEM,9
St. Joseph,President,,Tulsi Gabbard,DEM,42
St. Joseph,President,,Uncommitted,DEM,57
St. Joseph,President,,Uncommitted,REP,204
Tuscola,President,,Amy Klobuchar,DEM,37
Tuscola,President,,Andrew Yang,DEM,6
Tuscola,President,,Bernie Sanders,DEM,1546
Tuscola,President,,Bill Weld,REP,20
Tuscola,President,,Cory Booker,DEM,3
Tuscola,President,,Donald J. Trump,REP,4480
Tuscola,President,,Elizabeth Warren,DEM,62
Tuscola,President,,Joe Biden,DEM,2781
Tuscola,President,,Joe Sestak,DEM,1
Tuscola,President,,Joe Walsh,REP,27
Tuscola,President,,John Delaney,DEM,4
Tuscola,President,,Julian Castro,DEM,2
Tuscola,President,,Marianne Williamson,DEM,3
Tuscola,President,,Mark Sanford,REP,26
Tuscola,President,,Michael Bennet,DEM,7
Tuscola,President,,Michael R. Bloomberg,DEM,218
Tuscola,President,,Pete Buttigieg,DEM,59
Tuscola,President,,Tom Steyer,DEM,15
Tuscola,President,,Tulsi Gabbard,DEM,40
Tuscola,President,,Uncommitted,DEM,71
Tuscola,President,,Uncommitted,REP,152
Van Buren,President,,Amy Klobuchar,DEM,57
Van Buren,President,,Andrew Yang,DEM,8
Van Buren,President,,Bernie Sanders,DEM,3197
Van Buren,President,,Bill Weld,REP,45
Van Buren,President,,Cory Booker,DEM,3
Van Buren,President,,Donald J. Trump,REP,4895
Van Buren,President,,Elizabeth Warren,DEM,130
Van Buren,President,,Joe Biden,DEM,4862
Van Buren,President,,Joe Sestak,DEM,5
Van Buren,President,,Joe Walsh,REP,28
Van Buren,President,,John Delaney,DEM,2
Van Buren,President,,Julian Castro,DEM,4
Van Buren,President,,Marianne Williamson,DEM,2
Van Buren,President,,Mark Sanford,REP,35
Van Buren,President,,Michael Bennet,DEM,14
Van Buren,President,,Michael R. Bloomberg,DEM,327
Van Buren,President,,Pete Buttigieg,DEM,139
Van Buren,President,,Tom Steyer,DEM,7
Van Buren,President,,Tulsi Gabbard,DEM,70
Van Buren,President,,Uncommitted,DEM,124
Van Buren,President,,Uncommitted,REP,262
Washtenaw,President,,Amy Klobuchar,DEM,569
Washtenaw,President,,Andrew Yang,DEM,178
Washtenaw,President,,Bernie Sanders,DEM,46073
Washtenaw,President,,Bill Weld,REP,260
Washtenaw,President,,Cory Booker,DEM,30
Washtenaw,President,,Donald J. Trump,REP,12192
Washtenaw,President,,Elizabeth Warren,DEM,2576
Washtenaw,President,,Joe Biden,DEM,48780
Washtenaw,President,,Joe Sestak,DEM,27
Washtenaw,President,,Joe Walsh,REP,120
Washtenaw,President,,John Delaney,DEM,12
Washtenaw,President,,Julian Castro,DEM,11
Washtenaw,President,,Marianne Williamson,DEM,25
Washtenaw,President,,Mark Sanford,REP,123
Washtenaw,President,,Michael Bennet,DEM,52
Washtenaw,President,,Michael R. Bloomberg,DEM,2218
Washtenaw,President,,Pete Buttigieg,DEM,893
Washtenaw,President,,Tom Steyer,DEM,41
Washtenaw,President,,Tulsi Gabbard,DEM,477
Washtenaw,President,,Uncommitted,DEM,488
Washtenaw,President,,Uncommitted,REP,668
Wayne,President,,Amy Klobuchar,DEM,1332
Wayne,President,,Andrew Yang,DEM,424
Wayne,President,,Bernie Sanders,DEM,113421
Wayne,President,,Bill Weld,REP,647
Wayne,President,,Cory Booker,DEM,303
Wayne,President,,Donald J. Trump,REP,66422
Wayne,President,,Elizabeth Warren,DEM,4258
Wayne,President,,Joe Biden,DEM,172593
Wayne,President,,Joe Sestak,DEM,209
Wayne,President,,Joe Walsh,REP,435
Wayne,President,,John Delaney,DEM,131
Wayne,President,,Julian Castro,DEM,71
Wayne,President,,Marianne Williamson,DEM,182
Wayne,President,,Mark Sanford,REP,402
Wayne,President,,Michael Bennet,DEM,410
Wayne,President,,Michael R. Bloomberg,DEM,15571
Wayne,President,,Pete Buttigieg,DEM,2846
Wayne,President,,Tom Steyer,DEM,293
Wayne,President,,Tulsi Gabbard,DEM,1323
Wayne,President,,Uncommitted,DEM,3493
Wayne,President,,Uncommitted,REP,3086
Wexford,President,,Amy Klobuchar,DEM,22
Wexford,President,,Andrew Yang,DEM,3
Wexford,President,,Bernie Sanders,DEM,1310
Wexford,President,,Bill Weld,REP,26
Wexford,President,,Cory Booker,DEM,1
Wexford,President,,Donald J. Trump,REP,3019
Wexford,President,,Elizabeth Warren,DEM,42
Wexford,President,,Joe Biden,DEM,1808
Wexford,President,,Joe Sestak,DEM,2
Wexford,President,,Joe Walsh,REP,22
Wexford,President,,John Delaney,DEM,2
Wexford,President,,Julian Castro,DEM,0
Wexford,President,,Marianne Williamson,DEM,0
Wexford,President,,Mark Sanford,REP,14
Wexford,President,,Michael Bennet,DEM,7
Wexford,President,,Michael R. Bloomberg,DEM,117
Wexford,President,,Pete Buttigieg,DEM,41
Wexford,President,,Tom Steyer,DEM,5
Wexford,President,,Tulsi Gabbard,DEM,26
Wexford,President,,Uncommitted,DEM,31
Wexford,President,,Uncommitted,REP,100
