county,precincts_2024_general,matched_2022_general,has_2024_primary_file,matched_2024_primary,has_2026_primary_file,matched_2026_primary
Alcona,13,12,True,11,False,0
Alger,9,9,True,9,True,9
Allegan,44,44,False,0,False,0
Alpena,17,17,False,0,False,0
Antrim,16,16,True,16,True,16
Arenac,15,15,True,15,True,15
Baraga,6,6,True,6,True,6
Barry,24,24,True,17,True,24
Bay,41,40,True,41,False,0
Benzie,13,13,True,13,False,0
Berrien,58,58,True,58,True,55
Branch,21,21,True,21,False,0
Calhoun,56,56,True,56,True,47
Cass,27,21,True,21,True,21
Charlevoix,20,17,True,20,True,20
Cheboygan,22,21,False,0,False,0
Chippewa,19,19,True,19,False,0
Clare,19,19,True,18,True,18
Clinton,33,33,False,0,False,0
Crawford,9,7,True,9,False,0
Delta,22,22,True,22,True,21
Dickinson,15,15,True,15,False,0
Eaton,44,42,True,43,True,39
Emmet,22,22,True,22,True,22
Genesee,156,139,True,156,False,0
Gladwin,17,17,True,17,False,0
Gogebic,10,10,True,10,True,10
Grand Traverse,39,39,True,39,False,0
Gratiot,21,21,True,21,True,21
Hillsdale,26,26,True,26,True,26
Houghton,29,29,False,0,True,29
Huron,32,31,True,31,False,0
Ingham,103,103,True,103,True,81
Ionia,19,19,True,19,False,0
Iosco,18,18,True,18,True,16
Iron,12,12,True,12,True,12
Isabella,23,23,True,23,True,23
Jackson,59,59,True,59,True,56
Kalamazoo,105,105,True,105,True,85
Kalkaska,13,13,True,13,False,0
Kent,240,239,True,233,True,202
Keweenaw,5,5,True,5,False,0
Lake,15,15,True,15,True,15
Lapeer,33,33,False,0,False,0
Leelanau,13,13,True,13,False,0
Lenawee,41,41,True,41,True,40
Livingston,73,71,True,73,True,65
Luce,4,4,True,4,True,4
Mackinac,14,14,True,14,False,0
Macomb,308,308,True,308,True,248
Manistee,16,16,True,16,True,16
Marquette,29,29,True,29,True,28
Mason,24,24,False,0,False,0
Mecosta,20,20,True,20,True,19
Menominee,19,19,False,0,False,0
Midland,34,34,True,34,True,33
Missaukee,18,17,True,18,False,0
Monroe,62,62,True,62,True,61
Montcalm,27,27,True,27,False,0
Montmorency,9,9,True,9,True,9
Muskegon,53,53,True,53,True,52
Newaygo,29,29,True,29,True,29
Oakland,498,498,False,0,True,405
Oceana,17,17,True,17,True,17
Ogemaw,17,17,True,17,False,0
Ontonagon,11,11,True,11,True,11
Osceola,18,18,True,18,True,17
Oscoda,7,7,True,7,True,7
Otsego,13,10,True,9,False,0
Ottawa,101,101,False,0,True,95
Presque Isle,16,16,True,16,False,0
Roscommon,13,9,True,13,True,12
Saginaw,76,76,True,76,True,71
Sanilac,30,30,True,30,False,0
Schoolcraft,9,8,True,8,False,0
Shiawassee,31,31,True,31,True,30
St. Clair,64,64,True,64,False,0
St. Joseph,23,23,True,23,True,23
Tuscola,27,26,True,26,False,0
Van Buren,33,33,True,33,True,32
Washtenaw,120,119,True,120,True,112
Wayne,898,827,True,831,True,712
Wexford,20,20,True,20,True,20
