county,d18,r18,source,gen18,ratio
Alcona,996.0,2163.0,repo,5534,0.571
Alger,1104.0,1032.0,repo,4159,0.514
Allegan,8597.0,15299.0,repo,49853,0.479
Alpena,2695.0,3715.0,repo,13072,0.49
Arenac,1263.0,2233.0,repo,6758,0.517
Baraga,620.0,818.0,repo,3237,0.444
Barry,4586.0,9938.0,repo,26858,0.541
Bay,12463.0,10820.0,repo,46531,0.5
Benzie,2474.0,2738.0,repo,9793,0.532
Branch,2593.0,5310.0,repo,15212,0.52
Cass,2501.0,4760.0,repo,19457,0.373
Charlevoix,2686.0,3886.0,repo,13677,0.481
Cheboygan,2206.0,4049.0,repo,12555,0.498
Chippewa,2767.0,3758.0,repo,13978,0.467
Clare,2028.0,3486.0,repo,11836,0.466
Clinton,8096.0,9587.0,repo,37157,0.476
Crawford,1083.0,2061.0,repo,6259,0.502
Delta,3228.0,3880.0,repo,16430,0.433
Dickinson,1868.0,3263.0,repo,11333,0.453
Eaton,12704.0,12761.0,repo,51106,0.498
Emmet,3653.0,5171.0,repo,17882,0.493
Berrien,10620.0,17376.0,clerk:printed_total,62036,0.451
Genesee,50099.0,31129.0,clerk:printed_total,168545,0.482
Kent,64520.0,68509.0,clerk:printed_total,280291,0.475
Wayne,243809.0,92415.0,clerk:printed_total,659859,0.51
Ingham,42872.0,18539.0,clerk:printed_total,119230,0.515
Saginaw,20772.0,21843.0,clerk:printed_total,80998,0.526
Muskegon,17692.0,14865.0,clerk:summed_precincts,73660,0.442
Jackson,13040.0,18663.0,clerk:printed_total,60852,0.521
Livingston,18403.0,29875.0,clerk:printed_total,97578,0.495
Lenawee,6941.0,9254.0,clerk:printed_total,40052,0.404
Marquette,8798.0,4917.0,clerk:printed_total,30002,0.457
Ottawa,19406.0,41770.0,clerk:summed_precincts,128588,0.476
St. Clair,13855.0,19896.0,clerk:printed_total,67434,0.501
Missaukee,785.0,2852.0,clerk:printed_total,6566,0.554
Calhoun,9810.0,12979.0,clerk:printed_total,50044,0.455
Oceana,2046.0,3733.0,clerk:printed_total,10757,0.537
Kalamazoo,32154.0,22433.0,clerk:printed_total,114862,0.475
Washtenaw,72592.0,22126.0,clerk:summed_precincts,173508,0.546
Gladwin,2135.0,3721.0,clerk:printed_total,11005,0.532
Gratiot,2719.0,4004.0,clerk:summed_precincts,14353,0.468
Hillsdale,2241.0,5439.0,clerk:summed_precincts,16821,0.457
Houghton,3234.0,3170.0,clerk:printed_total,14311,0.447
Ionia,3739.0,7626.0,clerk:printed_total,23830,0.477
Leelanau,4380.0,4020.0,clerk:printed_total,14202,0.591
Manistee,2415.0,3612.0,clerk:printed_total,11717,0.514
Montcalm,3945.0,7786.0,clerk:printed_total,23357,0.502
Ogemaw,1876.0,3701.0,clerk:printed_total,9134,0.611
Oscoda,562.0,1505.0,clerk:printed_total,3732,0.554
Presque Isle,1264.0,2374.0,clerk:printed_total,6677,0.545
St. Joseph,3235.0,5295.0,clerk:printed_total,20438,0.417
Tuscola,4019.0,7831.0,clerk:printed_total,22291,0.532
Wexford,2079.0,5629.0,clerk:printed_total,13976,0.552
Gogebic,1814.0,1351.0,clerk:printed_total,6507,0.486
Huron,1870.0,5774.0,clerk:printed_total,13732,0.557
Luce,411.0,791.0,clerk:printed_total,2420,0.497
Isabella,5801.0,6255.0,clerk:printed_total,22485,0.536
Mason,2773.0,4700.0,clerk:printed_total,13710,0.545
Ontonagon,680.0,847.0,clerk:printed_total,3140,0.486
Schoolcraft,849.0,899.0,clerk:printed_total,3743,0.467
Roscommon,2391.0,4510.0,clerk:summed_precincts,11800,0.585
Van Buren,6335.0,8162.0,clerk:printed_total,29544,0.491
Grand Traverse,13032.0,13696.0,clerk:printed_total,48801,0.548
Iosco,2396.0,3468.0,clerk:printed_total,11690,0.502
Lapeer,7183.0,13868.0,clerk:printed_total,39372,0.535
Menominee,1274.0,1697.0,clerk:printed_total,8784,0.338
Midland,7700.0,11874.0,clerk:summed_precincts,38505,0.508
Newaygo,3148.0,7442.0,clerk:printed_total,20327,0.521
Otsego,1899.0,4239.0,clerk:printed_total,11356,0.541
Macomb,89483.0,87016.0,clerk:printed_total,360226,0.49
Oakland,183385.0,131473.0,clerk:printed_total,605267,0.52
Shiawassee,6278.0,8143.0,clerk:printed_total,29790,0.484
Sanilac,2496.0,6162.0,clerk:printed_total,16402,0.528
