county,whitmer,el_sayed,thanedar,dem_writein,calley,colbeck,hines,schuette,rep_writein,ballots_cast,source_file,page,method,notes
Berrien,5890,3407,1323,0,3181,2957,2178,9060,0,30047,Berrien MI 2018 Primary.pdf,1;6,printed_total,"Totals row, 62 of 62 precincts; repo 2018 Berrien file lacks governor rows"
Genesee,26766,11492,11826,15,6582,3147,4551,16849,0,84342,Genesee MI 2018 Primary.pdf,11;87,printed_total,"Canvass 'Official results' Totals rows; write-ins are qualified WI Cobbs (D) / Space (R); no unresolved write-in column printed"
Kent,28544,26653,9278,45,20258,8355,7149,32672,75,136335,Kent MI 2018 Primary.pdf,4;32,printed_total,"OFFICIAL; writein = generic write-in (44 D / 74 R) + qualified Cobbs 1 / Space 1; printed totals equal sum of 252 precinct rows; ballots_cast = printed Voter Turnout"
Wayne,106457,77828,59065,459,21118,18835,7103,45261,98,,Wayne MI 2018 Primary.pdf,17;147,printed_total,"Official (2018-08-21); printed Total equals sum of 989 precinct rows; no separate AVCB rows (absentee presumably folded into precincts); no ballots cast/turnout printed"
Ingham,27142,9490,6210,30,6168,2431,2441,7476,23,63130,Ingham MI 2018 Primary.pdf,12;192,printed_total,"Used 'Ingham County - Total' row; report also covers Lansing (Eaton Co.) and East Lansing (Clinton Co.) precincts - whole-jurisdiction 'County - Total' would be D 27635/9654/6438 WI30, R 6247/2455/2467/7565 WI24; writein = unresolved write-in"
Saginaw,11014,4606,5117,35,4188,1197,4410,12029,19,44592,Saginaw MI 2018 Primary.pdf,12;184,printed_total,"SOVC run 8/8/2018 12:49 AM with no 'Official' label - may be unofficial election-night results; writein = unresolved write-in"
Muskegon,8887,4426,4375,4,3130,2077,1701,7957,0,33694,Muskegon MI 2018 Primary.pdf,1-465,summed_precincts,"No county total row; summed 67 precinct pages (Total column = absentee + election day; absentee included); writein = qualified WI Cobbs (D) / Space (R); sums match summed Cast Votes (D 17692, R 14865)"
Jackson,6913,2561,3562,4,4317,2531,3228,8537,50,33838,Jackson MI 2018 Primary.pdf,12;146,printed_total,"OFFICIAL RESULTS SOVC; writein = unresolved write-in"
Livingston,11204,5362,1834,3,6520,7768,2349,13238,0,49756,Livingston MI 2018 Primary.pdf,5;39,printed_total,"Board of Canvassers Statement of Official results; writein = qualified WI Cobbs (D) / Space (R); no unresolved column"
Lenawee,4112,2103,717,9,1768,2021,1094,4350,21,17125,Lenawee MI 2018 Primary.pdf,9;119,printed_total,"OFFICIAL RESULTS SOVC; writein = unresolved write-in; governor section shows 17124 times cast vs 17125 turnout"
Marquette,4159,2765,1829,45,1003,369,958,2579,8,14156,Marquette MI 2018 Primary Statement of Votes Cast.pdf,2;21,printed_total,"Scanned/OCR SOVC run 8/8/2018 (maybe unofficial, hand-annotated); verified visually; county Total Votes includes write-ins (R 4909+8=4917, D 8754+44=8798); dem_writein = Cobbs 1 + unresolved 44 (the 'County Michigan - Total' row shows 45 unresolved)"
Ottawa,9318,7494,2593,1,11282,5947,4892,19649,0,62255,Ottawa MI AUG0718_Election_Results.xlsx,,summed_precincts,"No printed county total in file; summed 113 precinct rows (long format). DEM write-in = William Cobbs; REP write-in = Evan Space. ballots_cast = sum over precincts of max of unlabeled 'BALLOTS CAST - TOTAL' rows (file has ~14 per precinct; approximate). LIB gov 240."
St. Clair,8179,3473,2203,0,4174,2143,2489,11089,1,35230,St Clair MI 2018_Aug Primary_Per Pct Report.xlsx,,printed_total,"Grand Totals row matches precinct sum exactly (incl. 4 AVCBs). DEM write-in Cobbs; REP write-in Space. ballots_cast = printed poll book 35277 minus 47 from out-of-county precincts (Imlay/Lapeer, Fremont & Speaker/Sanilac) that had no governor votes. LIB gov 133."
Missaukee,518,116,151,0,704,188,421,1539,0,3776,Missaukee WI August 2018 Spreadsheet.xlsx,,printed_total,"Totals row matches sum of 17 jurisdiction rows. Write-in Cobbs/Space both 0. ballots_cast = Poll Book total. LIB gov 7."
Calhoun,5126,2498,2186,0,3136,1458,1563,6822,0,23666,Calhoun MI 2018 Primary.htm,,printed_total,"Printed Totals match sum of 60 precincts. Write-in Cobbs/Space 0. ballots_cast = poll book total. LIB gov 85."
Oceana,1199,443,402,2,772,579,366,2012,4,,Oceana MI 2018 Primary.htm,,printed_total,"Used 'Official' 2018-08-24 section (file also contains identical 08-08 unofficial section). Printed Total matches 18 precincts. Write-ins are generic 'Write-in' (not candidate-specific). No ballots cast in source. LIB gov 21+2 WI."
Kalamazoo,15404,11825,4898,27,6412,1802,2720,11472,27,,Kalamazoo County Aug 2018 Precinct Pages/contest435.html + contest301.html,,printed_total,"Printed Totals match sum of 107 precincts. Generic WRITE-IN column. No ballots cast in contest pages. LIB gov 226+3 WI."
Washtenaw,33317,33193,6073,9,5172,6205,1700,9049,0,97075,Washtenaw County Aug 2018 Precinct Reports/precinctreport*.html,,summed_precincts,"No county summary; summed 150 in-county precinct reports (precinct+absentee columns). Excluded 6 out-of-county reports (Green Oak/Livingston, Sumpter & Van Buren/Wayne). DEM write-in = William Cobbs only; excluded rejected write-ins (DEM 24, REP 17). ballots_cast summed in-county. LIB gov 261."
Gladwin,1342,317,475,1,674,295,525,2227,0,6189,Gladwin MI 2018 Primary.pdf,R 2-3; D 51-52,printed_total,SOVC County - Total rows; unresolved write-ins; cumulative/absentee group rows are 0 (absentees within precincts)
Gratiot,1519,719,479,2,966,270,447,2320,1,,Gratiot MI 2018 Primary.pdf,2-105 (per-precinct pages),summed_precincts,No county total printed; summed 21 precincts using combined Precinct 1 rows for Arcada/Pine River/Seville (1A/1B splits excluded to avoid double count); report header says UNNOFICIAL; sum of precinct ballots cast = 6956 (not a printed county total)
Hillsdale,1191,395,654,1,1105,849,890,2595,0,8030,Hillsdale MI 2018 Primary.pdf,1-167 (per-precinct pages),summed_precincts,No county total for governor; summed 26 precincts (Total column); write-ins are qualified write-ins William Cobbs (D) and Evan Space (R); sums match per-precinct Cast Votes; ballots_cast from printed header 8030 of 33780 registered
Houghton,1675,902,649,8,431,612,440,1683,4,6807,Houghton MI 2018 Primary.pdf,R 2; D 48,printed_total,SOVC County - Total rows; write-in = Unresolved Write-In
Ionia,2228,866,645,0,4156,593,540,2337,0,11693,Ionia MI 2018 Primary.pdf,R 1-2; D 52-53,printed_total,Printed Totals rows; write-in = Evan Space (W) / D write-in column; header shows both 'Official results' and 'Unofficial Results' (run date 09/21/2018)
Leelanau,2437,1550,385,8,1251,333,377,2056,3,8695,Leelanau MI 2018 Primary.pdf,R 2; D 30,printed_total,SOVC County - Total rows (Election Day + AVCB); report labeled UNOFFICIAL RESULTS (run 8/8/2018 1:24 AM)
Manistee,1491,476,446,2,926,339,434,1905,8,6284,Manistee MI 2018 Primary.pdf,R 1; D 35,printed_total,Election Summary Report OFFICIAL; write-in = Unresolved Write-In (not in Total Votes)
Montcalm,2218,883,844,,2577,748,852,3609,0,12288,Montcalm MI 2018 Primary.pdf,R 1-2; D 59-60,printed_total,Printed Totals rows; report labeled Unofficial Election Night Results; no D write-in column printed; R write-in cols (Evan Space W / William Cobbs W) both 0
Ogemaw,1112,313,449,2,730,273,712,1976,10,,Ogemaw MI 2018 Primary.pdf,R 1; D 6,printed_total,Text layer unusable (cid glyphs) - read from rendered page images; Total rows verified by hand-summing precincts; election-night results per precinct report timestamped 2018-08-07 23:17; ballots cast not printed
Oscoda,358,82,120,2,347,182,255,719,2,2215,Oscoda MI 2018 Primary.pdf,R 2-3; D 24-25,printed_total,SOVC County - Total; printed Total Votes (R 1505 / D 562) exceed named candidates by 2 each with qualified write-ins (Evan Space / William Cobbs) = 0; write-in values here are derived as Total Votes minus named candidates (likely unresolved write-ins)
Presque Isle,826,167,269,2,724,208,301,1139,2,3882,Presque Isle MI 2018 Primary.pdf,R 1; D 12,printed_total,Scanned/OCR summary report; Total Votes exclude write-in line; write-in = Write-in line (Unresolved Write-In also shows 2)
Sanilac,,,,,,,,,,,Sanilac MI 2018 Primary.pdf,,,SOURCE FILE IS WRONG ELECTION: it is the November 6 2018 general Official Vote Totals (Schuette/Lyons vs Whitmer/Gilchrist); no August primary governor data available
St. Joseph,1679,849,707,0,1116,443,778,2958,0,8855,St. Joseph MI 2018 Primary.pdf,R 5-6; D 57-58,printed_total,SOVC County - Total rows OFFICIAL; write-in = qualified write-in (Evan Space / William Cobbs) = 0; no unresolved write-in column
Tuscola,2381,740,897,1,1786,491,1287,4256,11,,Tuscola MI 2018 Primary.pdf,R 1; D 7,printed_total,Results per Precinct with printed Total row (Official); precinct rows re-summed and match exactly; no absentee rows/ballots cast printed
Wexford,1254,481,342,2,1630,364,799,2825,11,8032,Wexford MI 2018 Primary.pdf,R 5-6; D 66-67,printed_total,SOVC County - Total rows; write-in = Unresolved Write-In; report run 8/8/2018 1:56 AM with no OFFICIAL label (may be election-night)
Gogebic,1165,264,378,7,274,122,239,710,6,3528,18_Gogebic_Primary_PR_641106_7.pdf,2-3;11-12,printed_total,candidate sums match printed Total Votes (D 1807; R 1345)
Huron,1070,369,431,0,1488,337,744,3205,0,8112,18_Huron_Primary_PR_641245_7.pdf,3;7-8,printed_total,printed totals verified by summing 31 precincts
Luce,286,50,75,0,238,45,103,404,1,1246,18_Luce_Primary_PR_641328_7.pdf,2;4,printed_total,candidate sums match printed Total Votes (D 411; R 790)
Isabella,3175,1823,798,5,1780,447,635,3380,13,12734,18_Isabella_Primary_PR_641253_7.pdf,1-2;5,printed_total,printed totals verified by summing 30 precincts; ballots_cast from ElectionReporting summary page (12734 of 41468 reg; 30.7%)
Mason,1808,512,452,1,1055,850,460,2326,9,7753,18_Mason_Primary_PR_641342_7.pdf,1-2;8,printed_total,printed totals consistent with printed percentages (D 2773; R 4700); party ballots cast D 2783 R 4824
Ontonagon,400,83,194,3,107,167,230,342,1,1663,18_Ontonagon_Primary_PR_641528_7.pdf,2-3;11-12,printed_total,candidate sums match printed Total Votes (D 677; R 846)
Schoolcraft,522,84,243,0,149,91,135,524,0,1847,18_Schoolcraft_Primary_PR_641541_7.pdf,2;7,printed_total,candidate sums match printed Total Votes (D 849; R 899)
Roscommon,1639,301,450,1,1060,245,674,2519,12,7278,18_Roscommon_Primary_PR_641537_7.pdf,1-57,summed_precincts,no county total in file (per-precinct reports 0001-0014 only; header says Unofficial Results); summed 14 precincts; each precinct checked against printed percentages; ballots_cast summed from precinct STATISTICS pages
Van Buren,3365,1736,1231,3,2178,595,960,4411,18,,18_VanBuren_Primary_PR_641546_7.pdf,1;5,printed_total,"Printed Total rows; precinct columns re-summed and match exactly. No ballots-cast figure in file."
Grand Traverse,6566,5231,1191,44,4222,1238,1454,6765,17,27806,Grand Traverse MI 2018 Primary.pdf,4;5;17;45;46;58;86;87;94,printed_total,"Report split into 3 printed sections (Election Day all pcts + Absentee pcts 1-15/22+ + Absentee Garfield 16-21); values are sum of the 3 printed section totals (R ED 2486/895/849/4219/14 + AV 1376/277/474/2013/3 + Garfield AV 360/66/131/533/0; D ED 4039/4327/621/32 + AV 2061/776/438/10 + Garfield AV 466/128/132/2). Ballots 18073+7818+1915. Percentages verified for each section."
Iosco,1494,368,533,1,682,330,582,1868,6,,Iosco MI 2018 Primary.pdf,1;5-6,printed_total,"Printed Total rows; precinct columns re-summed and match. No ballots-cast figure on governor pages."
Lapeer,4467,1605,1111,0,3033,1557,1559,7719,0,22106,Lapeer MI 2018 Primary.pdf,1,printed_total,"Single rotated summary sheet; all candidate columns re-summed over 41 rows and match. Write-in columns are qualified write-ins only (R Space=0, D Cobbs=0); no unresolved write-in column."
Menominee,865,228,175,6,312,169,201,1013,2,3251,Menominee MI 2018 Primary.pdf,3,printed_total,"Printed county Total row; candidate sums equal printed Total Votes (R 1695, D 1268). Write-ins = Unresolved Write-In column."
Midland,4406,2165,1120,9,1983,580,1076,8226,9,,Midland MI 2018 Primary.pdf,1-280,summed_precincts,"No county total in file (per-precinct report, 74 governor blocks). Summed 64 base precincts; 10 township 'Precinct N' rows are roll-ups of NA/NB/... splits and were excluded (each verified to equal sum of its splits for all columns). Ballots cast not summed."
Newaygo,1754,704,688,2,1490,1419,727,3793,13,10884,Newaygo MI 2018 Primary.pdf,3-6,printed_total,"Printed County - Total rows; candidate sums equal printed Total Votes (R 7429, D 3146). Write-ins = Unresolved Write-In (qualified Space/Cobbs = 0). Ballots = Times Cast."
Otsego,1210,379,304,6,1294,427,541,1970,7,6451,Otsego MI 2018 Primary.pdf,2-3;42-43,printed_total,"Printed Otsego County - Total rows; candidate sums equal printed Total Votes (R 4232, D 1893). Write-ins = Unresolved Write-In (qualified = 0). Ballots = Times Cast."
Macomb,50841,24323,14319,,19537,9870,7774,49835,,186474,https://macombgovdocs.org/clerk/electionresults/2018/August18/301-REP_677-DEM_1053-LIB.html,,printed_total,"Official results updated Aug 17 2018, 338/338 precincts; no write-in line printed; ballots_cast from Macomb Clerk ElectionStats (pastelections.macombgov.org, contests 1248/1249, Total Ballots Cast)"
Oakland,99111,59491,24619,164,37388,17007,9728,67253,97,323891,https://results.enr.clarityelections.com/MI/Oakland/76125/210177/json/sum.json,,printed_total,"Oakland Clerk Clarity ENR final version 210177 (linked from Oakland past-results page), retrieved via Wayback snapshot 20230219223052 because live Clarity is bot-blocked; 516/516 precincts; dem_writein = William Cobbs 39 + rejected write-ins 125; rep_writein = Evan Space 0 + rejected write-ins 97; ballots 323891 matches Oakland official turnout PDF"
Shiawassee,3889,1279,1104,6,1852,925,1014,4336,16,14984,https://shiawassee.net/wp-content/uploads/2023/01/ShiawasseeCountySummaryAugust2018.pdf,1;13,printed_total,"County Clerk 'August 2018 Summary' report dated 2018-08-10; states 33 of 34 precincts reported (may be incomplete); not labeled official"
Sanilac,1508,544,444,,1370,517,822,3453,,9036,https://www.sanilaccounty.gov/Documents/Departments/County%20Clerk/Election%20Information/Elections%20Results/2018/Final%20Contested%20County%20Local%20School%20Results.pdf,1-2,printed_total,"OFFICIAL VOTE TOTALS August Primary Election contested races report dated 8/9/2018, 31/31 precincts; no write-in line printed; same totals in 'Final Countywide Report w school.pdf' (87-page precinct report)"
