district,pres24_dem,pres24_oth,pres24_rep,p24sen_dem,p24sen_rep,p26gov_dem,p26gov_rep,pct_estimated_2024,pct_estimated_2026,counties
1,187890.0,7957.0,291005.0,69552.7,108869.8,109173.6,110450.4,0.0,0.0,"Grand Traverse, Marquette, Emmet, Delta, Houghton, Chippewa, Leelanau, Charlevoix, Alpena, Antrim, Cheboygan, Roscommon, Otsego, Iosco, Dickinson, Menominee, Benzie, Ogemaw, Kalkaska, Arenac, Missaukee, Presque Isle, Crawford, Gogebic, Alcona, Mackinac, Iron, Montmorency, Alger, Oscoda, Schoolcraft, Baraga, Ontonagon, Luce, Wexford, Keweenaw"
2,151234.0,7520.0,283341.0,43300.1,102548.1,82231.7,100800.8,0.3,0.0,"Kent, Muskegon, Barry, Montcalm, Ionia, Isabella, Newaygo, Mecosta, Gratiot, Mason, Clare, Wexford, Gladwin, Manistee, Oceana, Osceola, Lake, Midland, Eaton, Ottawa"
3,226178.0,8216.0,192675.0,70859.6,75792.1,120855.1,70159.0,16.7,0.0,"Kent, Ottawa, Muskegon"
4,201560.0,7441.0,225539.0,52230.9,92675.1,103904.4,84353.6,32.5,0.0,"Kalamazoo, Ottawa, Allegan, Calhoun, Van Buren, Berrien"
5,151305.0,6517.0,265461.0,39415.9,85838.3,73106.8,81567.7,0.0,0.0,"Monroe, Jackson, Lenawee, Berrien, St. Joseph, Cass, Calhoun, Hillsdale, Branch, Kalamazoo"
6,280089.0,12685.0,171949.0,106644.3,45121.4,165591.4,53974.2,6.6,0.0,"Washtenaw, Wayne, Oakland, Monroe"
7,224704.0,9161.0,230607.0,80480.0,70758.5,131547.1,77617.5,5.1,0.0,"Ingham, Livingston, Eaton, Clinton, Shiawassee, Oakland"
8,210008.0,6472.0,219274.0,80468.0,56657.1,114109.3,68119.5,0.0,0.2,"Genesee, Saginaw, Bay, Midland, Tuscola"
9,161552.0,14906.0,319083.0,45890.7,103032.5,91194.7,112204.3,26.6,6.4,"Oakland, Macomb, St. Clair, Lapeer, Tuscola, Sanilac, Huron"
10,199324.0,9858.0,227882.0,68647.2,54886.1,105107.3,65298.6,15.1,0.0,"Macomb, Oakland"
11,262388.0,9663.0,188360.0,101430.2,45291.2,159307.0,58613.8,100.0,0.0,Oakland
12,249017.0,21450.0,106983.0,93346.2,21855.7,135829.6,27770.8,17.4,0.0,"Wayne, Oakland"
13,231273.0,8348.0,94471.0,81578.2,16243.2,111447.8,21533.9,0.0,0.0,Wayne
