year,county,district,side,exact,estimate
2024,Berrien,4,dem,4275.611302475781,4280.205852330724
2024,Berrien,4,rep,6060.393989071038,6474.080269853067
2024,Berrien,5,dem,4985.388697524219,4980.794147669276
2024,Berrien,5,rep,12165.606010928961,11751.919730146932
2024,Calhoun,4,dem,4713.475494753619,4797.110024103219
2024,Calhoun,4,rep,5753.226878345948,5928.567172784931
2024,Calhoun,5,dem,2803.5245052463806,2719.8899758967814
2024,Calhoun,5,rep,5056.7731216540515,4881.432827215069
2024,Eaton,2,dem,283.0,266.40024171618495
2024,Eaton,2,rep,593.0,581.134600422363
2024,Eaton,7,dem,10925.0,10941.599758283815
2024,Eaton,7,rep,8948.0,8959.865399577637
2024,Kalamazoo,4,dem,25242.316635768606,25260.33483155167
2024,Kalamazoo,4,rep,15889.527333705983,16046.782920542419
2024,Kalamazoo,5,dem,1158.683364231395,1140.6651684483318
2024,Kalamazoo,5,rep,1968.472666294019,1811.2170794575816
2024,Kent,2,dem,6575.221739893711,6057.461718349565
2024,Kent,2,rep,14968.055375814694,14484.462917452196
2024,Kent,3,dem,55933.778260106286,56451.538281650435
2024,Kent,3,rep,48880.94462418531,49364.5370825478
2024,Macomb,9,dem,12369.737777025883,11465.824062513771
2024,Macomb,9,rep,22346.432730705,22285.49054889402
2024,Macomb,10,dem,58446.26222297411,59350.17593748623
2024,Macomb,10,rep,46384.567269294996,46445.50945110599
2024,Midland,2,dem,484.93053566313375,449.11067025648293
2024,Midland,2,rep,1590.945059625213,1481.7438505448883
2024,Midland,8,dem,6496.069464336866,6531.889329743517
2024,Midland,8,rep,7783.054940374787,7892.256149455112
2024,Monroe,5,dem,9123.32294800172,9104.795300818796
2024,Monroe,5,rep,13763.403361344539,13773.552799121844
2024,Monroe,6,dem,166.67705199828106,185.2046991812033
2024,Monroe,6,rep,107.59663865546219,97.44720087815587
2024,Muskegon,2,dem,5463.0,5025.367524675828
2024,Muskegon,2,rep,5623.0,5443.574929971988
2024,Muskegon,3,dem,10635.0,11072.632475324172
2024,Muskegon,3,rep,6667.0,6846.425070028012
2024,Tuscola,8,dem,94.88535800482703,100.89929328621908
2024,Tuscola,8,rep,138.0903525438041,144.8636763412489
2024,Tuscola,9,dem,2388.1146419951733,2382.100706713781
2024,Tuscola,9,rep,9273.909647456196,9267.136323658751
2024,Wayne,6,dem,37635.188918424734,38228.874467889465
2024,Wayne,6,rep,26643.48917250424,25757.520067802994
2024,Wayne,12,dem,75621.64226118222,71111.50275588635
2024,Wayne,12,rep,19509.352909189776,20868.785535361145
2024,Wayne,13,dem,81578.16882039304,85494.62277622419
2024,Wayne,13,rep,16243.157918305984,15769.69439683586
2024,Wexford,1,dem,166.67987220447284,161.1416781292985
2024,Wexford,1,rep,540.8400954653938,537.0157328181065
2024,Wexford,2,dem,1395.320127795527,1400.8583218707015
2024,Wexford,2,rep,3215.159904534606,3218.9842671818938
2026,Berrien,4,dem,7268.563418803419,7690.329188723378
2026,Berrien,4,rep,5343.856463576999,5526.236485158246
2026,Berrien,5,dem,10239.43658119658,9817.670811276621
2026,Berrien,5,rep,10405.143536423002,10222.763514841754
2026,Calhoun,4,dem,8505.842773365006,8861.60610687023
2026,Calhoun,4,rep,5932.160982632952,6026.946201347306
2026,Calhoun,5,dem,4930.157226634994,4574.393893129771
2026,Calhoun,5,rep,5156.839017367048,5062.053798652695
2026,Eaton,2,dem,460.0,396.3701931293796
2026,Eaton,2,rep,663.0,648.871403232164
2026,Eaton,7,dem,17518.0,17581.62980687062
2026,Eaton,7,rep,10114.0,10128.128596767836
2026,Kalamazoo,4,dem,43122.98589228031,43381.0182970851
2026,Kalamazoo,4,rep,17592.541378609192,17680.521025854014
2026,Kalamazoo,5,dem,2264.0141077196918,2005.9817029148994
2026,Kalamazoo,5,rep,2045.4586213908094,1957.4789741459867
2026,Kent,2,dem,12306.850009543805,12099.108649778065
2026,Kent,2,rep,14947.030998370206,14408.451640788642
2026,Kent,3,dem,92090.1499904562,92297.89135022194
2026,Kent,3,rep,46961.96900162979,47500.54835921136
2026,Macomb,9,dem,23181.822987627787,20918.719966240194
2026,Macomb,9,rep,25058.743948379397,24538.47703424935
2026,Macomb,10,dem,88992.17701237222,91255.2800337598
2026,Macomb,10,rep,55229.2560516206,55749.52296575066
2026,Midland,2,dem,861.5112989477316,797.3981762917933
2026,Midland,2,rep,1286.1930191242554,1319.2623215108244
2026,Midland,8,dem,10712.488701052269,10776.601823708206
2026,Midland,8,rep,8276.806980875745,8243.737678489177
2026,Monroe,5,dem,15290.24150222788,15263.596513075965
2026,Monroe,5,rep,16133.266343974023,16145.409588327255
2026,Monroe,6,dem,366.75849777211965,393.4034869240349
2026,Monroe,6,rep,160.7336560259788,148.59041167274623
2026,Muskegon,2,dem,9092.0,8455.77420410453
2026,Muskegon,2,rep,7855.0,7323.852528372842
2026,Muskegon,3,dem,14166.0,14802.22579589547
2026,Muskegon,3,rep,7920.999999999999,8452.147471627157
2026,Oakland,6,dem,10566.531467584944,10065.101047007625
2026,Oakland,6,rep,5052.622336491389,4955.507235947869
2026,Oakland,7,dem,7437.0744043472205,7279.436951182731
2026,Oakland,7,rep,5703.543056387138,5823.5425761573515
2026,Oakland,9,dem,30844.655064790302,25272.88352363307
2026,Oakland,9,rep,31244.19455499595,31966.591268889424
2026,Oakland,10,dem,16115.157602659288,16368.47584988582
2026,Oakland,10,rep,10069.304265135772,11154.140801151354
2026,Oakland,11,dem,159307.0219590358,163389.99636778835
2026,Oakland,11,rep,58613.813475152325,56863.114016150954
2026,Oakland,12,dem,26320.559501582436,28215.106260502394
2026,Oakland,12,rep,2700.5223118374247,2621.104101703046
2026,Ottawa,2,dem,171.0,159.1955320331004
2026,Ottawa,2,rep,432.0,398.14928275146906
2026,Ottawa,3,dem,14599.0,14548.105207754612
2026,Ottawa,3,rep,15276.0,14956.171923608712
2026,Ottawa,4,dem,22016.0,22078.699260212285
2026,Ottawa,4,rep,30714.000000000004,31067.67879363982
2026,Wayne,6,dem,61323.09187111219,57045.45431284472
2026,Wayne,6,rep,30680.834441875784,31204.658706307986
2026,Wayne,12,dem,109509.07023491434,113178.03690225736
2026,Wayne,12,rep,25070.288199511808,25138.933958685884
2026,Wayne,13,dem,111447.83789397348,112056.50878489793
2026,Wayne,13,rep,21533.877358612408,20941.407335006126
2026,Wexford,1,dem,342.6265356265356,349.43269884432357
2026,Wexford,1,rep,690.4056375247743,663.4774011299435
2026,Wexford,2,dem,2900.3734643734642,2893.5673011556764
2026,Wexford,2,rep,3833.594362475226,3860.5225988700563
