chamber,district,party,candidate,votes,pct,won_primary
Senate,1,DEM,Justin Onwenu,18928,58.7,True
Senate,1,DEM,Abraham Aiyash,13336,41.3,False
Senate,1,REP,Patrick O'Connell,4060,100.0,True
Senate,2,DEM,Abbas Alawieh,23734,58.9,True
Senate,2,DEM,Erin Byrnes,16578,41.1,False
Senate,2,REP,Harry Sawicki,9068,100.0,True
Senate,3,DEM,John Conyers,9426,24.4,True
Senate,3,DEM,Adam Hollier,7488,19.4,False
Senate,3,DEM,Eboni Taylor,7248,18.8,False
Senate,3,DEM,Korey Hall,4225,10.9,False
Senate,3,DEM,LaTanya Garrett,2829,7.3,False
Senate,3,DEM,Mohammad Alam,2179,5.6,False
Senate,3,DEM,Toinu Reeves,1998,5.2,False
Senate,3,DEM,Kimberly Hill Knott,1734,4.5,False
Senate,3,DEM,Abraham Shaw,517,1.3,False
Senate,3,DEM,Gary Hunter,494,1.3,False
Senate,3,DEM,LeJuan Council,489,1.3,False
Senate,3,REP,Mark Price,989,100.0,True
Senate,4,DEM,Darrin Camilleri,35309,100.0,True
Senate,4,REP,Marcie Grzywacz,18602,100.0,True
Senate,5,DEM,Matt Koleszar,41595,100.0,True
Senate,5,REP,Estelle Oliansky,15796,100.0,True
Senate,6,DEM,Mary Cavanagh,37383,85.7,True
Senate,6,DEM,Stephen Jensen,6240,14.3,False
Senate,6,REP,Joi Pokerwinski,2278,100.0,True
Senate,7,DEM,Jason Hoskins,29117,57.2,True
Senate,7,DEM,Shadia Martini,17040,33.5,False
Senate,7,DEM,Rakesh Ramakrishnan,4744,9.3,False
Senate,7,REP,Anthony Paesano,11686,100.0,True
Senate,8,DEM,Dayna Polehanki,46011,100.0,True
Senate,8,REP,Kenneth Massey,22002,100.0,True
Senate,9,DEM,Theresa Brooks,17487,46.7,True
Senate,9,DEM,Brendan Johnson,11243,30.0,False
Senate,9,DEM,Ren Nushaj,8690,23.2,False
Senate,9,REP,Michael Webber,20148,100.0,True
Senate,10,DEM,Natalie Price,36567,65.0,True
Senate,10,DEM,Amanda Treppa,15276,27.1,False
Senate,10,DEM,Mark Murphy,4451,7.9,False
Senate,10,REP,Michelle Nard,11424,100.0,True
Senate,11,DEM,Veronica Klinefelt,17636,56.6,True
Senate,11,DEM,Alysha Johnson,10090,32.4,False
Senate,11,DEM,Joseph Hunt,3423,11.0,False
Senate,11,REP,Johnnie Townsend,14476,100.0,True
Senate,12,DEM,Kevin Hertel,35910,100.0,True
Senate,12,REP,John Goldwater,11613,47.0,True
Senate,12,REP,Shelley Wright,4958,20.1,False
Senate,12,REP,Joseph Backus,4199,17.0,False
Senate,12,REP,Eileen Tesch,2763,11.2,False
Senate,12,REP,Patrick Biange,1169,4.7,False
Senate,13,DEM,Sean Carlson,23218,60.1,True
Senate,13,DEM,Cecil George,10742,27.8,False
Senate,13,DEM,DC Anderson,4688,12.1,False
Senate,13,REP,Ryan Berman,21591,100.0,True
Senate,14,DEM,Sue Shink,43462,100.0,True
Senate,14,REP,Tawn Beliger,19659,100.0,True
Senate,15,DEM,Felicia Brabec,43000,75.9,True
Senate,15,DEM,Michael White,13685,24.1,False
Senate,15,REP,Jason Rogers,10633,100.0,True
Senate,16,DEM,Deandre Barnes,21746,100.0,True
Senate,16,REP,Joseph Bellino,26257,100.0,True
Senate,17,DEM,Ashleigh Baker,11166,55.2,True
Senate,17,DEM,Brett Muchow,5174,25.6,False
Senate,17,DEM,Mike Jones,3871,19.2,False
Senate,17,REP,Jonathan Lindsey,26515,100.0,True
Senate,18,DEM,Anthony Pennock,25671,100.0,True
Senate,18,REP,Thomas Albert,28587,100.0,True
Senate,19,DEM,Julie Rogers,43446,100.0,True
Senate,19,REP,Shaun Young,18149,100.0,True
Senate,20,DEM,Dale Murney,26946,100.0,True
Senate,20,REP,Chris Moraitis,12716,42.6,True
Senate,20,REP,Kenny Clevenger,12527,42.0,False
Senate,20,REP,Curtis Clark,4611,15.4,False
Senate,21,DEM,Sarah Anthony,41633,100.0,True
Senate,21,REP,Josh Burns,17770,100.0,True
Senate,22,DEM,Robert Hower,31050,100.0,True
Senate,22,REP,Mike Murphy,33990,100.0,True
Senate,23,DEM,Greg Hill,18471,56.4,True
Senate,23,DEM,Margarette Gupta,14273,43.6,False
Senate,23,REP,Donni Steele,23150,62.0,True
Senate,23,REP,Daniel Lawless,14188,38.0,False
Senate,24,DEM,Edlira Sako,14592,52.6,True
Senate,24,DEM,Frank Borsellino,13141,47.4,False
Senate,24,REP,Douglas Wozniak,20829,69.6,True
Senate,24,REP,Terence Mekoski,9099,30.4,False
Senate,25,DEM,April Osentoski,22694,100.0,True
Senate,25,REP,Andrew Beeler,21918,62.2,True
Senate,25,REP,Gary Eisen,6365,18.1,False
Senate,25,REP,Randy Schultz,5221,14.8,False
Senate,25,REP,John Mahaney,1727,4.9,False
Senate,26,DEM,Brendan Johnson,15849,57.0,True
Senate,26,DEM,Martin Cousineau,11968,43.0,False
Senate,26,REP,Matthew Bierlein,14183,43.0,True
Senate,26,REP,Gabriel Lossing,8154,24.7,False
Senate,26,REP,Daltson Atwell,5559,16.8,False
Senate,26,REP,Candice Miller,3766,11.4,False
Senate,26,REP,James Graham,1331,4.0,False
Senate,27,DEM,John Cherry,36352,100.0,True
Senate,27,REP,Bill Bain,8364,64.1,True
Senate,27,REP,Tammy Parillo,4680,35.9,False
Senate,28,DEM,Rashida Harrison,17723,41.8,True
Senate,28,DEM,Mark Polsdofer,16078,37.9,False
Senate,28,DEM,Robert Pena,4969,11.7,False
Senate,28,DEM,Ted Kilvington,3672,8.7,False
Senate,28,REP,Julie DeRose,19287,100.0,True
Senate,29,DEM,Abbie Groff-Blaszak,19101,47.7,True
Senate,29,DEM,Phil Skaggs,13113,32.7,False
Senate,29,DEM,Ivan Diaz,7865,19.6,False
Senate,29,REP,Brady Middleton,13405,100.0,True
Senate,30,DEM,Carol Glanville,36013,83.4,True
Senate,30,DEM,Rickie Kreuzer,7151,16.6,False
Senate,30,REP,Mark Huizenga,26812,100.0,True
Senate,31,DEM,Chris Kleinjans,24165,75.4,True
Senate,31,DEM,Keagan Host,7886,24.6,False
Senate,31,REP,John Wetzel,16514,40.2,True
Senate,31,REP,Kevin Maas,13428,32.7,False
Senate,31,REP,Michael Markey,11112,27.1,False
Senate,32,DEM,Rebecca Amidon,32271,100.0,True
Senate,32,REP,Kim Cole,20496,76.1,True
Senate,32,REP,Max Riekse,6453,23.9,False
Senate,33,DEM,Stan Opal,22227,100.0,True
Senate,33,REP,Gina Johnsen,11904,32.7,True
Senate,33,REP,Katie DeBoer,10434,28.6,False
Senate,33,REP,Joseph Fox,7719,21.2,False
Senate,33,REP,Thomas Norton,6373,17.5,False
Senate,34,DEM,Tyler Landgraf,22200,100.0,True
Senate,34,REP,Roger Hauck,25943,84.7,True
Senate,34,REP,Rhonda Lange,4671,15.3,False
Senate,35,DEM,Chedrick Greene,37569,100.0,True
Senate,35,REP,Jason Tunney,20362,89.6,True
Senate,35,REP,Chadwick Twillman,2353,10.4,False
Senate,36,DEM,Mark Yonkman,25922,100.0,True
Senate,36,REP,Michele Hoitenga,39198,100.0,True
Senate,37,DEM,Kate Gallup,32236,78.1,True
Senate,37,DEM,Mitchell Treadwell,9045,21.9,False
Senate,37,REP,John Damoose,34470,100.0,True
Senate,38,DEM,Kelli Van Ginhoven,30552,100.0,True
Senate,38,REP,David Prestin,17099,53.0,True
Senate,38,REP,Beau LaFave,15168,47.0,False
House,1,DEM,Tyrone Carter,5248,69.6,True
House,1,DEM,Teddy Dorsette,1345,17.8,False
House,1,DEM,Jermaine Tobey,945,12.5,False
House,1,REP,Valerie Whittaker,487,100.0,True
House,2,DEM,Joanna Whaley,6484,56.4,True
House,2,DEM,Frank Liberati,3944,34.3,False
House,2,DEM,Gary Schlack,1075,9.3,False
House,2,REP,Ron Kokinda,3177,74.4,True
House,2,REP,Zacharia Ortiz,1095,25.6,False
House,3,DEM,Alabas Farhat,8214,63.2,True
House,3,DEM,Hussein Berry,3097,23.8,False
House,3,DEM,Othman Alaansi,1683,13.0,False
House,3,REP,Gus Tarraf,1261,100.0,True
House,4,DEM,Regina Ross,6399,55.5,True
House,4,DEM,Krystal Larsosa,3571,31.0,False
House,4,DEM,Anthony McDonald,765,6.6,False
House,4,DEM,Tyus Monroe,685,5.9,False
House,4,REP,Everett Davis,261,100.0,True
House,5,DEM,Candace Calloway,10986,56.0,True
House,5,DEM,Crystal Bailey,7725,39.3,False
House,5,DEM,Soummer Moore-Crawford,923,4.7,False
House,5,REP,Chris Venable,564,100.0,True
House,6,DEM,Melanie Macey,15558,65.4,True
House,6,DEM,David Lauer,6918,29.1,False
House,6,DEM,Charlie Gandy-Thompson,1329,5.6,False
House,6,REP,Mike Steger,5305,100.0,True
House,7,DEM,Tonya Phillips,7256,63.2,True
House,7,DEM,Seema Ahmad,3517,30.7,False
House,7,DEM,Oliver Gantt,701,6.1,False
House,7,REP,Reginald Moorer,344,100.0,True
House,8,DEM,Chris Gilmer-Hill,9713,48.8,True
House,8,DEM,Helena Scott,8556,43.0,False
House,8,DEM,Deanne Austin,1253,6.3,False
House,8,DEM,Fedor Kinaya,380,1.9,False
House,8,REP,Bruce Langran,620,72.7,True
House,8,REP,Tonya Wells,233,27.3,False
House,9,DEM,Willie Burton,3496,23.1,True
House,9,DEM,Rick Silva,3456,22.8,False
House,9,DEM,Arthur Harrington,2714,17.9,False
House,9,DEM,Patricia Hurt,1764,11.6,False
House,9,DEM,Darryl Ervin,1024,6.8,False
House,9,DEM,Toni Mua,909,6.0,False
House,9,DEM,Anthony Eid,813,5.4,False
House,9,DEM,Karriem Holman,595,3.9,False
House,9,DEM,Bryant Hepp,391,2.6,False
House,9,REP,Michele Lundgren,363,100.0,True
House,10,DEM,Veronica Paiz,12049,73.6,True
House,10,DEM,Ryan Nelson,2814,17.2,False
House,10,DEM,Andrew Cyburt,1508,9.2,False
House,10,REP,Peter Ochs,4304,100.0,True
House,11,DEM,Kimberly Fisher,6037,63.2,True
House,11,DEM,Michael Howard,2272,23.8,False
House,11,DEM,Cranstana Brown Anderson,1246,13.0,False
House,11,REP,Matthew Stafford,581,54.2,True
House,11,REP,Eddie Kabacinski,290,27.1,False
House,11,REP,Dale Walker,201,18.8,False
House,12,DEM,Kimberly Edwards,11762,100.0,True
House,12,REP,Randell Shafer,2001,57.8,True
House,12,REP,Brian Hakola,1462,42.2,False
House,13,DEM,Mai Xiong,11236,100.0,True
House,13,REP,Mark Foster,2229,36.4,True
House,13,REP,Julie Leonardi,2174,35.5,False
House,13,REP,Casey Armitage,1722,28.1,False
House,14,DEM,Mike McFall,9877,70.8,True
House,14,DEM,Minhaj Chowdhury,4075,29.2,False
House,14,REP,Larry Szyska,4314,100.0,True
House,15,DEM,Jalal Abdallah,8380,51.3,True
House,15,DEM,Gary Woronchak,4253,26.0,False
House,15,DEM,Leslie Herrick,3694,22.6,False
House,15,REP,Hassan Nehme,2471,100.0,True
House,16,DEM,Stephanie Young,16597,100.0,True
House,16,REP,Brian Duggan,3151,100.0,True
House,17,DEM,Laurie Pohutsky,13365,100.0,True
House,17,REP,Ken Crider,4191,100.0,True
House,18,DEM,Kelly Garrett,19246,100.0,True
House,18,REP,Ryan Foster,1886,71.7,True
House,18,REP,Ronald Ulmer-Paul,744,28.3,False
House,19,DEM,Samantha Steckloff,15826,73.8,True
House,19,DEM,Brandon Young,5607,26.2,False
House,19,REP,Kevin Hammer,3223,65.6,True
House,19,REP,Mitch Swoboda,1688,34.4,False
House,20,DEM,Noah Arbit,17179,100.0,True
House,20,REP,S. Sullivan,3353,57.9,True
House,20,REP,Hermon Barbe,2434,42.1,False
House,21,DEM,Kelly Breen,12790,100.0,True
House,21,REP,Ross Barranco,6463,100.0,True
House,22,DEM,Lisa McIntyre,18046,100.0,True
House,22,REP,Casey Noce,9929,100.0,True
House,23,DEM,Jason Morgan,11938,100.0,True
House,23,REP,Miriam Corvino,4503,100.0,True
House,24,DEM,Ranjeev Puri,16599,100.0,True
House,24,REP,Allison Fuller,5735,100.0,True
House,25,DEM,Peter Herzberg,11405,100.0,True
House,25,REP,Dawn Udell,4407,100.0,True
House,26,DEM,Dylan Wegela,10715,100.0,True
House,26,REP,Chris Dobis,3123,100.0,True
House,27,DEM,Jaime Churches,13321,100.0,True
House,27,REP,Rylee Linting,8475,100.0,True
House,28,DEM,Sherry Berecz,10223,100.0,True
House,28,REP,Jamie Thompson,6930,100.0,True
House,29,DEM,Darian Counts,4729,55.5,True
House,29,DEM,Rich Li,3789,44.5,False
House,29,REP,James DeSana,6623,100.0,True
House,30,DEM,Omar Ferdin,7842,100.0,True
House,30,REP,William Bruck,8645,100.0,True
House,31,DEM,Shannon Wayne,12572,100.0,True
House,31,REP,Laura Perry,7720,100.0,True
House,32,DEM,Jimmie Wilson,14799,79.3,True
House,32,DEM,William Riney,3863,20.7,False
House,32,REP,Mike Eller,1361,58.0,True
House,32,REP,Martin Church,984,42.0,False
House,33,DEM,Morgan Foreman,21594,100.0,True
House,33,REP,Catherine Rogers,3622,100.0,True
House,34,REP,Nancy Jenkins-Arno,8236,100.0,True
House,35,DEM,Jeff Cooley,5029,100.0,True
House,35,REP,Jennifer Wortz,9403,100.0,True
House,36,DEM,Cole Slaski,5859,100.0,True
House,36,REP,Steve Carra,5945,58.5,True
House,36,REP,Luke Lori,3579,35.2,False
House,36,REP,Max Coon,643,6.3,False
House,37,DEM,Angela Jones,7036,100.0,True
House,37,REP,Brad Paquette,8021,88.8,True
House,37,REP,Steve Bury,1011,11.2,False
House,38,DEM,Joey Andrews,13819,100.0,True
House,38,REP,Mark Krieger,8617,100.0,True
House,39,DEM,Kerry Tapper,5869,68.6,True
House,39,DEM,Zachary Shinabargar,2686,31.4,False
House,39,REP,Pauline Wendzel,6970,70.8,True
House,39,REP,Bill Sage,2875,29.2,False
House,40,DEM,Matt Longjohn,16737,100.0,True
House,40,REP,Robert Sitarski,7000,100.0,True
House,41,DEM,Jen Strebs,8220,55.6,True
House,41,DEM,Jessica Swartz,6563,44.4,False
House,41,REP,Nicole Sabel,2116,100.0,True
House,42,DEM,Nick Rowe,7092,58.8,True
House,42,DEM,Bill Korb,4979,41.2,False
House,42,REP,Matt Hall,9443,100.0,True
House,43,DEM,Alan Swank,7493,100.0,True
House,43,REP,Rachelle Smit,13487,100.0,True
House,44,DEM,Jim Haadsma,8156,100.0,True
House,44,REP,Steve Frisbie,5382,100.0,True
House,45,DEM,Randy Davis,7617,100.0,True
House,45,REP,Sarah Lightner,10560,100.0,True
House,46,DEM,Jan Maino,9438,100.0,True
House,46,REP,Kathy Schmaltz,6236,100.0,True
House,47,DEM,Carrie Rheingans,20014,100.0,True
House,47,REP,Justin Griffis,6525,100.0,True
House,48,DEM,Jennifer Conlin,17051,100.0,True
House,48,REP,Brian Ignatowski,9464,100.0,True
House,49,DEM,Dan Pelchat,10777,100.0,True
House,49,REP,Ann Bollin,9325,100.0,True
House,50,DEM,Cassie Canedo,9376,100.0,True
House,50,REP,Jason Woolford,12578,100.0,True
House,51,DEM,Stacey McDuffie,7974,65.2,True
House,51,DEM,Gary Murrell,4257,34.8,False
House,51,REP,Matt Maddock,11866,100.0,True
House,52,DEM,Brendan Leddy,6136,55.1,True
House,52,DEM,Tom Owensby,4991,44.9,False
House,52,REP,Mike Harris,11471,100.0,True
House,53,DEM,Brenda Carter,10133,93.0,True
House,53,DEM,Robert Anderlie,762,7.0,False
House,53,REP,Melissa Schultz,3307,100.0,True
House,54,DEM,Sarah Pounds,12285,100.0,True
House,54,REP,Roman Gaskey,4850,50.3,True
House,54,REP,Jeffrey Omtvedt,4790,49.7,False
House,55,DEM,Alex Hawkins,12619,100.0,True
House,55,REP,Mark Tisdel,9426,100.0,True
House,56,DEM,Sharon MacDonell,14315,100.0,True
House,56,REP,Ashok Baddi,5562,100.0,True
House,57,DEM,Tom Turner,8914,100.0,True
House,57,REP,Thomas Kuhn,5408,100.0,True
House,58,DEM,Katrina Manetta,9676,100.0,True
House,58,REP,Ron Robinson,6066,100.0,True
House,59,DEM,Jason Robbins,8692,100.0,True
House,59,REP,Sylvia Grot,5513,48.7,True
House,59,REP,Jean Zott,3677,32.5,False
House,59,REP,Matt Grubb,2125,18.8,False
House,60,DEM,Amy Gray,10160,100.0,True
House,60,REP,Joseph Aragona,8840,100.0,True
House,61,DEM,Denise Mentzer,9912,84.2,True
House,61,DEM,Mahbube Khan,1858,15.8,False
House,61,REP,Robert Wojtowicz,4935,72.4,True
House,61,REP,John Grossenbacher,1882,27.6,False
House,62,DEM,Matthew Smith,5865,61.2,True
House,62,DEM,Craig Plesco,2128,22.2,False
House,62,DEM,Phil Anosike,1585,16.5,False
House,62,REP,Alicia St. Germaine,8273,100.0,True
House,63,DEM,Jamie Sonneberger,5817,64.5,True
House,63,DEM,Robert Kelly McFarland,3199,35.5,False
House,63,REP,Jay DeBoyer,12180,100.0,True
House,64,DEM,Ken Heuvelman,8944,100.0,True
House,64,REP,Joseph Pavlov,9913,100.0,True
House,65,DEM,James O'Brien,3831,58.6,True
House,65,DEM,James Andonoff,2711,41.4,False
House,65,REP,Jaime Greene,12639,100.0,True
House,66,DEM,Ned Zimmer,9415,100.0,True
House,66,REP,Josh Schriver,12973,100.0,True
House,67,DEM,Leslie Getz,9584,100.0,True
House,67,REP,Phil Green,8990,82.2,True
House,67,REP,Sherri Cross,1946,17.8,False
House,68,DEM,Matt Schlinker,8648,67.4,True
House,68,DEM,Isaiah Grays,4182,32.6,False
House,68,REP,David Martin,8049,100.0,True
House,69,DEM,Jasper Martus,12896,100.0,True
House,69,REP,Patrick Duvendeck,5248,100.0,True
House,70,DEM,Cynthia Neeley,9918,93.4,True
House,70,REP,Larry Hutchinson,872,60.8,True
House,70,REP,Rob Waskoviak,563,39.2,False
House,71,DEM,Stephen Schlaack,11005,100.0,True
House,71,REP,Brian BeGole,10460,100.0,True
House,72,DEM,Thomas Ryan,11808,100.0,True
House,72,REP,Mike Mueller,9183,100.0,True
House,73,DEM,Julie Brixie,12710,100.0,True
House,73,REP,Joshua Rockey,2270,39.7,True
House,73,REP,Daniel Ewart,1962,34.3,False
House,73,REP,Norm Grant,1487,26.0,False
House,74,DEM,Harold Pope,7186,46.6,True
House,74,DEM,TyJuan Thirdgill,4397,28.5,False
House,74,DEM,Aaron Iturralde,3833,24.9,False
House,74,REP,Clinton Tarver,3997,100.0,True
House,75,DEM,Penelope Tsernoglou,17391,100.0,True
House,75,REP,Frank Lambert,6385,100.0,True
House,76,DEM,Angela Witwer,14084,100.0,True
House,76,REP,Bill Kaiser,5239,69.2,True
House,76,REP,John Ludtke,2327,30.8,False
House,77,DEM,Emily Dievendorf,15735,100.0,True
House,77,REP,Sally Nelton,5306,100.0,True
House,78,DEM,Rachel Gross,8062,100.0,True
House,78,REP,Brandon Strong,5743,50.3,True
House,78,REP,Terence Frewen,3027,26.5,False
House,78,REP,Miguel Pilar,1341,11.7,False
House,78,REP,Kaleb Hudson,1317,11.5,False
House,79,DEM,Zach Abbott,9252,100.0,True
House,79,REP,Angela Rigas,12266,100.0,True
House,80,DEM,Lily Cheng-Schulting,6823,40.4,True
House,80,DEM,Kris Pachla,5344,31.6,False
House,80,DEM,Kristen Fauson,4723,28.0,False
House,80,REP,Doug Lee,7254,100.0,True
House,81,DEM,Stephen Wooden,16540,100.0,True
House,81,REP,Holly DeBoer,8081,100.0,True
House,82,DEM,Kristian Grant,12065,74.0,True
House,82,DEM,Robert Womack,4230,26.0,False
House,82,REP,Ryan Malinoski,2737,100.0,True
House,83,DEM,John Fitzgerald,8646,100.0,True
House,83,REP,Cindy Ramirez,4671,100.0,True
House,84,DEM,Khristian Silvis,11252,78.9,True
House,84,DEM,Justin Rackham,3007,21.1,False
House,84,REP,Drew Robbins,6962,100.0,True
House,85,DEM,Richard Abraham,7337,100.0,True
House,85,REP,Bradley Slagh,12891,83.7,True
House,85,REP,John O'Brien,2513,16.3,False
House,86,DEM,Joseph McClusky,11172,100.0,True
House,86,REP,Nancy DeBoer,10363,100.0,True
House,87,DEM,Will Snyder,10453,100.0,True
House,87,REP,Cody Chipman,4447,100.0,True
House,88,DEM,Kiel Reid,13148,100.0,True
House,88,REP,Greg VanWoerkom,11482,90.1,True
House,88,REP,Ethan Frasier,1267,9.9,False
House,89,DEM,Meegan Zickus,7235,100.0,True
House,89,REP,Joe Moss,7216,54.8,True
House,89,REP,Patrick Kapenga,5941,45.2,False
House,90,DEM,Rachel Crowther,12027,100.0,True
House,90,REP,Lynn Afendoulis,6648,49.5,True
House,90,REP,Susannah Watts,4219,31.4,False
House,90,REP,Andrew Willis,1831,13.6,False
House,90,REP,Jordan Youngquist,739,5.5,False
House,91,DEM,Frank Lafata,7291,100.0,True
House,91,REP,Pat Outman,10961,100.0,True
House,92,DEM,Luke Del Castillo,8082,100.0,True
House,92,REP,Jerry Neyer,7185,100.0,True
House,93,DEM,Serenity Salak,8431,100.0,True
House,93,REP,Tim Kelly,10687,100.0,True
House,94,DEM,Amos O'Neal,11929,100.0,True
House,94,REP,Don Sugg,3571,100.0,True
House,95,DEM,AnnMarie Horseman,8777,79.6,True
House,95,DEM,Gary VanBlaricum,2249,20.4,False
House,95,REP,Bill Schuette,10094,100.0,True
House,96,DEM,Christopher Girard,12297,100.0,True
House,96,REP,Timothy Beson,8577,100.0,True
House,97,DEM,Jack Bader,5031,56.4,True
House,97,DEM,Kandie Sherman,3893,43.6,False
House,97,REP,Briar Bearss,8889,68.4,True
House,97,REP,Mark Piotrowski,4099,31.6,False
House,98,DEM,Keith Brusseau,6545,100.0,True
House,98,REP,Gregory Alexander,13308,100.0,True
House,99,DEM,David Forgione,8228,100.0,True
House,99,REP,Mike Hoadley,12798,100.0,True
House,100,DEM,Tracy Ruell,7482,100.0,True
House,100,REP,Tom Kunse,11625,100.0,True
House,101,DEM,Christopher Crain,7489,100.0,True
House,101,REP,Jaxon Deur,3523,26.5,True
House,101,REP,Rich Vance,3415,25.7,False
House,101,REP,Luke Eising,3350,25.2,False
House,101,REP,Gary Anderson,1877,14.1,False
House,101,REP,Ben Townsend,1144,8.6,False
House,102,DEM,Angel Coon,10566,100.0,True
House,102,REP,Curt Vanderwall,11629,100.0,True
House,103,DEM,Betsy Coffia,20622,100.0,True
House,103,REP,Edwin Dean,10686,100.0,True
House,104,DEM,Mitchell Distin,11035,100.0,True
House,104,REP,John Roth,13046,100.0,True
House,105,DEM,Rachel Longendyke Teeter,8518,100.0,True
House,105,REP,Ken Borton,13960,100.0,True
House,106,DEM,Mary Hamilton,5940,62.7,True
House,106,DEM,Phillip Aderhold,3534,37.3,False
House,106,REP,Cam Cavitt,13886,100.0,True
House,107,DEM,Melissa Perron,7835,62.6,True
House,107,DEM,Brendan Ryan,4686,37.4,False
House,107,REP,Parker Fairbairn,12070,100.0,True
House,108,DEM,Rachel Keys,7981,100.0,True
House,108,REP,Larry Johnson,3470,29.6,True
House,108,REP,Casey Hoffman,2283,19.5,False
House,108,REP,Daryl Schroeder,2017,17.2,False
House,108,REP,Christopher Reynolds,1606,13.7,False
House,108,REP,Steven Viau,1291,11.0,False
House,108,REP,Kurt Perron,1054,9.0,False
House,109,DEM,Anna Rink,13778,100.0,True
House,109,REP,Karl Bohnak,9604,100.0,True
House,110,DEM,Brian Irizarry,9159,100.0,True
House,110,REP,Gregory Markkanen,9909,100.0,True
