chamber,district,dem_nominee,rep_nominee,dem_nominee_pct,rep_nominee_pct,dem_contested,rep_contested,dem_other_candidates,rep_other_candidates,dem_nominee_votes,rep_nominee_votes,dem_primary_votes_total,rep_primary_votes_total,dem_candidates_on_ballot,rep_candidates_on_ballot,counties,notes
Senate,1,Justin Onwenu,Patrick O'Connell,58.7,100.0,True,False,"Abraham Aiyash (13,336)",,18928.0,4060,32264,4060,2,1,Wayne,
Senate,2,Abbas Alawieh,Harry Sawicki,58.9,100.0,True,False,"Erin Byrnes (16,578)",,23734.0,9068,40312,9068,2,1,Wayne,
Senate,3,John Conyers,Mark Price,24.4,100.0,True,False,"Adam Hollier (7,488); Eboni Taylor (7,248); Korey Hall (4,225); LaTanya Garrett (2,829); Mohammad Alam (2,179); Toinu Reeves (1,998); Kimberly Hill Knott (1,734); Abraham Shaw (517); Gary Hunter (494); LeJuan Council (489)",,9426.0,989,38627,989,11,1,Wayne,
Senate,4,Darrin Camilleri,Marcie Grzywacz,100.0,100.0,False,False,,,35309.0,18602,35309,18602,1,1,Wayne,
Senate,5,Matt Koleszar,Estelle Oliansky,100.0,100.0,False,False,,,41595.0,15796,41595,15796,1,1,Wayne,
Senate,6,Mary Cavanagh,Joi Pokerwinski,85.7,100.0,True,False,"Stephen Jensen (6,240)",,37383.0,2278,43623,2278,2,1,Wayne,
Senate,7,Jason Hoskins,Anthony Paesano,57.2,100.0,True,False,"Shadia Martini (17,040); Rakesh Ramakrishnan (4,744)",,29117.0,11686,50901,11686,3,1,Oakland,
Senate,8,Dayna Polehanki,Kenneth Massey,100.0,100.0,False,False,,,46011.0,22002,46011,22002,1,1,"Oakland, Wayne",
Senate,9,Theresa Brooks,Michael Webber,46.7,100.0,True,False,"Brendan Johnson (11,243); Ren Nushaj (8,690)",,17487.0,20148,37420,20148,3,1,"Macomb, Oakland",
Senate,10,Natalie Price,Michelle Nard,65.0,100.0,True,False,"Amanda Treppa (15,276); Mark Murphy (4,451)",,36567.0,11424,56294,11424,3,1,"Macomb, Oakland",
Senate,11,Veronica Klinefelt,Johnnie Townsend,56.6,100.0,True,False,"Alysha Johnson (10,090); Joseph Hunt (3,423)",,17636.0,14476,31149,14476,3,1,Macomb,
Senate,12,Kevin Hertel,John Goldwater,100.0,47.0,False,True,,"Shelley Wright (4,958); Joseph Backus (4,199); Eileen Tesch (2,763); Patrick Biange (1,169)",35910.0,11613,35910,24702,1,5,"Macomb, St Clair, Wayne",
Senate,13,Sean Carlson,Ryan Berman,60.1,100.0,True,False,"Cecil George (10,742); DC Anderson (4,688)",,23218.0,21591,38648,21591,3,1,Oakland,
Senate,14,Sue Shink,Tawn Beliger,100.0,100.0,False,False,,,43462.0,19659,43462,19659,1,1,"Jackson, Washtenaw",
Senate,15,Felicia Brabec,Jason Rogers,75.9,100.0,True,False,"Michael White (13,685)",,43000.0,10633,56685,10633,2,1,"Lenawee, Monroe, Washtenaw",
Senate,16,Deandre Barnes,Joseph Bellino,100.0,100.0,False,False,,,21746.0,26257,21746,26257,1,1,"Hillsdale, Lenawee, Monroe",
Senate,17,Ashleigh Baker,Jonathan Lindsey,55.2,100.0,True,False,"Brett Muchow (5,174); Mike Jones (3,871)",,11166.0,26515,20211,26515,3,1,"Berrien, Branch, Calhoun, Cass, Hillsdale, Jackson, St Joseph",
Senate,18,Anthony Pennock,Thomas Albert,100.0,100.0,False,False,,,25671.0,28587,25671,28587,1,1,"Allegan, Barry, Calhoun, Ionia, Kalamazoo, Kent",
Senate,19,Julie Rogers,Shaun Young,100.0,100.0,False,False,,,43446.0,18149,43446,18149,1,1,"Kalamazoo, Van Buren",
Senate,20,Dale Murney,Chris Moraitis,100.0,42.6,False,True,,"Kenny Clevenger (12,527); Curtis Clark (4,611)",26946.0,12716,26946,29854,1,3,"Allegan, Berrien, Kent, Van Buren",close REP primary: won by 189 votes
Senate,21,Sarah Anthony,Josh Burns,100.0,100.0,False,False,,,41633.0,17770,41633,17770,1,1,"Eaton, Ingham",
Senate,22,Robert Hower,Mike Murphy,100.0,100.0,False,False,,,31050.0,33990,31050,33990,1,1,"Genesee, Ingham, Livingston, Oakland, Shiawassee",
Senate,23,Greg Hill,Donni Steele,56.4,62.0,True,True,"Margarette Gupta (14,273)","Daniel Lawless (14,188)",18471.0,23150,32744,37338,2,2,"Genesee, Lapeer, Oakland",
Senate,24,Edlira Sako,Douglas Wozniak,52.6,69.6,True,True,"Frank Borsellino (13,141)","Terence Mekoski (9,099)",14592.0,20829,27733,29928,2,2,Macomb,
Senate,25,April Osentoski,Andrew Beeler,100.0,62.2,False,True,,"Gary Eisen (6,365); Randy Schultz (5,221); John Mahaney (1,727)",22694.0,21918,22694,35231,1,4,"Huron, Lapeer, Macomb, Sanilac, St Clair, Tuscola",
Senate,26,Brendan Johnson,Matthew Bierlein,57.0,43.0,True,True,"Martin Cousineau (11,968)","Gabriel Lossing (8,154); Daltson Atwell (5,559); Candice Miller (3,766); James Graham (1,331)",15849.0,14183,27817,32993,2,5,"Genesee, Lapeer, Saginaw, Tuscola",
Senate,27,John Cherry,Bill Bain,100.0,64.1,False,True,,"Tammy Parillo (4,680)",36352.0,8364,36352,13044,1,2,Genesee,
Senate,28,Rashida Harrison,Julie DeRose,41.8,100.0,True,False,"Mark Polsdofer (16,078); Robert Pena (4,969); Ted Kilvington (3,672)",,17723.0,19287,42442,19287,4,1,"Clinton, Ingham, Shiawassee",
Senate,29,Abbie Groff-Blaszak,Brady Middleton,47.7,100.0,True,False,"Phil Skaggs (13,113); Ivan Diaz (7,865)",,19101.0,13405,40079,13405,3,1,Kent,
Senate,30,Carol Glanville,Mark Huizenga,83.4,100.0,True,False,"Rickie Kreuzer (7,151)",,36013.0,26812,43164,26812,2,1,"Kent, Ottawa",
Senate,31,Chris Kleinjans,John Wetzel,75.4,40.2,True,True,"Keagan Host (7,886)","Kevin Maas (13,428); Michael Markey (11,112)",24165.0,16514,32051,41054,2,3,"Allegan, Ottawa",
Senate,32,Rebecca Amidon,Kim Cole,100.0,76.1,False,True,,"Max Riekse (6,453)",32271.0,20496,32271,26949,1,2,"Benzie, Manistee, Mason, Muskegon, Oceana",
Senate,33,Stan Opal,Gina Johnsen,100.0,32.7,False,True,,"Katie DeBoer (10,434); Joseph Fox (7,719); Thomas Norton (6,373)",22227.0,11904,22227,36430,1,4,"Ionia, Kent, Lake, Montcalm, Muskegon, Newaygo, Ottawa",
Senate,34,Tyler Landgraf,Roger Hauck,100.0,84.7,False,True,,"Rhonda Lange (4,671)",22200.0,25943,22200,30614,1,2,"Bay, Clare, Clinton, Gladwin, Gratiot, Isabella, Lake, Mecosta, Midland, Osceola, Saginaw",
Senate,35,Chedrick Greene,Jason Tunney,100.0,89.6,False,True,,"Chadwick Twillman (2,353)",37569.0,20362,37569,22715,1,2,"Bay, Midland, Saginaw",
Senate,36,Mark Yonkman,Michele Hoitenga,100.0,100.0,False,False,,,25922.0,39198,25922,39198,1,1,"Alcona, Alpena, Arenac, Bay, Crawford, Iosco, Kalkaska, Manistee, Missaukee, Montmorency, Ogemaw, Oscoda, Otsego, Presque Isle, Roscommon, Wexford",
Senate,37,Kate Gallup,John Damoose,78.1,100.0,True,False,"Mitchell Treadwell (9,045)",,32236.0,34470,41281,34470,2,1,"Antrim, Charlevoix, Cheboygan, Chippewa, Emmet, Grand Traverse, Leelanau, Mackinac",
Senate,38,Kelli Van Ginhoven,David Prestin,100.0,53.0,False,True,,"Beau LaFave (15,168)",30552.0,17099,30552,32267,1,2,"Alger, Baraga, Chippewa, Delta, Dickinson, Gogebic, Houghton, Iron, Keweenaw, Luce, Mackinac, Marquette, Menominee, Ontonagon, Schoolcraft",
House,1,Tyrone Carter,Valerie Whittaker,69.6,100.0,True,False,"Teddy Dorsette (1,345); Jermaine Tobey (945)",,5248.0,487,7538,487,3,1,Wayne,
House,2,Joanna Whaley,Ron Kokinda,56.4,74.4,True,True,"Frank Liberati (3,944); Gary Schlack (1,075)","Zacharia Ortiz (1,095)",6484.0,3177,11503,4272,3,2,Wayne,
House,3,Alabas Farhat,Gus Tarraf,63.2,100.0,True,False,"Hussein Berry (3,097); Othman Alaansi (1,683)",,8214.0,1261,12994,1261,3,1,Wayne,
House,4,Regina Ross,Everett Davis,55.5,100.0,True,False,"Krystal Larsosa (3,571); Anthony McDonald (765); Tyus Monroe (685)",,6399.0,261,11532,261,4,1,Wayne,
House,5,Candace Calloway,Chris Venable,56.0,100.0,True,False,"Crystal Bailey (7,725); Soummer Moore-Crawford (923)",,10986.0,564,19634,564,3,1,"Oakland, Wayne",
House,6,Melanie Macey,Mike Steger,65.4,100.0,True,False,"David Lauer (6,918); Charlie Gandy-Thompson (1,329)",,15558.0,5305,23805,5305,3,1,Oakland,
House,7,Tonya Phillips,Reginald Moorer,63.2,100.0,True,False,"Seema Ahmad (3,517); Oliver Gantt (701)",,7256.0,344,11474,344,3,1,Wayne,
House,8,Chris Gilmer-Hill,Bruce Langran,48.8,72.7,True,True,"Helena Scott (8,556); Deanne Austin (1,253); Fedor Kinaya (380)",Tonya Wells (233),9713.0,620,19902,853,4,2,"Oakland, Wayne",
House,9,Willie Burton,Michele Lundgren,23.1,100.0,True,False,"Rick Silva (3,456); Arthur Harrington (2,714); Patricia Hurt (1,764); Darryl Ervin (1,024); Toni Mua (909); Anthony Eid (813); Karriem Holman (595); Bryant Hepp (391)",,3496.0,363,15162,363,9,1,Wayne,close DEM primary: won by 40 votes
House,10,Veronica Paiz,Peter Ochs,73.6,100.0,True,False,"Ryan Nelson (2,814); Andrew Cyburt (1,508)",,12049.0,4304,16371,4304,3,1,Wayne,
House,11,Kimberly Fisher,Matthew Stafford,63.2,54.2,True,True,"Michael Howard (2,272); Cranstana Brown Anderson (1,246)",Eddie Kabacinski (290); Dale Walker (201),6037.0,581,9555,1072,3,3,"Macomb, Wayne",
House,12,Kimberly Edwards,Randell Shafer,100.0,57.8,False,True,,"Brian Hakola (1,462)",11762.0,2001,11762,3463,1,2,"Macomb, Wayne",
House,13,Mai Xiong,Mark Foster,100.0,36.4,False,True,,"Julie Leonardi (2,174); Casey Armitage (1,722)",11236.0,2229,11236,6125,1,3,Macomb,close REP primary: won by 55 votes
House,14,Mike McFall,Larry Szyska,70.8,100.0,True,False,"Minhaj Chowdhury (4,075)",,9877.0,4314,13952,4314,2,1,"Macomb, Oakland",
House,15,Jalal Abdallah,Hassan Nehme,51.3,100.0,True,False,"Gary Woronchak (4,253); Leslie Herrick (3,694)",,8380.0,2471,16327,2471,3,1,Wayne,
House,16,Stephanie Young,Brian Duggan,100.0,100.0,False,False,,,16597.0,3151,16597,3151,1,1,Wayne,
House,17,Laurie Pohutsky,Ken Crider,100.0,100.0,False,False,,,13365.0,4191,13365,4191,1,1,Wayne,
House,18,Kelly Garrett,Ryan Foster,100.0,71.7,False,True,,Ronald Ulmer-Paul (744),19246.0,1886,19246,2630,1,2,Oakland,
House,19,Samantha Steckloff,Kevin Hammer,73.8,65.6,True,True,"Brandon Young (5,607)","Mitch Swoboda (1,688)",15826.0,3223,21433,4911,2,2,Oakland,
House,20,Noah Arbit,S. Sullivan,100.0,57.9,False,True,,"Hermon Barbe (2,434)",17179.0,3353,17179,5787,1,2,Oakland,
House,21,Kelly Breen,Ross Barranco,100.0,100.0,False,False,,,12790.0,6463,12790,6463,1,1,Oakland,
House,22,Lisa McIntyre,Casey Noce,100.0,100.0,False,False,,,18046.0,9929,18046,9929,1,1,Wayne,
House,23,Jason Morgan,Miriam Corvino,100.0,100.0,False,False,,,11938.0,4503,11938,4503,1,1,"Oakland, Washtenaw, Wayne",
House,24,Ranjeev Puri,Allison Fuller,100.0,100.0,False,False,,,16599.0,5735,16599,5735,1,1,Wayne,
House,25,Peter Herzberg,Dawn Udell,100.0,100.0,False,False,,,11405.0,4407,11405,4407,1,1,Wayne,
House,26,Dylan Wegela,Chris Dobis,100.0,100.0,False,False,,,10715.0,3123,10715,3123,1,1,Wayne,
House,27,Jaime Churches,Rylee Linting,100.0,100.0,False,False,,,13321.0,8475,13321,8475,1,1,Wayne,
House,28,Sherry Berecz,Jamie Thompson,100.0,100.0,False,False,,,10223.0,6930,10223,6930,1,1,"Monroe, Wayne",
House,29,Darian Counts,James DeSana,55.5,100.0,True,False,"Rich Li (3,789)",,4729.0,6623,8518,6623,2,1,"Monroe, Wayne",
House,30,Omar Ferdin,William Bruck,100.0,100.0,False,False,,,7842.0,8645,7842,8645,1,1,"Lenawee, Monroe",
House,31,Shannon Wayne,Laura Perry,100.0,100.0,False,False,,,12572.0,7720,12572,7720,1,1,"Lenawee, Monroe, Washtenaw, Wayne",
House,32,Jimmie Wilson,Mike Eller,79.3,58.0,True,True,"William Riney (3,863)",Martin Church (984),14799.0,1361,18662,2345,2,2,Washtenaw,
House,33,Morgan Foreman,Catherine Rogers,100.0,100.0,False,False,,,21594.0,3622,21594,3622,1,1,Washtenaw,
House,34,,Nancy Jenkins-Arno,,100.0,False,False,,,,8236,482,8236,0,1,Lenawee,no Democratic candidate on the primary ballot (482 Democratic write-in votes; check the official canvass for a write-in nominee)
House,35,Jeff Cooley,Jennifer Wortz,100.0,100.0,False,False,,,5029.0,9403,5029,9403,1,1,"Branch, Hillsdale, Lenawee",
House,36,Cole Slaski,Steve Carra,100.0,58.5,False,True,,"Luke Lori (3,579); Max Coon (643)",5859.0,5945,5859,10167,1,3,"Cass, St Joseph",
House,37,Angela Jones,Brad Paquette,100.0,88.8,False,True,,"Steve Bury (1,011)",7036.0,8021,7036,9032,1,2,"Berrien, Cass",
House,38,Joey Andrews,Mark Krieger,100.0,100.0,False,False,,,13819.0,8617,13819,8617,1,1,"Allegan, Berrien, Van Buren",
House,39,Kerry Tapper,Pauline Wendzel,68.6,70.8,True,True,"Zachary Shinabargar (2,686)","Bill Sage (2,875)",5869.0,6970,8555,9845,2,2,"Allegan, Berrien, Van Buren",
House,40,Matt Longjohn,Robert Sitarski,100.0,100.0,False,False,,,16737.0,7000,16737,7000,1,1,Kalamazoo,
House,41,Jen Strebs,Nicole Sabel,55.6,100.0,True,False,"Jessica Swartz (6,563)",,8220.0,2116,14783,2116,2,1,Kalamazoo,
House,42,Nick Rowe,Matt Hall,58.8,100.0,True,False,"Bill Korb (4,979)",,7092.0,9443,12071,9443,2,1,"Allegan, Kalamazoo",
House,43,Alan Swank,Rachelle Smit,100.0,100.0,False,False,,,7493.0,13487,7493,13487,1,1,"Allegan, Barry, Eaton, Ottawa",
House,44,Jim Haadsma,Steve Frisbie,100.0,100.0,False,False,,,8156.0,5382,8156,5382,1,1,Calhoun,
House,45,Randy Davis,Sarah Lightner,100.0,100.0,False,False,,,7617.0,10560,7617,10560,1,1,"Calhoun, Jackson, Kalamazoo",
House,46,Jan Maino,Kathy Schmaltz,100.0,100.0,False,False,,,9438.0,6236,9438,6236,1,1,"Jackson, Washtenaw",
House,47,Carrie Rheingans,Justin Griffis,100.0,100.0,False,False,,,20014.0,6525,20014,6525,1,1,"Jackson, Washtenaw",
House,48,Jennifer Conlin,Brian Ignatowski,100.0,100.0,False,False,,,17051.0,9464,17051,9464,1,1,"Jackson, Livingston, Washtenaw",
House,49,Dan Pelchat,Ann Bollin,100.0,100.0,False,False,,,10777.0,9325,10777,9325,1,1,"Livingston, Oakland",
House,50,Cassie Canedo,Jason Woolford,100.0,100.0,False,False,,,9376.0,12578,9376,12578,1,1,Livingston,
House,51,Stacey McDuffie,Matt Maddock,65.2,100.0,True,False,"Gary Murrell (4,257)",,7974.0,11866,12231,11866,2,1,Oakland,
House,52,Brendan Leddy,Mike Harris,55.1,100.0,True,False,"Tom Owensby (4,991)",,6136.0,11471,11127,11471,2,1,Oakland,
House,53,Brenda Carter,Melissa Schultz,93.0,100.0,True,False,Robert Anderlie (762),,10133.0,3307,10895,3307,2,1,Oakland,
House,54,Sarah Pounds,Roman Gaskey,100.0,50.3,False,True,,"Jeffrey Omtvedt (4,790)",12285.0,4850,12285,9640,1,2,Oakland,close REP primary: won by 60 votes
House,55,Alex Hawkins,Mark Tisdel,100.0,100.0,False,False,,,12619.0,9426,12619,9426,1,1,Oakland,
House,56,Sharon MacDonell,Ashok Baddi,100.0,100.0,False,False,,,14315.0,5562,14315,5562,1,1,Oakland,
House,57,Tom Turner,Thomas Kuhn,100.0,100.0,False,False,,,8914.0,5408,8914,5408,1,1,"Macomb, Oakland",
House,58,Katrina Manetta,Ron Robinson,100.0,100.0,False,False,,,9676.0,6066,9676,6066,1,1,Macomb,
House,59,Jason Robbins,Sylvia Grot,100.0,48.7,False,True,,"Jean Zott (3,677); Matt Grubb (2,125)",8692.0,5513,8692,11315,1,3,Macomb,
House,60,Amy Gray,Joseph Aragona,100.0,100.0,False,False,,,10160.0,8840,10160,8840,1,1,Macomb,
House,61,Denise Mentzer,Robert Wojtowicz,84.2,72.4,True,True,"Mahbube Khan (1,858)","John Grossenbacher (1,882)",9912.0,4935,11770,6817,2,2,Macomb,
House,62,Matthew Smith,Alicia St. Germaine,61.2,100.0,True,False,"Craig Plesco (2,128); Phil Anosike (1,585)",,5865.0,8273,9578,8273,3,1,Macomb,
House,63,Jamie Sonneberger,Jay DeBoyer,64.5,100.0,True,False,"Robert Kelly McFarland (3,199)",,5817.0,12180,9016,12180,2,1,"Macomb, St Clair",
House,64,Ken Heuvelman,Joseph Pavlov,100.0,100.0,False,False,,,8944.0,9913,8944,9913,1,1,"Sanilac, St Clair",
House,65,James O'Brien,Jaime Greene,58.6,100.0,True,False,"James Andonoff (2,711)",,3831.0,12639,6542,12639,2,1,"Lapeer, Macomb, St Clair",
House,66,Ned Zimmer,Josh Schriver,100.0,100.0,False,False,,,9415.0,12973,9415,12973,1,1,"Macomb, Oakland",
House,67,Leslie Getz,Phil Green,100.0,82.2,False,True,,"Sherri Cross (1,946)",9584.0,8990,9584,10936,1,2,"Genesee, Lapeer, Tuscola",
House,68,Matt Schlinker,David Martin,67.4,100.0,True,False,"Isaiah Grays (4,182)",,8648.0,8049,12830,8049,2,1,"Genesee, Oakland",
House,69,Jasper Martus,Patrick Duvendeck,100.0,100.0,False,False,,,12896.0,5248,12896,5248,1,1,Genesee,
House,70,Cynthia Neeley,Larry Hutchinson,93.4,60.8,False,True,,Rob Waskoviak (563),9918.0,872,10617,1435,1,2,Genesee,
House,71,Stephen Schlaack,Brian BeGole,100.0,100.0,False,False,,,11005.0,10460,11005,10460,1,1,"Genesee, Saginaw, Shiawassee",
House,72,Thomas Ryan,Mike Mueller,100.0,100.0,False,False,,,11808.0,9183,11808,9183,1,1,"Genesee, Livingston, Oakland",
House,73,Julie Brixie,Joshua Rockey,100.0,39.7,False,True,,"Daniel Ewart (1,962); Norm Grant (1,487)",12710.0,2270,12710,5719,1,3,Ingham,
House,74,Harold Pope,Clinton Tarver,46.6,100.0,True,False,"TyJuan Thirdgill (4,397); Aaron Iturralde (3,833)",,7186.0,3997,15416,3997,3,1,Ingham,
House,75,Penelope Tsernoglou,Frank Lambert,100.0,100.0,False,False,,,17391.0,6385,17391,6385,1,1,"Clinton, Ingham, Shiawassee",
House,76,Angela Witwer,Bill Kaiser,100.0,69.2,False,True,,"John Ludtke (2,327)",14084.0,5239,14084,7566,1,2,Eaton,
House,77,Emily Dievendorf,Sally Nelton,100.0,100.0,False,False,,,15735.0,5306,15735,5306,1,1,"Clinton, Eaton, Ingham",
House,78,Rachel Gross,Brandon Strong,100.0,50.3,False,True,,"Terence Frewen (3,027); Miguel Pilar (1,341); Kaleb Hudson (1,317)",8062.0,5743,8062,11428,1,4,"Barry, Eaton, Ionia, Kent",
House,79,Zach Abbott,Angela Rigas,100.0,100.0,False,False,,,9252.0,12266,9252,12266,1,1,"Allegan, Barry, Kent",
House,80,Lily Cheng-Schulting,Doug Lee,40.4,100.0,True,False,"Kris Pachla (5,344); Kristen Fauson (4,723)",,6823.0,7254,16890,7254,3,1,Kent,
House,81,Stephen Wooden,Holly DeBoer,100.0,100.0,False,False,,,16540.0,8081,16540,8081,1,1,Kent,
House,82,Kristian Grant,Ryan Malinoski,74.0,100.0,True,False,"Robert Womack (4,230)",,12065.0,2737,16295,2737,2,1,Kent,
House,83,John Fitzgerald,Cindy Ramirez,100.0,100.0,False,False,,,8646.0,4671,8646,4671,1,1,Kent,
House,84,Khristian Silvis,Drew Robbins,78.9,100.0,True,False,"Justin Rackham (3,007)",,11252.0,6962,14259,6962,2,1,Kent,
House,85,Richard Abraham,Bradley Slagh,100.0,83.7,False,True,,"John O'Brien (2,513)",7337.0,12891,7337,15404,1,2,Ottawa,
House,86,Joseph McClusky,Nancy DeBoer,100.0,100.0,False,False,,,11172.0,10363,11172,10363,1,1,"Allegan, Ottawa",
House,87,Will Snyder,Cody Chipman,100.0,100.0,False,False,,,10453.0,4447,10453,4447,1,1,Muskegon,
House,88,Kiel Reid,Greg VanWoerkom,100.0,90.1,False,True,,"Ethan Frasier (1,267)",13148.0,11482,13148,12749,1,2,"Muskegon, Ottawa",
House,89,Meegan Zickus,Joe Moss,100.0,54.8,False,True,,"Patrick Kapenga (5,941)",7235.0,7216,7235,13157,1,2,"Kent, Muskegon, Ottawa",
House,90,Rachel Crowther,Lynn Afendoulis,100.0,49.5,False,True,,"Susannah Watts (4,219); Andrew Willis (1,831); Jordan Youngquist (739)",12027.0,6648,12027,13437,1,4,Kent,
House,91,Frank Lafata,Pat Outman,100.0,100.0,False,False,,,7291.0,10961,7291,10961,1,1,"Ionia, Kent, Montcalm",
House,92,Luke Del Castillo,Jerry Neyer,100.0,100.0,False,False,,,8082.0,7185,8082,7185,1,1,"Gratiot, Isabella",
House,93,Serenity Salak,Tim Kelly,100.0,100.0,False,False,,,8431.0,10687,8431,10687,1,1,"Clinton, Gratiot, Ionia, Montcalm, Saginaw",
House,94,Amos O'Neal,Don Sugg,100.0,100.0,False,False,,,11929.0,3571,11929,3571,1,1,Saginaw,
House,95,AnnMarie Horseman,Bill Schuette,79.6,100.0,True,False,"Gary VanBlaricum (2,249)",,8777.0,10094,11026,10094,2,1,"Bay, Gladwin, Midland",
House,96,Christopher Girard,Timothy Beson,100.0,100.0,False,False,,,12297.0,8577,12297,8577,1,1,Bay,
House,97,Jack Bader,Briar Bearss,56.4,68.4,True,True,"Kandie Sherman (3,893)","Mark Piotrowski (4,099)",5031.0,8889,8924,12988,2,2,"Bay, Genesee, Saginaw, Tuscola",
House,98,Keith Brusseau,Gregory Alexander,100.0,100.0,False,False,,,6545.0,13308,6545,13308,1,1,"Huron, Lapeer, Sanilac, Tuscola",
House,99,David Forgione,Mike Hoadley,100.0,100.0,False,False,,,8228.0,12798,8228,12798,1,1,"Arenac, Bay, Clare, Gladwin, Iosco, Ogemaw",
House,100,Tracy Ruell,Tom Kunse,100.0,100.0,False,False,,,7482.0,11625,7482,11625,1,1,"Clare, Lake, Mecosta, Osceola",
House,101,Christopher Crain,Jaxon Deur,100.0,26.5,False,True,,"Rich Vance (3,415); Luke Eising (3,350); Gary Anderson (1,877); Ben Townsend (1,144)",7489.0,3523,7489,13309,1,5,"Lake, Mason, Newaygo, Oceana, Wexford",close REP primary: won by 108 votes
House,102,Angel Coon,Curt Vanderwall,100.0,100.0,False,False,,,10566.0,11629,10566,11629,1,1,"Manistee, Mason, Muskegon, Oceana",
House,103,Betsy Coffia,Edwin Dean,100.0,100.0,False,False,,,20622.0,10686,20622,10686,1,1,"Benzie, Grand Traverse, Leelanau",
House,104,Mitchell Distin,John Roth,100.0,100.0,False,False,,,11035.0,13046,11035,13046,1,1,"Antrim, Benzie, Grand Traverse, Kalkaska, Manistee, Wexford",
House,105,Rachel Longendyke Teeter,Ken Borton,100.0,100.0,False,False,,,8518.0,13960,8518,13960,1,1,"Antrim, Crawford, Kalkaska, Missaukee, Oscoda, Otsego, Roscommon",
House,106,Mary Hamilton,Cam Cavitt,62.7,100.0,True,False,"Phillip Aderhold (3,534)",,5940.0,13886,9474,13886,2,1,"Alcona, Alpena, Cheboygan, Montmorency, Oscoda, Presque Isle",
House,107,Melissa Perron,Parker Fairbairn,62.6,100.0,True,False,"Brendan Ryan (4,686)",,7835.0,12070,12521,12070,2,1,"Charlevoix, Cheboygan, Chippewa, Emmet, Mackinac",
House,108,Rachel Keys,Larry Johnson,100.0,29.6,False,True,,"Casey Hoffman (2,283); Daryl Schroeder (2,017); Christopher Reynolds (1,606); Steven Viau (1,291); Kurt Perron (1,054)",7981.0,3470,7981,11721,1,6,"Chippewa, Delta, Luce, Mackinac, Menominee, Schoolcraft",
House,109,Anna Rink,Karl Bohnak,100.0,100.0,False,False,,,13778.0,9604,13778,9604,1,1,"Alger, Baraga, Dickinson, Marquette",
House,110,Brian Irizarry,Gregory Markkanen,100.0,100.0,False,False,,,9159.0,9909,9159,9909,1,1,"Dickinson, Gogebic, Houghton, Iron, Keweenaw, Ontonagon",
