level,name,counties,harris_two_party_pct_2024,harris_margin_pct_2024,pres_total_2016,pres_total_2024,dem_primary_2016,rep_primary_2016,dem_primary_2018,rep_primary_2018,dem_primary_2024,rep_primary_2024,dem_primary_2026,rep_primary_2026,dem_share_primary_2016,dem_share_primary_2018,dem_share_primary_2024,dem_share_primary_2026,shift_pts_2016_2018,shift_pts_2024_2026,whitmer_two_party_pct_2018,primary_lean_vs_harris_2026,dem_change_pct_2024_2026,rep_change_pct_2024_2026,dem_change_pct_2018_2026,rep_change_pct_2018_2026,all_primary_per100_2018,all_primary_per100_2026,dem_primary_per100_2018,dem_primary_per100_2026,rep_primary_per100_2018,rep_primary_per100_2026,notes
state,Michigan,"Alcona, Alger, Allegan, Alpena, Antrim, Arenac, Baraga, Barry, Bay, Benzie, Berrien, Branch, Calhoun, Cass, Charlevoix, Cheboygan, Chippewa, Clare, Clinton, Crawford, Delta, Dickinson, Eaton, Emmet, Genesee, Gladwin, Gogebic, Grand Traverse, Gratiot, Hillsdale, Houghton, Huron, Ingham, Ionia, Iosco, Iron, Isabella, Jackson, Kalamazoo, Kalkaska, Kent, Keweenaw, Lake, Lapeer, Leelanau, Lenawee, Livingston, Luce, Mackinac, Macomb, Manistee, Marquette, Mason, Mecosta, Menominee, Midland, Missaukee, Monroe, Montcalm, Montmorency, Muskegon, Newaygo, Oakland, Oceana, Ogemaw, Ontonagon, Osceola, Oscoda, Otsego, Ottawa, Presque Isle, Roscommon, Saginaw, Sanilac, Schoolcraft, Shiawassee, St. Clair, St. Joseph, Tuscola, Van Buren, Washtenaw, Wayne, Wexford",49.3,-1.4,4799284.0,5683344.0,496213.0,637949.0,1131447.0,989525.0,933844.0,879569.0,1503406.0,932464.0,45.9,53.3,51.5,61.7,8.9,10.2,54.9,12.4,61.0,6.0,32.9,-5.8,44.2,42.9,23.6,26.5,20.6,16.4,2018 = official statewide totals; 2016->2018 shift uses the 60 counties with usable 2016 and 2018 data
region,West Michigan,"Ottawa, Allegan, Barry, Ionia, Montcalm, Newaygo, Oceana",36.0,-27.5,316882.0,402143.0,11976.0,73078.0,45467.0,93594.0,28734.0,117648.0,76868.0,100023.0,15.0,32.7,19.6,43.5,17.6,23.9,39.1,7.5,167.5,-15.0,69.1,6.9,43.8,44.0,14.3,19.1,29.5,24.9,Montcalm's 2016 House baseline is unusable; 2016->2018 shift uses the 6 counties with usable 2016 and 2018 data
region,The Thumb,"Huron, Tuscola, Sanilac, Lapeer, St. Clair",30.3,-38.9,184148.0,225254.0,9434.0,45836.0,29423.0,53531.0,20190.0,54581.0,37308.0,56085.0,17.1,35.5,27.0,39.9,18.4,12.9,39.9,9.6,84.8,2.8,26.8,4.8,45.1,41.5,16.0,16.6,29.1,24.9,
region,Macomb,Macomb,43.0,-13.6,419312.0,513532.0,43218.0,53912.0,89483.0,87016.0,70816.0,68731.0,112174.0,80288.0,44.5,50.7,50.7,58.3,6.2,7.6,51.8,15.3,58.4,16.8,25.4,-7.7,42.1,37.4,21.3,21.8,20.8,15.6,
county,Alcona,Alcona,28.9,-41.6,6198.0,7479.0,652.0,1444.0,996.0,2163.0,813.0,1999.0,1338.0,2296.0,31.1,31.5,28.9,36.8,0.4,7.9,36.8,7.9,64.6,14.9,34.3,6.1,51.0,48.6,16.1,17.9,34.9,30.7,
county,Alger,Alger,40.0,-19.8,4518.0,5258.0,776.0,917.0,1104.0,1032.0,977.0,1212.0,1232.0,1267.0,45.8,51.7,44.6,49.3,5.9,4.7,48.2,9.3,26.1,4.5,11.6,22.8,47.2,47.5,24.4,23.4,22.8,24.1,
county,Allegan,Allegan,36.2,-27.2,55786.0,72023.0,2456.0,11150.0,8597.0,15299.0,7113.0,16760.0,14244.0,16980.0,18.1,36.0,29.8,45.6,17.9,15.8,40.5,9.4,100.3,1.3,65.7,11.0,42.8,43.4,15.4,19.8,27.4,23.6,
county,Alpena,Alpena,35.5,-28.6,14698.0,17241.0,1959.0,2869.0,2695.0,3715.0,2691.0,4542.0,3478.0,3603.0,40.6,42.0,37.2,49.1,1.4,11.9,44.3,13.6,29.2,-20.7,29.1,-3.0,43.6,41.1,18.3,20.2,25.3,20.9,
county,Antrim,Antrim,38.0,-23.7,13582.0,16912.0,1034.0,4149.0,,,1895.0,5356.0,3835.0,4322.0,,,26.1,47.0,,20.9,40.2,9.0,102.4,-19.3,,,,48.3,,22.7,,25.6,2018 county report not found online; included only in statewide total
county,Arenac,Arenac,29.4,-40.6,7696.0,9163.0,733.0,1020.0,1263.0,2233.0,824.0,2695.0,1568.0,2384.0,41.8,36.1,23.4,39.7,-5.7,16.3,40.4,10.3,90.3,-11.5,24.1,6.8,45.4,43.1,16.4,17.1,29.0,26.0,
county,Baraga,Baraga,34.9,-29.8,3490.0,4332.0,353.0,831.0,620.0,818.0,575.0,1119.0,753.0,1127.0,29.8,43.1,33.9,40.1,13.3,6.2,43.1,5.2,31.0,0.7,21.5,37.8,41.2,43.4,17.8,17.4,23.4,26.0,
county,Barry,Barry,32.6,-34.3,30329.0,38621.0,799.0,8950.0,4586.0,9938.0,1913.0,13266.0,6873.0,8700.0,8.2,31.6,12.6,44.1,23.4,31.5,39.7,11.5,259.3,-34.4,49.9,-12.5,47.9,40.3,15.1,17.8,32.8,22.5,
county,Bay,Bay,42.5,-14.7,52977.0,61338.0,13279.0,2115.0,12463.0,10820.0,10388.0,9633.0,15312.0,10595.0,86.3,53.5,51.9,59.1,-32.8,7.2,51.5,16.6,47.4,10.0,22.9,-2.1,43.9,42.3,23.5,25.0,20.4,17.3,
county,Benzie,Benzie,45.6,-8.7,10228.0,12871.0,960.0,2574.0,2474.0,2738.0,2721.0,2700.0,3778.0,3060.0,27.2,47.5,50.2,55.3,20.3,5.1,47.8,9.7,38.8,13.3,52.7,11.8,51.0,53.2,24.2,29.4,26.8,23.8,
county,Berrien,Berrien,46.0,-7.9,72031.0,84668.0,3844.0,12019.0,10620.0,17376.0,9261.0,18226.0,17508.0,15749.0,24.2,37.9,33.7,52.6,13.7,18.9,46.4,6.6,89.1,-13.6,64.9,-9.4,38.8,39.3,14.7,20.7,24.1,18.6,
county,Branch,Branch,28.5,-42.4,17663.0,21089.0,506.0,4719.0,2593.0,5310.0,1344.0,6008.0,2992.0,4673.0,9.7,32.8,18.3,39.0,23.1,20.7,36.2,10.5,122.6,-22.2,15.4,-12.0,44.8,36.4,14.7,14.2,30.1,22.2,
county,Calhoun,Calhoun,42.9,-14.0,58902.0,68591.0,3950.0,7543.0,9810.0,12979.0,7517.0,10810.0,13436.0,11089.0,34.4,43.0,41.0,54.8,8.6,13.8,48.7,11.9,78.7,2.6,37.0,-14.6,38.7,35.8,16.7,19.6,22.0,16.2,
county,Cass,Cass,32.8,-33.9,22595.0,27871.0,832.0,4404.0,2501.0,4760.0,2135.0,5009.0,4077.0,5766.0,15.9,34.4,29.9,41.4,18.5,11.5,38.6,8.6,91.0,15.1,63.0,21.1,32.2,35.3,11.1,14.6,21.1,20.7,
county,Charlevoix,Charlevoix,41.4,-16.9,14589.0,17679.0,1062.0,3297.0,2686.0,3886.0,2530.0,4930.0,4047.0,4018.0,24.4,40.9,33.9,50.2,16.5,16.3,43.1,8.8,60.0,-18.5,50.7,3.4,45.0,45.6,18.4,22.9,26.6,22.7,
county,Cheboygan,Cheboygan,34.2,-31.1,13672.0,16457.0,1023.0,3759.0,2206.0,4049.0,1799.0,5167.0,2973.0,4179.0,21.4,35.3,25.8,41.6,13.9,15.8,40.0,7.4,65.3,-19.1,34.8,3.2,45.7,43.5,16.1,18.1,29.6,25.4,
county,Chippewa,Chippewa,37.7,-24.2,15456.0,18387.0,1225.0,3810.0,2767.0,3758.0,2154.0,3577.0,3522.0,3945.0,24.3,42.4,37.6,47.2,18.1,9.6,45.6,9.5,63.5,10.3,27.3,5.0,42.2,40.7,17.9,19.2,24.3,21.5,
county,Clare,Clare,30.9,-37.5,13389.0,17310.0,76.0,2520.0,2028.0,3486.0,1684.0,3993.0,2859.0,4153.0,,36.8,29.7,40.8,,11.1,38.9,9.9,69.8,4.0,41.0,19.1,41.1,40.5,15.1,16.5,26.0,24.0,2016 House baseline unusable (no Democratic candidate in 2016 4th District)
county,Clinton,Clinton,45.6,-8.6,40655.0,49986.0,266.0,6544.0,8096.0,9587.0,7742.0,8687.0,12977.0,9067.0,,45.8,47.1,58.9,,11.8,51.2,13.3,67.6,4.4,60.3,-5.4,43.5,44.1,19.9,26.0,23.6,18.1,2016 House baseline unusable (no Democratic candidate in 2016 4th District)
county,Crawford,Crawford,32.9,-33.7,6844.0,8487.0,770.0,2122.0,1083.0,2061.0,903.0,2012.0,1562.0,2295.0,26.6,34.4,31.0,40.5,7.8,9.5,39.6,7.6,73.0,14.1,44.2,11.4,45.9,45.4,15.8,18.4,30.1,27.0,
county,Delta,Delta,34.6,-30.4,18492.0,21897.0,2735.0,4671.0,3228.0,3880.0,2596.0,3799.0,4300.0,5736.0,36.9,45.4,40.6,42.8,8.5,2.2,43.6,8.2,65.6,51.0,33.2,47.8,38.5,45.8,17.5,19.6,21.0,26.2,
county,Dickinson,Dickinson,31.6,-36.2,13165.0,15344.0,1744.0,3525.0,1868.0,3263.0,1727.0,2995.0,2486.0,3502.0,33.1,36.4,36.6,41.5,3.3,4.9,37.3,9.9,43.9,16.9,33.1,7.3,39.0,39.0,14.2,16.2,24.8,22.8,
county,Eaton,Eaton,48.4,-3.1,56221.0,66418.0,5560.0,8153.0,12704.0,12761.0,11208.0,9541.0,17978.0,10777.0,40.5,49.9,54.0,62.5,9.4,8.5,54.6,14.1,60.4,13.0,41.5,-15.5,45.3,43.3,22.6,27.1,22.7,16.2,
county,Emmet,Emmet,44.5,-10.7,18802.0,22904.0,1306.0,5214.0,3653.0,5171.0,3080.0,6149.0,5729.0,4981.0,20.0,41.4,33.4,53.5,21.4,20.1,44.9,9.0,86.0,-19.0,56.8,-3.7,46.9,46.7,19.4,25.0,27.5,21.7,
county,Genesee,Genesee,52.1,4.2,196296.0,223268.0,33741.0,10279.0,50099.0,31129.0,43731.0,23390.0,62272.0,30452.0,76.6,61.7,65.2,67.2,-14.9,2.0,61.2,15.1,42.4,30.2,24.3,-2.2,41.4,41.5,25.5,27.9,15.9,13.6,
county,Gladwin,Gladwin,29.4,-40.7,12472.0,15506.0,77.0,1976.0,2135.0,3721.0,1511.0,4156.0,2632.0,3755.0,,36.5,26.7,41.2,,14.5,39.0,11.8,74.2,-9.6,23.3,0.9,46.9,41.2,17.1,17.0,29.8,24.2,2016 House baseline unusable (no Democratic candidate in 2016 4th District)
county,Gogebic,Gogebic,41.3,-17.1,7329.0,8315.0,1740.0,712.0,1814.0,1351.0,1176.0,1313.0,1731.0,1457.0,71.0,57.3,47.2,54.3,-13.7,7.1,52.4,13.0,47.2,11.0,-4.6,7.8,43.2,38.3,24.8,20.8,18.4,17.5,
county,Grand Traverse,Grand Traverse,49.1,-1.7,51589.0,63067.0,4476.0,13184.0,13032.0,13696.0,10880.0,13086.0,18308.0,11533.0,25.3,48.8,45.4,61.4,23.5,16.0,49.1,12.3,68.3,-11.9,40.5,-15.8,51.8,47.3,25.3,29.0,26.5,18.3,
county,Gratiot,Gratiot,34.1,-31.3,16465.0,19864.0,88.0,3288.0,2719.0,4004.0,1643.0,4998.0,3582.0,4005.0,,40.4,24.7,47.2,,22.5,44.5,13.1,118.0,-19.9,31.7,0.0,40.8,38.2,16.5,18.0,24.3,20.2,2016 House baseline unusable (no Democratic candidate in 2016 4th District)
county,Hillsdale,Hillsdale,24.0,-51.4,19940.0,24828.0,406.0,6385.0,2241.0,5439.0,1523.0,7144.0,2743.0,5338.0,6.0,29.2,17.6,33.9,23.2,16.3,31.8,9.9,80.1,-25.3,22.4,-1.9,38.5,32.5,11.2,11.0,27.3,21.5,
county,Houghton,Houghton,41.3,-17.0,15624.0,19405.0,2292.0,2939.0,3234.0,3170.0,2685.0,2491.0,4221.0,3456.0,43.8,50.5,51.9,55.0,6.7,3.1,47.0,13.7,57.2,38.7,30.5,9.0,41.0,39.6,20.7,21.8,20.3,17.8,
county,Huron,Huron,29.5,-40.6,15917.0,18983.0,493.0,4383.0,1870.0,5774.0,1515.0,4650.0,3183.0,4819.0,10.1,24.5,24.6,39.8,14.4,15.2,36.2,10.3,110.1,3.6,70.2,-16.5,48.0,42.2,11.7,16.8,36.3,25.4,
county,Ingham,Ingham,65.2,29.7,131138.0,148303.0,17512.0,10430.0,42872.0,18539.0,36376.0,13596.0,55239.0,15995.0,62.7,69.8,72.8,77.5,7.1,4.7,69.3,12.3,51.9,17.6,28.8,-13.7,46.8,48.0,32.7,37.2,14.1,10.8,
county,Ionia,Ionia,33.8,-31.9,26854.0,34021.0,1073.0,5470.0,3739.0,7626.0,2721.0,6890.0,6101.0,8139.0,16.4,32.9,28.3,42.8,16.5,14.5,43.3,9.0,124.2,18.1,63.2,6.7,42.3,41.8,13.9,17.9,28.4,23.9,
county,Iosco,Iosco,34.5,-30.5,13361.0,15754.0,1850.0,1970.0,2396.0,3468.0,1958.0,3604.0,3441.0,3932.0,48.4,40.9,35.2,46.7,-7.5,11.5,42.2,12.2,75.7,9.1,43.6,13.4,43.9,46.8,17.9,21.8,26.0,25.0,
county,Iron,Iron,35.2,-29.3,5910.0,7033.0,919.0,961.0,,,1028.0,1199.0,1368.0,1757.0,,,46.2,43.8,,-2.4,43.3,8.6,33.1,46.5,,,,44.5,,19.5,,25.0,2018 county report not found online; included only in statewide total
county,Isabella,Isabella,46.2,-7.5,25392.0,30900.0,310.0,3498.0,5801.0,6255.0,4923.0,6290.0,7170.0,5275.0,,48.1,43.9,57.6,,13.7,53.6,11.4,45.6,-16.1,23.6,-15.7,47.4,40.3,22.8,23.2,24.6,17.1,2016 House baseline unusable (no Democratic candidate in 2016 4th District)
county,Jackson,Jackson,39.2,-21.3,69677.0,83827.0,3308.0,13826.0,13040.0,18663.0,9443.0,16047.0,16218.0,15645.0,19.3,41.1,37.0,50.9,21.8,13.9,45.5,11.7,71.7,-2.5,24.4,-16.2,45.5,38.0,18.7,19.3,26.8,18.7,
county,Kalamazoo,Kalamazoo,59.0,17.7,126299.0,146119.0,11766.0,10932.0,32154.0,22433.0,26401.0,17858.0,45387.0,19638.0,51.8,58.9,59.7,69.8,7.1,10.1,60.3,10.8,71.9,10.0,41.2,-12.5,43.3,44.5,25.5,31.1,17.8,13.4,
county,Kalkaska,Kalkaska,28.2,-42.8,8833.0,11550.0,856.0,2432.0,,,1136.0,2648.0,1840.0,2706.0,,,30.0,40.5,,10.5,34.9,12.3,62.0,2.2,,,,39.3,,15.9,,23.4,2018 county report not found online; included only in statewide total
county,Kent,Kent,52.7,5.3,308184.0,372930.0,18011.0,42267.0,64520.0,68509.0,62509.0,63849.0,104397.0,61909.0,29.9,48.5,49.5,62.8,18.6,13.3,52.1,10.1,67.0,-3.0,61.8,-9.6,43.1,44.6,20.9,28.0,22.2,16.6,
county,Keweenaw,Keweenaw,43.5,-12.8,1434.0,1614.0,230.0,342.0,,,277.0,243.0,409.0,391.0,,,53.3,51.1,,-2.2,44.7,7.6,47.7,60.9,,,,49.5,,25.3,,24.2,2018 county report not found online; included only in statewide total
county,Lake,Lake,33.7,-32.1,5328.0,6923.0,1204.0,720.0,,,811.0,1897.0,1149.0,1745.0,,,29.9,39.7,,9.8,42.3,6.0,41.7,-8.0,,,,41.8,,16.6,,25.2,2018 county report not found online; included only in statewide total
county,Lapeer,Lapeer,29.8,-39.7,45183.0,55508.0,1886.0,12102.0,7183.0,13868.0,5152.0,12174.0,8920.0,13586.0,13.5,34.1,29.7,39.6,20.6,9.9,38.9,9.8,73.1,11.6,24.2,-2.0,46.6,40.6,15.9,16.1,30.7,24.5,
county,Leelanau,Leelanau,53.9,7.7,14757.0,17720.0,1915.0,3629.0,4380.0,4020.0,4289.0,3776.0,6136.0,3629.0,34.5,52.1,53.2,62.8,17.6,9.6,52.3,8.9,43.1,-3.9,40.1,-9.7,56.9,55.1,29.7,34.6,27.2,20.5,
county,Lenawee,Lenawee,38.3,-23.0,45939.0,55093.0,2096.0,8356.0,6941.0,9254.0,5391.0,8920.0,9911.0,9582.0,20.1,42.9,37.7,50.8,22.8,13.1,45.4,12.5,83.8,7.4,42.8,3.5,35.2,35.4,15.1,18.0,20.1,17.4,
county,Livingston,Livingston,37.9,-23.9,105866.0,132448.0,3488.0,19134.0,18403.0,29875.0,16633.0,27624.0,29338.0,28567.0,15.4,38.1,37.6,50.7,22.7,13.1,41.2,12.8,76.4,3.4,59.4,-4.4,45.6,43.8,17.4,22.2,28.2,21.6,
county,Luce,Luce,26.2,-46.8,2579.0,2991.0,203.0,852.0,411.0,791.0,240.0,530.0,401.0,770.0,19.2,34.2,31.2,34.2,15.0,3.0,36.7,8.0,67.1,45.3,-2.4,-2.7,46.6,39.1,15.9,13.4,30.7,25.7,
county,Mackinac,Mackinac,37.4,-24.9,6097.0,7247.0,570.0,2252.0,,,877.0,1913.0,1436.0,1791.0,,,31.4,44.5,,13.1,42.1,7.1,63.7,-6.4,,,,44.5,,19.8,,24.7,2018 county report not found online; included only in statewide total
county,Macomb,Macomb,43.0,-13.6,419312.0,513532.0,43218.0,53912.0,89483.0,87016.0,70816.0,68731.0,112174.0,80288.0,44.5,50.7,50.7,58.3,6.2,7.6,51.8,15.3,58.4,16.8,25.4,-7.7,42.1,37.4,21.3,21.8,20.8,15.6,
county,Manistee,Manistee,41.9,-15.9,12599.0,15323.0,1647.0,3278.0,2415.0,3612.0,2381.0,2576.0,3834.0,3216.0,33.4,40.1,48.0,54.4,6.7,6.4,47.8,12.5,61.0,24.8,58.8,-11.0,47.9,46.0,19.2,25.0,28.7,21.0,
county,Marquette,Marquette,54.4,8.7,32976.0,39009.0,9234.0,3138.0,8798.0,4917.0,9079.0,4864.0,12321.0,6386.0,74.6,64.1,65.1,65.9,-10.5,0.8,58.9,11.5,35.7,31.3,40.0,29.9,41.6,48.0,26.7,31.6,14.9,16.4,
county,Mason,Mason,39.2,-21.4,14685.0,18064.0,703.0,3170.0,2773.0,4700.0,1808.0,4161.0,3717.0,4416.0,18.2,37.1,30.3,45.7,18.9,15.4,44.0,6.5,105.6,6.1,34.0,-6.0,50.9,45.0,18.9,20.6,32.0,24.4,
county,Mecosta,Mecosta,34.7,-30.0,17168.0,22521.0,90.0,3570.0,,,1967.0,6023.0,3876.0,5029.0,,,24.6,43.5,,18.9,42.5,8.8,97.1,-16.5,,,,39.5,,17.2,,22.3,2016 House baseline unusable (no Democratic candidate in 2016 4th District)
county,Menominee,Menominee,33.0,-33.6,10768.0,13087.0,992.0,1593.0,1274.0,1697.0,1527.0,2961.0,1946.0,3085.0,38.4,42.9,34.0,38.7,4.5,4.7,41.2,5.7,27.4,4.2,52.7,81.8,27.6,38.5,11.8,14.9,15.8,23.6,
county,Midland,Midland,42.3,-15.2,42506.0,50379.0,460.0,4088.0,7700.0,11874.0,6981.0,9374.0,11574.0,9563.0,,39.3,42.7,54.8,,12.1,43.4,12.5,65.8,2.0,50.3,-19.5,46.0,42.0,18.1,23.0,27.9,19.0,2016 House baseline unusable (no Democratic candidate in 2016 4th District)
county,Missaukee,Missaukee,21.6,-56.0,7317.0,9152.0,21.0,2222.0,785.0,2852.0,605.0,2109.0,1002.0,2422.0,,21.6,22.3,29.3,,7.0,27.5,7.7,65.6,14.8,27.6,-15.1,49.7,37.4,10.7,10.9,39.0,26.5,2016 House baseline unusable (no Democratic candidate in 2016 4th District)
county,Monroe,Monroe,36.2,-27.1,74218.0,91494.0,7235.0,8421.0,,,9290.0,13871.0,15657.0,16294.0,,,40.1,49.0,,8.9,45.9,12.8,68.5,17.5,,,,34.9,,17.1,,17.8,2018 county report not found online; included only in statewide total
county,Montcalm,Montcalm,30.2,-39.0,26609.0,34845.0,166.0,6326.0,3945.0,7786.0,3172.0,7868.0,5597.0,7911.0,,33.6,28.7,41.4,,12.7,40.2,11.2,76.5,0.5,41.9,1.6,44.1,38.8,14.8,16.1,29.3,22.7,2016 House baseline unusable (no Democratic candidate in 2016 4th District)
county,Montmorency,Montmorency,27.0,-45.3,5009.0,6401.0,305.0,1788.0,,,546.0,2088.0,960.0,1992.0,,,20.7,32.5,,11.8,33.6,5.5,75.8,-4.6,,,,46.1,,15.0,,31.1,2018 county report not found online; included only in statewide total
county,Muskegon,Muskegon,49.1,-1.8,78088.0,95181.0,13646.0,7482.0,17692.0,14865.0,16098.0,12290.0,23258.0,15776.0,64.6,54.3,56.7,59.6,-10.3,2.9,55.5,10.5,44.5,28.4,31.5,6.1,41.7,41.0,22.7,24.4,19.0,16.6,
county,Newaygo,Newaygo,28.3,-42.7,22640.0,29242.0,877.0,7162.0,3148.0,7442.0,1945.0,7709.0,4360.0,8228.0,10.9,29.7,20.1,34.6,18.8,14.5,35.5,6.3,124.2,6.7,38.5,10.6,46.8,43.0,13.9,14.9,32.9,28.1,
county,Oakland,Oakland,55.4,10.5,664614.0,779076.0,71403.0,83140.0,183385.0,131473.0,152510.0,90375.0,250591.0,113384.0,46.2,58.2,62.8,68.8,12.0,6.0,58.7,13.4,64.3,25.5,36.6,-13.8,47.4,46.8,27.6,32.2,19.8,14.6,
county,Oceana,Oceana,34.8,-30.0,11930.0,14884.0,433.0,4142.0,2046.0,3733.0,1611.0,3229.0,2907.0,3643.0,9.5,35.4,33.3,44.4,25.9,11.1,40.9,9.6,80.4,12.8,42.1,-2.4,48.5,44.0,17.2,19.5,31.3,24.5,
county,Ogemaw,Ogemaw,28.7,-41.9,10387.0,12642.0,49.0,2667.0,1876.0,3701.0,1405.0,3315.0,2256.0,3599.0,,33.6,29.8,38.5,,8.7,37.9,9.8,60.6,8.6,20.3,-2.8,53.7,46.3,18.1,17.8,35.6,28.5,2016 House baseline unusable (no Democratic candidate in 2016 4th District)
county,Ontonagon,Ontonagon,34.6,-30.3,3426.0,3844.0,567.0,798.0,680.0,847.0,636.0,821.0,790.0,972.0,41.5,44.5,43.7,44.8,3.0,1.1,42.6,10.2,24.2,18.4,16.2,14.8,44.5,45.9,19.8,20.6,24.7,25.3,
county,Osceola,Osceola,25.7,-47.8,10609.0,13202.0,25.0,2698.0,,,951.0,3055.0,1783.0,3569.0,,,23.7,33.3,,9.6,32.2,7.6,87.5,16.8,,,,40.5,,13.5,,27.0,2016 House baseline unusable (no Democratic candidate in 2016 4th District)
county,Oscoda,Oscoda,27.6,-44.3,4073.0,5197.0,239.0,1761.0,562.0,1505.0,391.0,1773.0,755.0,1691.0,12.0,27.2,18.1,30.9,15.2,12.8,34.0,3.3,93.1,-4.6,34.3,12.4,50.8,47.0,13.8,14.5,37.0,32.5,
county,Otsego,Otsego,32.1,-35.3,12538.0,15999.0,755.0,3899.0,1899.0,4239.0,1694.0,3883.0,2948.0,3740.0,16.2,30.9,30.4,44.1,14.7,13.7,37.1,12.0,74.0,-3.7,55.2,-11.8,48.9,41.8,15.1,18.4,33.8,23.4,
county,Ottawa,Ottawa,39.6,-20.4,142734.0,178507.0,6172.0,29878.0,19406.0,41770.0,10259.0,61926.0,36786.0,46422.0,17.1,31.7,14.2,44.2,14.6,30.0,37.9,4.6,258.6,-25.0,89.6,11.1,42.9,46.6,13.6,20.6,29.3,26.0,
county,Presque Isle,Presque Isle,35.3,-28.9,7218.0,8760.0,816.0,2612.0,1264.0,2374.0,1229.0,2431.0,1818.0,2161.0,23.8,34.7,33.6,45.7,10.9,12.1,41.9,10.4,47.9,-11.1,43.8,-9.0,50.4,45.5,17.5,20.8,32.9,24.7,
county,Roscommon,Roscommon,33.3,-32.9,13041.0,16073.0,83.0,3688.0,2391.0,4510.0,1889.0,4302.0,3208.0,4492.0,,34.6,30.5,41.7,,11.2,39.9,8.4,69.8,4.4,34.2,-0.4,52.9,47.9,18.3,20.0,34.6,27.9,2016 House baseline unusable (no Democratic candidate in 2016 4th District)
county,Saginaw,Saginaw,48.3,-3.3,94320.0,104008.0,9139.0,6297.0,20772.0,21843.0,19758.0,15713.0,25673.0,18612.0,,48.7,55.7,58.0,,2.3,54.0,9.7,29.9,18.4,23.6,-14.8,45.2,42.6,22.0,24.7,23.2,17.9,2016 House baseline unusable (no Democratic candidate in 2016 4th District)
county,Sanilac,Sanilac,25.9,-47.6,19249.0,23361.0,688.0,6328.0,2496.0,6162.0,1712.0,5946.0,3213.0,6675.0,9.8,28.8,22.4,32.5,19.0,10.1,34.0,6.6,87.7,12.3,28.7,8.3,45.0,42.4,13.0,13.8,32.0,28.6,
county,Schoolcraft,Schoolcraft,33.8,-32.0,4154.0,4898.0,633.0,854.0,849.0,899.0,554.0,727.0,935.0,1083.0,42.6,48.6,43.2,46.3,6.0,3.1,42.3,12.5,68.8,49.0,10.1,20.5,42.0,41.2,20.4,19.1,21.6,22.1,
county,Shiawassee,Shiawassee,38.3,-23.0,34111.0,40752.0,198.0,5968.0,6278.0,8143.0,5279.0,7783.0,9038.0,8171.0,,43.5,40.4,52.5,,12.1,48.1,14.2,71.2,5.0,44.0,0.3,42.3,42.3,18.4,22.2,23.9,20.1,2016 House baseline unusable (no Democratic candidate in 2016 4th District)
county,St. Clair,St. Clair,32.4,-34.6,78003.0,96658.0,4988.0,18420.0,13855.0,19896.0,9328.0,22399.0,17055.0,22603.0,21.3,41.1,29.4,43.0,19.8,13.6,43.3,10.6,82.8,0.9,23.1,13.6,43.3,41.0,17.8,17.6,25.5,23.4,
county,St. Joseph,St. Joseph,32.8,-33.9,23757.0,29350.0,739.0,4597.0,3235.0,5295.0,1509.0,9756.0,4442.0,6823.0,13.8,37.9,13.4,39.4,24.1,26.0,38.9,6.6,194.4,-30.1,37.3,28.9,35.9,38.3,13.6,15.1,22.3,23.2,
county,Tuscola,Tuscola,28.2,-42.9,25796.0,30744.0,1379.0,4603.0,4019.0,7831.0,2483.0,9412.0,4937.0,8402.0,23.1,33.9,20.9,37.0,10.8,16.1,38.4,8.8,98.8,-10.7,22.8,7.3,46.0,43.4,15.6,16.1,30.4,27.3,
county,Van Buren,Van Buren,42.3,-15.1,33274.0,41249.0,2081.0,6875.0,6335.0,8162.0,4976.0,6977.0,8747.0,7791.0,23.2,43.7,41.6,52.9,20.5,11.3,47.8,10.6,75.8,11.7,38.1,-4.5,43.5,40.1,19.0,21.2,24.5,18.9,
county,Washtenaw,Washtenaw,72.8,44.4,188578.0,221542.0,30931.0,11075.0,72592.0,22126.0,62639.0,14498.0,93335.0,18080.0,73.6,76.6,81.2,83.8,3.0,2.6,73.6,11.0,49.0,24.7,28.6,-18.3,50.2,50.3,38.5,42.1,11.7,8.2,
county,Wayne,Wayne,65.0,28.9,777838.0,859326.0,127840.0,35858.0,243809.0,92415.0,194835.0,62396.0,282280.0,77285.0,78.1,72.5,75.7,78.5,-5.6,2.8,72.0,13.5,44.9,23.9,15.8,-16.4,43.2,41.8,31.3,32.8,11.9,9.0,
county,Wexford,Wexford,32.4,-34.6,15298.0,19499.0,51.0,5003.0,2079.0,5629.0,1562.0,3756.0,3243.0,4524.0,,27.0,29.4,41.8,,12.4,37.2,9.4,107.6,20.4,56.0,-19.6,50.4,39.8,13.6,16.6,36.8,23.2,2016 House baseline unusable (no Democratic candidate in 2016 4th District)
district,District 1,"Grand Traverse, Marquette, Emmet, Delta, Houghton, Chippewa, Leelanau, Charlevoix, Alpena, Antrim, Cheboygan, Roscommon, Otsego, Iosco, Dickinson, Menominee, Benzie, Ogemaw, Kalkaska, Arenac, Missaukee, Presque Isle, Crawford, Gogebic, Alcona, Mackinac, Iron, Montmorency, Alger, Oscoda, Schoolcraft, Baraga, Ontonagon, Luce, Wexford, Keweenaw",39.2,-21.2,,486852.0,,,,,69553.0,108870.0,109174.0,110450.0,,,39.0,49.7,,10.7,,10.5,57.0,1.5,,,,45.1,,22.4,,22.7,
district,District 2,"Kent, Muskegon, Barry, Montcalm, Ionia, Isabella, Newaygo, Mecosta, Gratiot, Mason, Clare, Wexford, Gladwin, Manistee, Oceana, Osceola, Lake, Midland, Eaton, Ottawa",34.8,-29.9,,442095.0,,,,,43300.0,102548.0,82232.0,100801.0,,,29.7,44.9,,15.2,,10.1,89.9,-1.7,,,,41.4,,18.6,,22.8,0% of 2024 primary votes estimated from House-vote shares in split counties
district,District 3,"Kent, Ottawa, Muskegon",54.0,7.8,,427069.0,,,,,70860.0,75792.0,120855.0,70159.0,,,48.3,63.3,,15.0,,9.3,70.6,-7.4,,,,44.7,,28.3,,16.4,17% of 2024 primary votes estimated from House-vote shares in split counties
district,District 4,"Kalamazoo, Ottawa, Allegan, Calhoun, Van Buren, Berrien",47.2,-5.5,,434540.0,,,,,52231.0,92675.0,103904.0,84354.0,,,36.0,55.2,,19.2,,8.0,98.9,-9.0,,,,43.3,,23.9,,19.4,32% of 2024 primary votes estimated from House-vote shares in split counties
district,District 5,"Monroe, Jackson, Lenawee, Berrien, St. Joseph, Cass, Calhoun, Hillsdale, Branch, Kalamazoo",36.3,-27.0,,423283.0,,,,,39416.0,85838.0,73107.0,81568.0,,,31.5,47.3,,15.8,,11.0,85.5,-5.0,,,,36.6,,17.3,,19.3,
district,District 6,"Washtenaw, Wayne, Oakland, Monroe",62.0,23.3,,464723.0,,,,,106644.0,45121.0,165591.0,53974.0,,,70.3,75.4,,5.1,,13.4,55.3,19.6,,,,47.2,,35.6,,11.6,7% of 2024 primary votes estimated from House-vote shares in split counties
district,District 7,"Ingham, Livingston, Eaton, Clinton, Shiawassee, Oakland",49.4,-1.3,,464472.0,,,,,80480.0,70758.0,131547.0,77618.0,,,53.2,62.9,,9.7,,13.5,63.5,9.7,,,,45.0,,28.3,,16.7,5% of 2024 primary votes estimated from House-vote shares in split counties
district,District 8,"Genesee, Saginaw, Bay, Midland, Tuscola",48.9,-2.1,,435754.0,,,,,80468.0,56657.0,114109.0,68120.0,,,58.7,62.6,,3.9,,13.7,41.8,20.2,,,,41.8,,26.2,,15.6,
district,District 9,"Oakland, Macomb, St. Clair, Lapeer, Tuscola, Sanilac, Huron",33.6,-31.8,,495541.0,,,,,45891.0,103032.0,91195.0,112204.0,,,30.8,44.8,,14.0,,11.2,98.7,8.9,,,,41.0,,18.4,,22.6,27% of 2024 primary votes estimated from House-vote shares in split counties
district,District 10,"Macomb, Oakland",46.7,-6.5,,437064.0,,,,,68647.0,54886.0,105107.0,65299.0,,,55.6,61.7,,6.1,,15.0,53.1,19.0,,,,38.9,,24.0,,14.9,15% of 2024 primary votes estimated from House-vote shares in split counties
district,District 11,Oakland,58.2,16.1,,460411.0,,,,,101430.0,45291.0,159307.0,58614.0,,,69.1,73.1,,4.0,,14.9,57.1,29.4,,,,47.3,,34.6,,12.7,100% of 2024 primary votes estimated from House-vote shares in split counties
district,District 12,"Wayne, Oakland",69.9,37.6,,377450.0,,,,,93346.0,21856.0,135830.0,27771.0,,,81.0,83.0,,2.0,,13.1,45.5,27.1,,,,43.4,,36.0,,7.4,17% of 2024 primary votes estimated from House-vote shares in split counties
district,District 13,Wayne,71.0,40.9,,334092.0,,,,,81578.0,16243.0,111448.0,21534.0,,,83.4,83.8,,0.4,,12.8,36.6,32.6,,,,39.8,,33.4,,6.4,
