county,precinct,office,district,party,candidate,votes,election_day,early_voting,av_counting_boards
Lake,"Chase Township, Precinct 1",Chase Township Clerk Partial Term Ending 11/20/2028,,DEM,Ballots Cast,245,245,0,0
Lake,"Chase Township, Precinct 1",Chase Township Clerk Partial Term Ending 11/20/2028,,DEM,Write-in,17,17,0,0
Lake,"Chase Township, Precinct 1",Chase Township Clerk Partial Term Ending 11/20/2028,,REP,Ballots Cast,245,245,0,0
Lake,"Chase Township, Precinct 1",Chase Township Clerk Partial Term Ending 11/20/2028,,REP,Write-in,19,19,0,0
Lake,"Chase Township, Precinct 1",County Prosecuting Attorney Partial Term Ending 12/31/2028,,DEM,Ballots Cast,245,245,0,0
Lake,"Chase Township, Precinct 1",County Prosecuting Attorney Partial Term Ending 12/31/2028,,DEM,Write-in,16,16,0,0
Lake,"Chase Township, Precinct 1",County Prosecuting Attorney Partial Term Ending 12/31/2028,,REP,Ballots Cast,245,245,0,0
Lake,"Chase Township, Precinct 1",County Prosecuting Attorney Partial Term Ending 12/31/2028,,REP,Cameron S Harwell,45,45,0,0
Lake,"Chase Township, Precinct 1",County Prosecuting Attorney Partial Term Ending 12/31/2028,,REP,Tom Evans,114,114,0,0
Lake,"Chase Township, Precinct 1",County Prosecuting Attorney Partial Term Ending 12/31/2028,,REP,Write-in,1,1,0,0
Lake,"Chase Township, Precinct 1",County Road Commissioner,,DEM,Ballots Cast,245,245,0,0
Lake,"Chase Township, Precinct 1",County Road Commissioner,,DEM,Write-in,17,17,0,0
Lake,"Chase Township, Precinct 1",County Road Commissioner,,REP,Ballots Cast,245,245,0,0
Lake,"Chase Township, Precinct 1",County Road Commissioner,,REP,Rick Haslock,105,105,0,0
Lake,"Chase Township, Precinct 1",County Road Commissioner,,REP,Robert Snedeker,41,41,0,0
Lake,"Chase Township, Precinct 1",County Road Commissioner,,REP,Write-in,1,1,0,0
Lake,"Chase Township, Precinct 1","Delegate to County Convention for Chase Township, Precinct 1",,DEM,Ballots Cast,245,245,0,0
Lake,"Chase Township, Precinct 1","Delegate to County Convention for Chase Township, Precinct 1",,DEM,Write-in,16,16,0,0
Lake,"Chase Township, Precinct 1","Delegate to County Convention for Chase Township, Precinct 1",,REP,Ballots Cast,245,245,0,0
Lake,"Chase Township, Precinct 1","Delegate to County Convention for Chase Township, Precinct 1",,REP,Write-in,11,11,0,0
Lake,"Chase Township, Precinct 1",Governor,,DEM,Ballots Cast,245,245,0,0
Lake,"Chase Township, Precinct 1",Governor,,DEM,Christopher Robert Swanson,9,9,0,0
Lake,"Chase Township, Precinct 1",Governor,,DEM,Jocelyn Benson,52,52,0,0
Lake,"Chase Township, Precinct 1",Governor,,DEM,Write-in,1,1,0,0
Lake,"Chase Township, Precinct 1",Governor,,REP,Aric Nesbitt,2,2,0,0
Lake,"Chase Township, Precinct 1",Governor,,REP,Ballots Cast,245,245,0,0
Lake,"Chase Township, Precinct 1",Governor,,REP,John James,64,64,0,0
Lake,"Chase Township, Precinct 1",Governor,,REP,Mike Cox,17,17,0,0
Lake,"Chase Township, Precinct 1",Governor,,REP,Perry Johnson,90,90,0,0
Lake,"Chase Township, Precinct 1",Governor,,REP,Write-in,2,2,0,0
Lake,"Chase Township, Precinct 1",State House,100,DEM,Ballots Cast,245,245,0,0
Lake,"Chase Township, Precinct 1",State House,100,DEM,Tracy Ruell,55,55,0,0
Lake,"Chase Township, Precinct 1",State House,100,DEM,Write-in,2,2,0,0
Lake,"Chase Township, Precinct 1",State House,100,REP,Ballots Cast,245,245,0,0
Lake,"Chase Township, Precinct 1",State House,100,REP,Tom Kunse,153,153,0,0
Lake,"Chase Township, Precinct 1",State House,100,REP,Write-in,1,1,0,0
Lake,"Chase Township, Precinct 1",State Senate,34,DEM,Ballots Cast,245,245,0,0
Lake,"Chase Township, Precinct 1",State Senate,34,DEM,Tyler Landgraf,54,54,0,0
Lake,"Chase Township, Precinct 1",State Senate,34,DEM,Write-in,2,2,0,0
Lake,"Chase Township, Precinct 1",State Senate,34,REP,Ballots Cast,245,245,0,0
Lake,"Chase Township, Precinct 1",State Senate,34,REP,Rhonda L. Lange,84,84,0,0
Lake,"Chase Township, Precinct 1",State Senate,34,REP,Roger Hauck,83,83,0,0
Lake,"Chase Township, Precinct 1",State Senate,34,REP,Write-in,0,0,0,0
Lake,"Chase Township, Precinct 1",U.S. House,2,DEM,Ballots Cast,245,245,0,0
Lake,"Chase Township, Precinct 1",U.S. House,2,DEM,Ben Ambrose,20,20,0,0
Lake,"Chase Township, Precinct 1",U.S. House,2,DEM,Clyde Welford,11,11,0,0
Lake,"Chase Township, Precinct 1",U.S. House,2,DEM,Jamie Hill,28,28,0,0
Lake,"Chase Township, Precinct 1",U.S. House,2,DEM,Write-in,2,2,0,0
Lake,"Chase Township, Precinct 1",U.S. House,2,REP,Ballots Cast,245,245,0,0
Lake,"Chase Township, Precinct 1",U.S. House,2,REP,John Moolenaar,160,160,0,0
Lake,"Chase Township, Precinct 1",U.S. House,2,REP,Write-in,1,1,0,0
Lake,"Chase Township, Precinct 1",U.S. Senate,,DEM,Abdul El-Sayed,27,27,0,0
Lake,"Chase Township, Precinct 1",U.S. Senate,,DEM,Ballots Cast,245,245,0,0
Lake,"Chase Township, Precinct 1",U.S. Senate,,DEM,Haley Stevens,32,32,0,0
Lake,"Chase Township, Precinct 1",U.S. Senate,,DEM,Mallory McMorrow,4,4,0,0
Lake,"Chase Township, Precinct 1",U.S. Senate,,DEM,Write-in,0,0,0,0
Lake,"Chase Township, Precinct 1",U.S. Senate,,REP,Ballots Cast,245,245,0,0
Lake,"Chase Township, Precinct 1",U.S. Senate,,REP,Mike Rogers,160,160,0,0
Lake,"Chase Township, Precinct 1",U.S. Senate,,REP,Write-in,0,0,0,0
Lake,"Cherry Valley Township, Precinct 2",Cherry Valley Township Clerk Partial Term Ending 11/20/2028,,DEM,Ballots Cast,130,126,4,0
Lake,"Cherry Valley Township, Precinct 2",Cherry Valley Township Clerk Partial Term Ending 11/20/2028,,DEM,Write-in,12,12,0,0
Lake,"Cherry Valley Township, Precinct 2",Cherry Valley Township Clerk Partial Term Ending 11/20/2028,,REP,Angela Guynn,71,69,2,0
Lake,"Cherry Valley Township, Precinct 2",Cherry Valley Township Clerk Partial Term Ending 11/20/2028,,REP,Ballots Cast,130,126,4,0
Lake,"Cherry Valley Township, Precinct 2",Cherry Valley Township Clerk Partial Term Ending 11/20/2028,,REP,Write-in,0,0,0,0
Lake,"Cherry Valley Township, Precinct 2",County Prosecuting Attorney Partial Term Ending 12/31/2028,,DEM,Ballots Cast,130,126,4,0
Lake,"Cherry Valley Township, Precinct 2",County Prosecuting Attorney Partial Term Ending 12/31/2028,,DEM,Write-in,13,13,0,0
Lake,"Cherry Valley Township, Precinct 2",County Prosecuting Attorney Partial Term Ending 12/31/2028,,REP,Ballots Cast,130,126,4,0
Lake,"Cherry Valley Township, Precinct 2",County Prosecuting Attorney Partial Term Ending 12/31/2028,,REP,Cameron S Harwell,17,16,1,0
Lake,"Cherry Valley Township, Precinct 2",County Prosecuting Attorney Partial Term Ending 12/31/2028,,REP,Tom Evans,62,60,2,0
Lake,"Cherry Valley Township, Precinct 2",County Prosecuting Attorney Partial Term Ending 12/31/2028,,REP,Write-in,0,0,0,0
Lake,"Cherry Valley Township, Precinct 2",County Road Commissioner,,DEM,Ballots Cast,130,126,4,0
Lake,"Cherry Valley Township, Precinct 2",County Road Commissioner,,DEM,Write-in,13,13,0,0
Lake,"Cherry Valley Township, Precinct 2",County Road Commissioner,,REP,Ballots Cast,130,126,4,0
Lake,"Cherry Valley Township, Precinct 2",County Road Commissioner,,REP,Rick Haslock,43,42,1,0
Lake,"Cherry Valley Township, Precinct 2",County Road Commissioner,,REP,Robert Snedeker,27,26,1,0
Lake,"Cherry Valley Township, Precinct 2",County Road Commissioner,,REP,Write-in,1,1,0,0
Lake,"Cherry Valley Township, Precinct 2","Delegate to County Convention for Cherry Valley Township, Precinct 2",,DEM,Ballots Cast,130,126,4,0
Lake,"Cherry Valley Township, Precinct 2","Delegate to County Convention for Cherry Valley Township, Precinct 2",,DEM,Write-in,13,13,0,0
Lake,"Cherry Valley Township, Precinct 2","Delegate to County Convention for Cherry Valley Township, Precinct 2",,REP,Ballots Cast,130,126,4,0
Lake,"Cherry Valley Township, Precinct 2","Delegate to County Convention for Cherry Valley Township, Precinct 2",,REP,Write-in,3,3,0,0
Lake,"Cherry Valley Township, Precinct 2",Governor,,DEM,Ballots Cast,130,126,4,0
Lake,"Cherry Valley Township, Precinct 2",Governor,,DEM,Christopher Robert Swanson,15,14,1,0
Lake,"Cherry Valley Township, Precinct 2",Governor,,DEM,Jocelyn Benson,28,28,0,0
Lake,"Cherry Valley Township, Precinct 2",Governor,,DEM,Write-in,0,0,0,0
Lake,"Cherry Valley Township, Precinct 2",Governor,,REP,Aric Nesbitt,3,3,0,0
Lake,"Cherry Valley Township, Precinct 2",Governor,,REP,Ballots Cast,130,126,4,0
Lake,"Cherry Valley Township, Precinct 2",Governor,,REP,John James,32,31,1,0
Lake,"Cherry Valley Township, Precinct 2",Governor,,REP,Mike Cox,16,16,0,0
Lake,"Cherry Valley Township, Precinct 2",Governor,,REP,Perry Johnson,32,30,2,0
Lake,"Cherry Valley Township, Precinct 2",Governor,,REP,Write-in,0,0,0,0
Lake,"Cherry Valley Township, Precinct 2",State House,101,DEM,Ballots Cast,130,126,4,0
Lake,"Cherry Valley Township, Precinct 2",State House,101,DEM,Christopher R. Crain,37,36,1,0
Lake,"Cherry Valley Township, Precinct 2",State House,101,DEM,Write-in,1,1,0,0
Lake,"Cherry Valley Township, Precinct 2",State House,101,REP,Ballots Cast,130,126,4,0
Lake,"Cherry Valley Township, Precinct 2",State House,101,REP,Ben Townsend,5,5,0,0
Lake,"Cherry Valley Township, Precinct 2",State House,101,REP,Gary Anderson,9,8,1,0
Lake,"Cherry Valley Township, Precinct 2",State House,101,REP,Jaxon Deur,10,10,0,0
Lake,"Cherry Valley Township, Precinct 2",State House,101,REP,Luke Eising,25,24,1,0
Lake,"Cherry Valley Township, Precinct 2",State House,101,REP,Rich Vance,23,23,0,0
Lake,"Cherry Valley Township, Precinct 2",State House,101,REP,Write-in,0,0,0,0
Lake,"Cherry Valley Township, Precinct 2",State Senate,34,DEM,Ballots Cast,130,126,4,0
Lake,"Cherry Valley Township, Precinct 2",State Senate,34,DEM,Tyler Landgraf,38,37,1,0
Lake,"Cherry Valley Township, Precinct 2",State Senate,34,DEM,Write-in,1,1,0,0
Lake,"Cherry Valley Township, Precinct 2",State Senate,34,REP,Ballots Cast,130,126,4,0
Lake,"Cherry Valley Township, Precinct 2",State Senate,34,REP,Rhonda L. Lange,29,28,1,0
Lake,"Cherry Valley Township, Precinct 2",State Senate,34,REP,Roger Hauck,47,46,1,0
Lake,"Cherry Valley Township, Precinct 2",State Senate,34,REP,Write-in,0,0,0,0
Lake,"Cherry Valley Township, Precinct 2",U.S. House,2,DEM,Ballots Cast,130,126,4,0
Lake,"Cherry Valley Township, Precinct 2",U.S. House,2,DEM,Ben Ambrose,6,6,0,0
Lake,"Cherry Valley Township, Precinct 2",U.S. House,2,DEM,Clyde Welford,20,19,1,0
Lake,"Cherry Valley Township, Precinct 2",U.S. House,2,DEM,Jamie Hill,16,16,0,0
Lake,"Cherry Valley Township, Precinct 2",U.S. House,2,DEM,Write-in,0,0,0,0
Lake,"Cherry Valley Township, Precinct 2",U.S. House,2,REP,Ballots Cast,130,126,4,0
Lake,"Cherry Valley Township, Precinct 2",U.S. House,2,REP,John Moolenaar,78,75,3,0
Lake,"Cherry Valley Township, Precinct 2",U.S. House,2,REP,Write-in,0,0,0,0
Lake,"Cherry Valley Township, Precinct 2",U.S. Senate,,DEM,Abdul El-Sayed,15,15,0,0
Lake,"Cherry Valley Township, Precinct 2",U.S. Senate,,DEM,Ballots Cast,130,126,4,0
Lake,"Cherry Valley Township, Precinct 2",U.S. Senate,,DEM,Haley Stevens,25,24,1,0
Lake,"Cherry Valley Township, Precinct 2",U.S. Senate,,DEM,Mallory McMorrow,3,3,0,0
Lake,"Cherry Valley Township, Precinct 2",U.S. Senate,,DEM,Write-in,0,0,0,0
Lake,"Cherry Valley Township, Precinct 2",U.S. Senate,,REP,Ballots Cast,130,126,4,0
Lake,"Cherry Valley Township, Precinct 2",U.S. Senate,,REP,Mike Rogers,78,75,3,0
Lake,"Cherry Valley Township, Precinct 2",U.S. Senate,,REP,Write-in,0,0,0,0
Lake,"Dover Township, Precinct 3",County Prosecuting Attorney Partial Term Ending 12/31/2028,,DEM,Ballots Cast,77,77,0,0
Lake,"Dover Township, Precinct 3",County Prosecuting Attorney Partial Term Ending 12/31/2028,,DEM,Write-in,3,3,0,0
Lake,"Dover Township, Precinct 3",County Prosecuting Attorney Partial Term Ending 12/31/2028,,REP,Ballots Cast,77,77,0,0
Lake,"Dover Township, Precinct 3",County Prosecuting Attorney Partial Term Ending 12/31/2028,,REP,Cameron S Harwell,3,3,0,0
Lake,"Dover Township, Precinct 3",County Prosecuting Attorney Partial Term Ending 12/31/2028,,REP,Tom Evans,44,44,0,0
Lake,"Dover Township, Precinct 3",County Prosecuting Attorney Partial Term Ending 12/31/2028,,REP,Write-in,0,0,0,0
Lake,"Dover Township, Precinct 3",County Road Commissioner,,DEM,Ballots Cast,77,77,0,0
Lake,"Dover Township, Precinct 3",County Road Commissioner,,DEM,Write-in,5,5,0,0
Lake,"Dover Township, Precinct 3",County Road Commissioner,,REP,Ballots Cast,77,77,0,0
Lake,"Dover Township, Precinct 3",County Road Commissioner,,REP,Rick Haslock,28,28,0,0
Lake,"Dover Township, Precinct 3",County Road Commissioner,,REP,Robert Snedeker,14,14,0,0
Lake,"Dover Township, Precinct 3",County Road Commissioner,,REP,Write-in,0,0,0,0
Lake,"Dover Township, Precinct 3","Delegate to County Convention for Dover Township, Precinct 3",,DEM,Ballots Cast,77,77,0,0
Lake,"Dover Township, Precinct 3","Delegate to County Convention for Dover Township, Precinct 3",,DEM,Write-in,4,4,0,0
Lake,"Dover Township, Precinct 3","Delegate to County Convention for Dover Township, Precinct 3",,REP,Ballots Cast,77,77,0,0
Lake,"Dover Township, Precinct 3","Delegate to County Convention for Dover Township, Precinct 3",,REP,Write-in,2,2,0,0
Lake,"Dover Township, Precinct 3",Governor,,DEM,Ballots Cast,77,77,0,0
Lake,"Dover Township, Precinct 3",Governor,,DEM,Christopher Robert Swanson,1,1,0,0
Lake,"Dover Township, Precinct 3",Governor,,DEM,Jocelyn Benson,21,21,0,0
Lake,"Dover Township, Precinct 3",Governor,,DEM,Write-in,0,0,0,0
Lake,"Dover Township, Precinct 3",Governor,,REP,Aric Nesbitt,0,0,0,0
Lake,"Dover Township, Precinct 3",Governor,,REP,Ballots Cast,77,77,0,0
Lake,"Dover Township, Precinct 3",Governor,,REP,John James,28,28,0,0
Lake,"Dover Township, Precinct 3",Governor,,REP,Mike Cox,3,3,0,0
Lake,"Dover Township, Precinct 3",Governor,,REP,Perry Johnson,23,23,0,0
Lake,"Dover Township, Precinct 3",Governor,,REP,Write-in,0,0,0,0
Lake,"Dover Township, Precinct 3",State House,100,DEM,Ballots Cast,77,77,0,0
Lake,"Dover Township, Precinct 3",State House,100,DEM,Tracy Ruell,16,16,0,0
Lake,"Dover Township, Precinct 3",State House,100,DEM,Write-in,0,0,0,0
Lake,"Dover Township, Precinct 3",State House,100,REP,Ballots Cast,77,77,0,0
Lake,"Dover Township, Precinct 3",State House,100,REP,Tom Kunse,51,51,0,0
Lake,"Dover Township, Precinct 3",State House,100,REP,Write-in,0,0,0,0
Lake,"Dover Township, Precinct 3",State Senate,34,DEM,Ballots Cast,77,77,0,0
Lake,"Dover Township, Precinct 3",State Senate,34,DEM,Tyler Landgraf,16,16,0,0
Lake,"Dover Township, Precinct 3",State Senate,34,DEM,Write-in,0,0,0,0
Lake,"Dover Township, Precinct 3",State Senate,34,REP,Ballots Cast,77,77,0,0
Lake,"Dover Township, Precinct 3",State Senate,34,REP,Rhonda L. Lange,11,11,0,0
Lake,"Dover Township, Precinct 3",State Senate,34,REP,Roger Hauck,42,42,0,0
Lake,"Dover Township, Precinct 3",State Senate,34,REP,Write-in,0,0,0,0
Lake,"Dover Township, Precinct 3",U.S. House,2,DEM,Ballots Cast,77,77,0,0
Lake,"Dover Township, Precinct 3",U.S. House,2,DEM,Ben Ambrose,9,9,0,0
Lake,"Dover Township, Precinct 3",U.S. House,2,DEM,Clyde Welford,5,5,0,0
Lake,"Dover Township, Precinct 3",U.S. House,2,DEM,Jamie Hill,5,5,0,0
Lake,"Dover Township, Precinct 3",U.S. House,2,DEM,Write-in,0,0,0,0
Lake,"Dover Township, Precinct 3",U.S. House,2,REP,Ballots Cast,77,77,0,0
Lake,"Dover Township, Precinct 3",U.S. House,2,REP,John Moolenaar,52,52,0,0
Lake,"Dover Township, Precinct 3",U.S. House,2,REP,Write-in,0,0,0,0
Lake,"Dover Township, Precinct 3",U.S. Senate,,DEM,Abdul El-Sayed,3,3,0,0
Lake,"Dover Township, Precinct 3",U.S. Senate,,DEM,Ballots Cast,77,77,0,0
Lake,"Dover Township, Precinct 3",U.S. Senate,,DEM,Haley Stevens,20,20,0,0
Lake,"Dover Township, Precinct 3",U.S. Senate,,DEM,Mallory McMorrow,0,0,0,0
Lake,"Dover Township, Precinct 3",U.S. Senate,,DEM,Write-in,0,0,0,0
Lake,"Dover Township, Precinct 3",U.S. Senate,,REP,Ballots Cast,77,77,0,0
Lake,"Dover Township, Precinct 3",U.S. Senate,,REP,Mike Rogers,51,51,0,0
Lake,"Dover Township, Precinct 3",U.S. Senate,,REP,Write-in,0,0,0,0
Lake,"Eden Township, Precinct 4",County Prosecuting Attorney Partial Term Ending 12/31/2028,,DEM,Ballots Cast,158,155,3,0
Lake,"Eden Township, Precinct 4",County Prosecuting Attorney Partial Term Ending 12/31/2028,,DEM,Write-in,17,17,0,0
Lake,"Eden Township, Precinct 4",County Prosecuting Attorney Partial Term Ending 12/31/2028,,REP,Ballots Cast,158,155,3,0
Lake,"Eden Township, Precinct 4",County Prosecuting Attorney Partial Term Ending 12/31/2028,,REP,Cameron S Harwell,23,23,0,0
Lake,"Eden Township, Precinct 4",County Prosecuting Attorney Partial Term Ending 12/31/2028,,REP,Tom Evans,72,69,3,0
Lake,"Eden Township, Precinct 4",County Prosecuting Attorney Partial Term Ending 12/31/2028,,REP,Write-in,0,0,0,0
Lake,"Eden Township, Precinct 4",County Road Commissioner,,DEM,Ballots Cast,158,155,3,0
Lake,"Eden Township, Precinct 4",County Road Commissioner,,DEM,Write-in,17,17,0,0
Lake,"Eden Township, Precinct 4",County Road Commissioner,,REP,Ballots Cast,158,155,3,0
Lake,"Eden Township, Precinct 4",County Road Commissioner,,REP,Rick Haslock,60,58,2,0
Lake,"Eden Township, Precinct 4",County Road Commissioner,,REP,Robert Snedeker,34,33,1,0
Lake,"Eden Township, Precinct 4",County Road Commissioner,,REP,Write-in,0,0,0,0
Lake,"Eden Township, Precinct 4","Delegate to County Convention for Eden Township, Precinct 4",,DEM,Ballots Cast,158,155,3,0
Lake,"Eden Township, Precinct 4","Delegate to County Convention for Eden Township, Precinct 4",,DEM,Write-in,14,14,0,0
Lake,"Eden Township, Precinct 4","Delegate to County Convention for Eden Township, Precinct 4",,REP,Ballots Cast,158,155,3,0
Lake,"Eden Township, Precinct 4","Delegate to County Convention for Eden Township, Precinct 4",,REP,Write-in,2,2,0,0
Lake,"Eden Township, Precinct 4",Governor,,DEM,Ballots Cast,158,155,3,0
Lake,"Eden Township, Precinct 4",Governor,,DEM,Christopher Robert Swanson,6,6,0,0
Lake,"Eden Township, Precinct 4",Governor,,DEM,Jocelyn Benson,42,42,0,0
Lake,"Eden Township, Precinct 4",Governor,,DEM,Write-in,0,0,0,0
Lake,"Eden Township, Precinct 4",Governor,,REP,Aric Nesbitt,2,2,0,0
Lake,"Eden Township, Precinct 4",Governor,,REP,Ballots Cast,158,155,3,0
Lake,"Eden Township, Precinct 4",Governor,,REP,John James,39,38,1,0
Lake,"Eden Township, Precinct 4",Governor,,REP,Mike Cox,11,10,1,0
Lake,"Eden Township, Precinct 4",Governor,,REP,Perry Johnson,54,54,0,0
Lake,"Eden Township, Precinct 4",Governor,,REP,Write-in,0,0,0,0
Lake,"Eden Township, Precinct 4",State House,101,DEM,Ballots Cast,158,155,3,0
Lake,"Eden Township, Precinct 4",State House,101,DEM,Christopher R. Crain,46,46,0,0
Lake,"Eden Township, Precinct 4",State House,101,DEM,Write-in,0,0,0,0
Lake,"Eden Township, Precinct 4",State House,101,REP,Ballots Cast,158,155,3,0
Lake,"Eden Township, Precinct 4",State House,101,REP,Ben Townsend,12,12,0,0
Lake,"Eden Township, Precinct 4",State House,101,REP,Gary Anderson,19,19,0,0
Lake,"Eden Township, Precinct 4",State House,101,REP,Jaxon Deur,20,20,0,0
Lake,"Eden Township, Precinct 4",State House,101,REP,Luke Eising,24,23,1,0
Lake,"Eden Township, Precinct 4",State House,101,REP,Rich Vance,23,23,0,0
Lake,"Eden Township, Precinct 4",State House,101,REP,Write-in,1,0,1,0
Lake,"Eden Township, Precinct 4",State Senate,33,DEM,Ballots Cast,158,155,3,0
Lake,"Eden Township, Precinct 4",State Senate,33,DEM,Stan Opal,46,46,0,0
Lake,"Eden Township, Precinct 4",State Senate,33,DEM,Write-in,0,0,0,0
Lake,"Eden Township, Precinct 4",State Senate,33,REP,Ballots Cast,158,155,3,0
Lake,"Eden Township, Precinct 4",State Senate,33,REP,Gina Johnsen,15,15,0,0
Lake,"Eden Township, Precinct 4",State Senate,33,REP,Joseph D. Fox,48,47,1,0
Lake,"Eden Township, Precinct 4",State Senate,33,REP,Katie DeBoer,15,15,0,0
Lake,"Eden Township, Precinct 4",State Senate,33,REP,Thomas J. Norton,23,22,1,0
Lake,"Eden Township, Precinct 4",State Senate,33,REP,Write-in,0,0,0,0
Lake,"Eden Township, Precinct 4",U.S. House,2,DEM,Ballots Cast,158,155,3,0
Lake,"Eden Township, Precinct 4",U.S. House,2,DEM,Ben Ambrose,15,15,0,0
Lake,"Eden Township, Precinct 4",U.S. House,2,DEM,Clyde Welford,9,9,0,0
Lake,"Eden Township, Precinct 4",U.S. House,2,DEM,Jamie Hill,23,23,0,0
Lake,"Eden Township, Precinct 4",U.S. House,2,DEM,Write-in,0,0,0,0
Lake,"Eden Township, Precinct 4",U.S. House,2,REP,Ballots Cast,158,155,3,0
Lake,"Eden Township, Precinct 4",U.S. House,2,REP,John Moolenaar,98,96,2,0
Lake,"Eden Township, Precinct 4",U.S. House,2,REP,Write-in,0,0,0,0
Lake,"Eden Township, Precinct 4",U.S. Senate,,DEM,Abdul El-Sayed,11,11,0,0
Lake,"Eden Township, Precinct 4",U.S. Senate,,DEM,Ballots Cast,158,155,3,0
Lake,"Eden Township, Precinct 4",U.S. Senate,,DEM,Haley Stevens,33,33,0,0
Lake,"Eden Township, Precinct 4",U.S. Senate,,DEM,Mallory McMorrow,4,4,0,0
Lake,"Eden Township, Precinct 4",U.S. Senate,,DEM,Write-in,0,0,0,0
Lake,"Eden Township, Precinct 4",U.S. Senate,,REP,Ballots Cast,158,155,3,0
Lake,"Eden Township, Precinct 4",U.S. Senate,,REP,Mike Rogers,102,100,2,0
Lake,"Eden Township, Precinct 4",U.S. Senate,,REP,Write-in,0,0,0,0
Lake,"Elk Township, Precinct 5",County Prosecuting Attorney Partial Term Ending 12/31/2028,,DEM,Ballots Cast,370,363,7,0
Lake,"Elk Township, Precinct 5",County Prosecuting Attorney Partial Term Ending 12/31/2028,,DEM,Write-in,28,28,0,0
Lake,"Elk Township, Precinct 5",County Prosecuting Attorney Partial Term Ending 12/31/2028,,REP,Ballots Cast,370,363,7,0
Lake,"Elk Township, Precinct 5",County Prosecuting Attorney Partial Term Ending 12/31/2028,,REP,Cameron S Harwell,35,35,0,0
Lake,"Elk Township, Precinct 5",County Prosecuting Attorney Partial Term Ending 12/31/2028,,REP,Tom Evans,140,137,3,0
Lake,"Elk Township, Precinct 5",County Prosecuting Attorney Partial Term Ending 12/31/2028,,REP,Write-in,0,0,0,0
Lake,"Elk Township, Precinct 5",County Road Commissioner,,DEM,Ballots Cast,370,363,7,0
Lake,"Elk Township, Precinct 5",County Road Commissioner,,DEM,Write-in,24,24,0,0
Lake,"Elk Township, Precinct 5",County Road Commissioner,,REP,Ballots Cast,370,363,7,0
Lake,"Elk Township, Precinct 5",County Road Commissioner,,REP,Rick Haslock,105,104,1,0
Lake,"Elk Township, Precinct 5",County Road Commissioner,,REP,Robert Snedeker,67,66,1,0
Lake,"Elk Township, Precinct 5",County Road Commissioner,,REP,Write-in,0,0,0,0
Lake,"Elk Township, Precinct 5","Delegate to County Convention for Elk Township, Precinct 5",,DEM,Ballots Cast,370,363,7,0
Lake,"Elk Township, Precinct 5","Delegate to County Convention for Elk Township, Precinct 5",,DEM,Write-in,26,26,0,0
Lake,"Elk Township, Precinct 5","Delegate to County Convention for Elk Township, Precinct 5",,REP,Ballots Cast,370,363,7,0
Lake,"Elk Township, Precinct 5","Delegate to County Convention for Elk Township, Precinct 5",,REP,Joan Snedeker,147,145,2,0
Lake,"Elk Township, Precinct 5","Delegate to County Convention for Elk Township, Precinct 5",,REP,Write-in,3,3,0,0
Lake,"Elk Township, Precinct 5",Elk Township Fire Protection and Emergency Services Operations Millage Renewal Proposal,,,Ballots Cast,370,363,7,0
Lake,"Elk Township, Precinct 5",Elk Township Fire Protection and Emergency Services Operations Millage Renewal Proposal,,,No,82,80,2,0
Lake,"Elk Township, Precinct 5",Elk Township Fire Protection and Emergency Services Operations Millage Renewal Proposal,,,Yes,244,240,4,0
Lake,"Elk Township, Precinct 5",Governor,,DEM,Ballots Cast,370,363,7,0
Lake,"Elk Township, Precinct 5",Governor,,DEM,Christopher Robert Swanson,11,11,0,0
Lake,"Elk Township, Precinct 5",Governor,,DEM,Jocelyn Benson,145,142,3,0
Lake,"Elk Township, Precinct 5",Governor,,DEM,Write-in,1,1,0,0
Lake,"Elk Township, Precinct 5",Governor,,REP,Aric Nesbitt,0,0,0,0
Lake,"Elk Township, Precinct 5",Governor,,REP,Ballots Cast,370,363,7,0
Lake,"Elk Township, Precinct 5",Governor,,REP,John James,86,84,2,0
Lake,"Elk Township, Precinct 5",Governor,,REP,Mike Cox,29,29,0,0
Lake,"Elk Township, Precinct 5",Governor,,REP,Perry Johnson,87,85,2,0
Lake,"Elk Township, Precinct 5",Governor,,REP,Write-in,0,0,0,0
Lake,"Elk Township, Precinct 5",State House,101,DEM,Ballots Cast,370,363,7,0
Lake,"Elk Township, Precinct 5",State House,101,DEM,Christopher R. Crain,141,138,3,0
Lake,"Elk Township, Precinct 5",State House,101,DEM,Write-in,1,1,0,0
Lake,"Elk Township, Precinct 5",State House,101,REP,Ballots Cast,370,363,7,0
Lake,"Elk Township, Precinct 5",State House,101,REP,Ben Townsend,22,22,0,0
Lake,"Elk Township, Precinct 5",State House,101,REP,Gary Anderson,22,22,0,0
Lake,"Elk Township, Precinct 5",State House,101,REP,Jaxon Deur,31,29,2,0
Lake,"Elk Township, Precinct 5",State House,101,REP,Luke Eising,49,49,0,0
Lake,"Elk Township, Precinct 5",State House,101,REP,Rich Vance,50,48,2,0
Lake,"Elk Township, Precinct 5",State House,101,REP,Write-in,0,0,0,0
Lake,"Elk Township, Precinct 5",State Senate,33,DEM,Ballots Cast,370,363,7,0
Lake,"Elk Township, Precinct 5",State Senate,33,DEM,Stan Opal,143,140,3,0
Lake,"Elk Township, Precinct 5",State Senate,33,DEM,Write-in,1,1,0,0
Lake,"Elk Township, Precinct 5",State Senate,33,REP,Ballots Cast,370,363,7,0
Lake,"Elk Township, Precinct 5",State Senate,33,REP,Gina Johnsen,49,48,1,0
Lake,"Elk Township, Precinct 5",State Senate,33,REP,Joseph D. Fox,54,53,1,0
Lake,"Elk Township, Precinct 5",State Senate,33,REP,Katie DeBoer,41,40,1,0
Lake,"Elk Township, Precinct 5",State Senate,33,REP,Thomas J. Norton,39,38,1,0
Lake,"Elk Township, Precinct 5",State Senate,33,REP,Write-in,0,0,0,0
Lake,"Elk Township, Precinct 5",U.S. House,2,DEM,Ballots Cast,370,363,7,0
Lake,"Elk Township, Precinct 5",U.S. House,2,DEM,Ben Ambrose,39,38,1,0
Lake,"Elk Township, Precinct 5",U.S. House,2,DEM,Clyde Welford,36,36,0,0
Lake,"Elk Township, Precinct 5",U.S. House,2,DEM,Jamie Hill,70,68,2,0
Lake,"Elk Township, Precinct 5",U.S. House,2,DEM,Write-in,1,1,0,0
Lake,"Elk Township, Precinct 5",U.S. House,2,REP,Ballots Cast,370,363,7,0
Lake,"Elk Township, Precinct 5",U.S. House,2,REP,John Moolenaar,186,182,4,0
Lake,"Elk Township, Precinct 5",U.S. House,2,REP,Write-in,0,0,0,0
Lake,"Elk Township, Precinct 5",U.S. Senate,,DEM,Abdul El-Sayed,65,62,3,0
Lake,"Elk Township, Precinct 5",U.S. Senate,,DEM,Ballots Cast,370,363,7,0
Lake,"Elk Township, Precinct 5",U.S. Senate,,DEM,Haley Stevens,82,82,0,0
Lake,"Elk Township, Precinct 5",U.S. Senate,,DEM,Mallory McMorrow,8,8,0,0
Lake,"Elk Township, Precinct 5",U.S. Senate,,DEM,Write-in,1,1,0,0
Lake,"Elk Township, Precinct 5",U.S. Senate,,REP,Ballots Cast,370,363,7,0
Lake,"Elk Township, Precinct 5",U.S. Senate,,REP,Mike Rogers,191,187,4,0
Lake,"Elk Township, Precinct 5",U.S. Senate,,REP,Write-in,1,1,0,0
Lake,"Ellsworth Township, Precinct 6",County Prosecuting Attorney Partial Term Ending 12/31/2028,,DEM,Ballots Cast,190,162,28,0
Lake,"Ellsworth Township, Precinct 6",County Prosecuting Attorney Partial Term Ending 12/31/2028,,DEM,Write-in,7,4,3,0
Lake,"Ellsworth Township, Precinct 6",County Prosecuting Attorney Partial Term Ending 12/31/2028,,REP,Ballots Cast,190,162,28,0
Lake,"Ellsworth Township, Precinct 6",County Prosecuting Attorney Partial Term Ending 12/31/2028,,REP,Cameron S Harwell,24,19,5,0
Lake,"Ellsworth Township, Precinct 6",County Prosecuting Attorney Partial Term Ending 12/31/2028,,REP,Tom Evans,81,74,7,0
Lake,"Ellsworth Township, Precinct 6",County Prosecuting Attorney Partial Term Ending 12/31/2028,,REP,Write-in,0,0,0,0
Lake,"Ellsworth Township, Precinct 6",County Road Commissioner,,DEM,Ballots Cast,190,162,28,0
Lake,"Ellsworth Township, Precinct 6",County Road Commissioner,,DEM,Write-in,6,3,3,0
Lake,"Ellsworth Township, Precinct 6",County Road Commissioner,,REP,Ballots Cast,190,162,28,0
Lake,"Ellsworth Township, Precinct 6",County Road Commissioner,,REP,Rick Haslock,65,57,8,0
Lake,"Ellsworth Township, Precinct 6",County Road Commissioner,,REP,Robert Snedeker,44,39,5,0
Lake,"Ellsworth Township, Precinct 6",County Road Commissioner,,REP,Write-in,0,0,0,0
Lake,"Ellsworth Township, Precinct 6","Delegate to County Convention for Ellsworth Township, Precinct 6",,DEM,Ballots Cast,190,162,28,0
Lake,"Ellsworth Township, Precinct 6","Delegate to County Convention for Ellsworth Township, Precinct 6",,DEM,Write-in,6,4,2,0
Lake,"Ellsworth Township, Precinct 6","Delegate to County Convention for Ellsworth Township, Precinct 6",,REP,Ballots Cast,190,162,28,0
Lake,"Ellsworth Township, Precinct 6","Delegate to County Convention for Ellsworth Township, Precinct 6",,REP,Write-in,8,6,2,0
Lake,"Ellsworth Township, Precinct 6",Ellsworth Township Trustee Partial Term Ending 11/20/2028,,DEM,Ballots Cast,190,162,28,0
Lake,"Ellsworth Township, Precinct 6",Ellsworth Township Trustee Partial Term Ending 11/20/2028,,DEM,Write-in,7,4,3,0
Lake,"Ellsworth Township, Precinct 6",Ellsworth Township Trustee Partial Term Ending 11/20/2028,,REP,Ballots Cast,190,162,28,0
Lake,"Ellsworth Township, Precinct 6",Ellsworth Township Trustee Partial Term Ending 11/20/2028,,REP,Write-in,8,7,1,0
Lake,"Ellsworth Township, Precinct 6",Governor,,DEM,Ballots Cast,190,162,28,0
Lake,"Ellsworth Township, Precinct 6",Governor,,DEM,Christopher Robert Swanson,5,5,0,0
Lake,"Ellsworth Township, Precinct 6",Governor,,DEM,Jocelyn Benson,61,47,14,0
Lake,"Ellsworth Township, Precinct 6",Governor,,DEM,Write-in,0,0,0,0
Lake,"Ellsworth Township, Precinct 6",Governor,,REP,Aric Nesbitt,0,0,0,0
Lake,"Ellsworth Township, Precinct 6",Governor,,REP,Ballots Cast,190,162,28,0
Lake,"Ellsworth Township, Precinct 6",Governor,,REP,John James,47,42,5,0
Lake,"Ellsworth Township, Precinct 6",Governor,,REP,Mike Cox,14,14,0,0
Lake,"Ellsworth Township, Precinct 6",Governor,,REP,Perry Johnson,57,51,6,0
Lake,"Ellsworth Township, Precinct 6",Governor,,REP,Write-in,0,0,0,0
Lake,"Ellsworth Township, Precinct 6",State House,100,DEM,Ballots Cast,190,162,28,0
Lake,"Ellsworth Township, Precinct 6",State House,100,DEM,Tracy Ruell,59,47,12,0
Lake,"Ellsworth Township, Precinct 6",State House,100,DEM,Write-in,0,0,0,0
Lake,"Ellsworth Township, Precinct 6",State House,100,REP,Ballots Cast,190,162,28,0
Lake,"Ellsworth Township, Precinct 6",State House,100,REP,Tom Kunse,110,98,12,0
Lake,"Ellsworth Township, Precinct 6",State House,100,REP,Write-in,0,0,0,0
Lake,"Ellsworth Township, Precinct 6",State Senate,34,DEM,Ballots Cast,190,162,28,0
Lake,"Ellsworth Township, Precinct 6",State Senate,34,DEM,Tyler Landgraf,60,47,13,0
Lake,"Ellsworth Township, Precinct 6",State Senate,34,DEM,Write-in,0,0,0,0
Lake,"Ellsworth Township, Precinct 6",State Senate,34,REP,Ballots Cast,190,162,28,0
Lake,"Ellsworth Township, Precinct 6",State Senate,34,REP,Rhonda L. Lange,22,18,4,0
Lake,"Ellsworth Township, Precinct 6",State Senate,34,REP,Roger Hauck,86,79,7,0
Lake,"Ellsworth Township, Precinct 6",State Senate,34,REP,Write-in,1,1,0,0
Lake,"Ellsworth Township, Precinct 6",U.S. House,2,DEM,Ballots Cast,190,162,28,0
Lake,"Ellsworth Township, Precinct 6",U.S. House,2,DEM,Ben Ambrose,19,15,4,0
Lake,"Ellsworth Township, Precinct 6",U.S. House,2,DEM,Clyde Welford,13,10,3,0
Lake,"Ellsworth Township, Precinct 6",U.S. House,2,DEM,Jamie Hill,27,22,5,0
Lake,"Ellsworth Township, Precinct 6",U.S. House,2,DEM,Write-in,0,0,0,0
Lake,"Ellsworth Township, Precinct 6",U.S. House,2,REP,Ballots Cast,190,162,28,0
Lake,"Ellsworth Township, Precinct 6",U.S. House,2,REP,John Moolenaar,115,103,12,0
Lake,"Ellsworth Township, Precinct 6",U.S. House,2,REP,Write-in,0,0,0,0
Lake,"Ellsworth Township, Precinct 6",U.S. Senate,,DEM,Abdul El-Sayed,22,17,5,0
Lake,"Ellsworth Township, Precinct 6",U.S. Senate,,DEM,Ballots Cast,190,162,28,0
Lake,"Ellsworth Township, Precinct 6",U.S. Senate,,DEM,Haley Stevens,42,35,7,0
Lake,"Ellsworth Township, Precinct 6",U.S. Senate,,DEM,Mallory McMorrow,2,0,2,0
Lake,"Ellsworth Township, Precinct 6",U.S. Senate,,DEM,Write-in,0,0,0,0
Lake,"Ellsworth Township, Precinct 6",U.S. Senate,,REP,Ballots Cast,190,162,28,0
Lake,"Ellsworth Township, Precinct 6",U.S. Senate,,REP,Mike Rogers,114,103,11,0
Lake,"Ellsworth Township, Precinct 6",U.S. Senate,,REP,Write-in,0,0,0,0
Lake,"Lake Township, Precinct 7",County Prosecuting Attorney Partial Term Ending 12/31/2028,,DEM,Ballots Cast,305,298,7,0
Lake,"Lake Township, Precinct 7",County Prosecuting Attorney Partial Term Ending 12/31/2028,,DEM,Write-in,28,28,0,0
Lake,"Lake Township, Precinct 7",County Prosecuting Attorney Partial Term Ending 12/31/2028,,REP,Ballots Cast,305,298,7,0
Lake,"Lake Township, Precinct 7",County Prosecuting Attorney Partial Term Ending 12/31/2028,,REP,Cameron S Harwell,30,28,2,0
Lake,"Lake Township, Precinct 7",County Prosecuting Attorney Partial Term Ending 12/31/2028,,REP,Tom Evans,136,133,3,0
Lake,"Lake Township, Precinct 7",County Prosecuting Attorney Partial Term Ending 12/31/2028,,REP,Write-in,0,0,0,0
Lake,"Lake Township, Precinct 7",County Road Commissioner,,DEM,Ballots Cast,305,298,7,0
Lake,"Lake Township, Precinct 7",County Road Commissioner,,DEM,Write-in,28,28,0,0
Lake,"Lake Township, Precinct 7",County Road Commissioner,,REP,Ballots Cast,305,298,7,0
Lake,"Lake Township, Precinct 7",County Road Commissioner,,REP,Rick Haslock,106,102,4,0
Lake,"Lake Township, Precinct 7",County Road Commissioner,,REP,Robert Snedeker,58,58,0,0
Lake,"Lake Township, Precinct 7",County Road Commissioner,,REP,Write-in,0,0,0,0
Lake,"Lake Township, Precinct 7","Delegate to County Convention for Lake Township, Precinct 7",,DEM,Ballots Cast,305,298,7,0
Lake,"Lake Township, Precinct 7","Delegate to County Convention for Lake Township, Precinct 7",,DEM,Write-in,27,27,0,0
Lake,"Lake Township, Precinct 7","Delegate to County Convention for Lake Township, Precinct 7",,REP,Ballots Cast,305,298,7,0
Lake,"Lake Township, Precinct 7","Delegate to County Convention for Lake Township, Precinct 7",,REP,Write-in,13,13,0,0
Lake,"Lake Township, Precinct 7",Governor,,DEM,Ballots Cast,305,298,7,0
Lake,"Lake Township, Precinct 7",Governor,,DEM,Christopher Robert Swanson,10,10,0,0
Lake,"Lake Township, Precinct 7",Governor,,DEM,Jocelyn Benson,91,91,0,0
Lake,"Lake Township, Precinct 7",Governor,,DEM,Write-in,0,0,0,0
Lake,"Lake Township, Precinct 7",Governor,,REP,Aric Nesbitt,2,2,0,0
Lake,"Lake Township, Precinct 7",Governor,,REP,Ballots Cast,305,298,7,0
Lake,"Lake Township, Precinct 7",Governor,,REP,John James,72,68,4,0
Lake,"Lake Township, Precinct 7",Governor,,REP,Mike Cox,32,31,1,0
Lake,"Lake Township, Precinct 7",Governor,,REP,Perry Johnson,76,74,2,0
Lake,"Lake Township, Precinct 7",Governor,,REP,Write-in,0,0,0,0
Lake,"Lake Township, Precinct 7",Lake Township Clerk Partial Term Ending 11/20/2028,,DEM,Ballots Cast,305,298,7,0
Lake,"Lake Township, Precinct 7",Lake Township Clerk Partial Term Ending 11/20/2028,,DEM,Write-in,28,28,0,0
Lake,"Lake Township, Precinct 7",Lake Township Clerk Partial Term Ending 11/20/2028,,REP,Amy E Rademaker,139,134,5,0
Lake,"Lake Township, Precinct 7",Lake Township Clerk Partial Term Ending 11/20/2028,,REP,Ballots Cast,305,298,7,0
Lake,"Lake Township, Precinct 7",Lake Township Clerk Partial Term Ending 11/20/2028,,REP,Write-in,7,7,0,0
Lake,"Lake Township, Precinct 7",Lake Township Trustee Partial Term Ending 11/20/2028,,DEM,Ballots Cast,305,298,7,0
Lake,"Lake Township, Precinct 7",Lake Township Trustee Partial Term Ending 11/20/2028,,DEM,Write-in,28,28,0,0
Lake,"Lake Township, Precinct 7",Lake Township Trustee Partial Term Ending 11/20/2028,,REP,Ballots Cast,305,298,7,0
Lake,"Lake Township, Precinct 7",Lake Township Trustee Partial Term Ending 11/20/2028,,REP,Tina M Personette,154,150,4,0
Lake,"Lake Township, Precinct 7",Lake Township Trustee Partial Term Ending 11/20/2028,,REP,Write-in,2,2,0,0
Lake,"Lake Township, Precinct 7",State House,101,DEM,Ballots Cast,305,298,7,0
Lake,"Lake Township, Precinct 7",State House,101,DEM,Christopher R. Crain,89,89,0,0
Lake,"Lake Township, Precinct 7",State House,101,DEM,Write-in,1,1,0,0
Lake,"Lake Township, Precinct 7",State House,101,REP,Ballots Cast,305,298,7,0
Lake,"Lake Township, Precinct 7",State House,101,REP,Ben Townsend,10,10,0,0
Lake,"Lake Township, Precinct 7",State House,101,REP,Gary Anderson,20,19,1,0
Lake,"Lake Township, Precinct 7",State House,101,REP,Jaxon Deur,42,41,1,0
Lake,"Lake Township, Precinct 7",State House,101,REP,Luke Eising,38,36,2,0
Lake,"Lake Township, Precinct 7",State House,101,REP,Rich Vance,54,54,0,0
Lake,"Lake Township, Precinct 7",State House,101,REP,Write-in,0,0,0,0
Lake,"Lake Township, Precinct 7",State Senate,33,DEM,Ballots Cast,305,298,7,0
Lake,"Lake Township, Precinct 7",State Senate,33,DEM,Stan Opal,89,89,0,0
Lake,"Lake Township, Precinct 7",State Senate,33,DEM,Write-in,0,0,0,0
Lake,"Lake Township, Precinct 7",State Senate,33,REP,Ballots Cast,305,298,7,0
Lake,"Lake Township, Precinct 7",State Senate,33,REP,Gina Johnsen,44,44,0,0
Lake,"Lake Township, Precinct 7",State Senate,33,REP,Joseph D. Fox,55,53,2,0
Lake,"Lake Township, Precinct 7",State Senate,33,REP,Katie DeBoer,30,28,2,0
Lake,"Lake Township, Precinct 7",State Senate,33,REP,Thomas J. Norton,40,39,1,0
Lake,"Lake Township, Precinct 7",State Senate,33,REP,Write-in,1,1,0,0
Lake,"Lake Township, Precinct 7",U.S. House,2,DEM,Ballots Cast,305,298,7,0
Lake,"Lake Township, Precinct 7",U.S. House,2,DEM,Ben Ambrose,36,36,0,0
Lake,"Lake Township, Precinct 7",U.S. House,2,DEM,Clyde Welford,17,17,0,0
Lake,"Lake Township, Precinct 7",U.S. House,2,DEM,Jamie Hill,42,42,0,0
Lake,"Lake Township, Precinct 7",U.S. House,2,DEM,Write-in,0,0,0,0
Lake,"Lake Township, Precinct 7",U.S. House,2,REP,Ballots Cast,305,298,7,0
Lake,"Lake Township, Precinct 7",U.S. House,2,REP,John Moolenaar,175,169,6,0
Lake,"Lake Township, Precinct 7",U.S. House,2,REP,Write-in,1,1,0,0
Lake,"Lake Township, Precinct 7",U.S. Senate,,DEM,Abdul El-Sayed,30,30,0,0
Lake,"Lake Township, Precinct 7",U.S. Senate,,DEM,Ballots Cast,305,298,7,0
Lake,"Lake Township, Precinct 7",U.S. Senate,,DEM,Haley Stevens,62,62,0,0
Lake,"Lake Township, Precinct 7",U.S. Senate,,DEM,Mallory McMorrow,9,9,0,0
Lake,"Lake Township, Precinct 7",U.S. Senate,,DEM,Write-in,0,0,0,0
Lake,"Lake Township, Precinct 7",U.S. Senate,,REP,Ballots Cast,305,298,7,0
Lake,"Lake Township, Precinct 7",U.S. Senate,,REP,Mike Rogers,177,171,6,0
Lake,"Lake Township, Precinct 7",U.S. Senate,,REP,Write-in,1,1,0,0
Lake,"Newkirk Township, Precinct 8",County Prosecuting Attorney Partial Term Ending 12/31/2028,,DEM,Ballots Cast,151,122,29,0
Lake,"Newkirk Township, Precinct 8",County Prosecuting Attorney Partial Term Ending 12/31/2028,,DEM,Write-in,14,11,3,0
Lake,"Newkirk Township, Precinct 8",County Prosecuting Attorney Partial Term Ending 12/31/2028,,REP,Ballots Cast,151,122,29,0
Lake,"Newkirk Township, Precinct 8",County Prosecuting Attorney Partial Term Ending 12/31/2028,,REP,Cameron S Harwell,27,24,3,0
Lake,"Newkirk Township, Precinct 8",County Prosecuting Attorney Partial Term Ending 12/31/2028,,REP,Tom Evans,84,68,16,0
Lake,"Newkirk Township, Precinct 8",County Prosecuting Attorney Partial Term Ending 12/31/2028,,REP,Write-in,1,1,0,0
Lake,"Newkirk Township, Precinct 8",County Road Commissioner,,DEM,Ballots Cast,151,122,29,0
Lake,"Newkirk Township, Precinct 8",County Road Commissioner,,DEM,Write-in,12,9,3,0
Lake,"Newkirk Township, Precinct 8",County Road Commissioner,,REP,Ballots Cast,151,122,29,0
Lake,"Newkirk Township, Precinct 8",County Road Commissioner,,REP,Rick Haslock,81,68,13,0
Lake,"Newkirk Township, Precinct 8",County Road Commissioner,,REP,Robert Snedeker,27,23,4,0
Lake,"Newkirk Township, Precinct 8",County Road Commissioner,,REP,Write-in,0,0,0,0
Lake,"Newkirk Township, Precinct 8","Delegate to County Convention for Newkirk Township, Precinct 8",,DEM,Ballots Cast,151,122,29,0
Lake,"Newkirk Township, Precinct 8","Delegate to County Convention for Newkirk Township, Precinct 8",,DEM,Write-in,12,8,4,0
Lake,"Newkirk Township, Precinct 8","Delegate to County Convention for Newkirk Township, Precinct 8",,REP,Ballots Cast,151,122,29,0
Lake,"Newkirk Township, Precinct 8","Delegate to County Convention for Newkirk Township, Precinct 8",,REP,Write-in,4,1,3,0
Lake,"Newkirk Township, Precinct 8",Governor,,DEM,Ballots Cast,151,122,29,0
Lake,"Newkirk Township, Precinct 8",Governor,,DEM,Christopher Robert Swanson,8,3,5,0
Lake,"Newkirk Township, Precinct 8",Governor,,DEM,Jocelyn Benson,24,20,4,0
Lake,"Newkirk Township, Precinct 8",Governor,,DEM,Write-in,0,0,0,0
Lake,"Newkirk Township, Precinct 8",Governor,,REP,Aric Nesbitt,3,3,0,0
Lake,"Newkirk Township, Precinct 8",Governor,,REP,Ballots Cast,151,122,29,0
Lake,"Newkirk Township, Precinct 8",Governor,,REP,John James,46,40,6,0
Lake,"Newkirk Township, Precinct 8",Governor,,REP,Mike Cox,19,17,2,0
Lake,"Newkirk Township, Precinct 8",Governor,,REP,Perry Johnson,47,36,11,0
Lake,"Newkirk Township, Precinct 8",Governor,,REP,Write-in,1,1,0,0
Lake,"Newkirk Township, Precinct 8",State House,101,DEM,Ballots Cast,151,122,29,0
Lake,"Newkirk Township, Precinct 8",State House,101,DEM,Christopher R. Crain,26,20,6,0
Lake,"Newkirk Township, Precinct 8",State House,101,DEM,Write-in,0,0,0,0
Lake,"Newkirk Township, Precinct 8",State House,101,REP,Ballots Cast,151,122,29,0
Lake,"Newkirk Township, Precinct 8",State House,101,REP,Ben Townsend,10,9,1,0
Lake,"Newkirk Township, Precinct 8",State House,101,REP,Gary Anderson,16,15,1,0
Lake,"Newkirk Township, Precinct 8",State House,101,REP,Jaxon Deur,16,11,5,0
Lake,"Newkirk Township, Precinct 8",State House,101,REP,Luke Eising,29,22,7,0
Lake,"Newkirk Township, Precinct 8",State House,101,REP,Rich Vance,38,34,4,0
Lake,"Newkirk Township, Precinct 8",State House,101,REP,Write-in,1,1,0,0
Lake,"Newkirk Township, Precinct 8",State Senate,33,DEM,Ballots Cast,151,122,29,0
Lake,"Newkirk Township, Precinct 8",State Senate,33,DEM,Stan Opal,26,20,6,0
Lake,"Newkirk Township, Precinct 8",State Senate,33,DEM,Write-in,0,0,0,0
Lake,"Newkirk Township, Precinct 8",State Senate,33,REP,Ballots Cast,151,122,29,0
Lake,"Newkirk Township, Precinct 8",State Senate,33,REP,Gina Johnsen,25,20,5,0
Lake,"Newkirk Township, Precinct 8",State Senate,33,REP,Joseph D. Fox,39,33,6,0
Lake,"Newkirk Township, Precinct 8",State Senate,33,REP,Katie DeBoer,23,19,4,0
Lake,"Newkirk Township, Precinct 8",State Senate,33,REP,Thomas J. Norton,28,24,4,0
Lake,"Newkirk Township, Precinct 8",State Senate,33,REP,Write-in,0,0,0,0
Lake,"Newkirk Township, Precinct 8",U.S. House,2,DEM,Ballots Cast,151,122,29,0
Lake,"Newkirk Township, Precinct 8",U.S. House,2,DEM,Ben Ambrose,11,8,3,0
Lake,"Newkirk Township, Precinct 8",U.S. House,2,DEM,Clyde Welford,6,4,2,0
Lake,"Newkirk Township, Precinct 8",U.S. House,2,DEM,Jamie Hill,10,9,1,0
Lake,"Newkirk Township, Precinct 8",U.S. House,2,DEM,Write-in,0,0,0,0
Lake,"Newkirk Township, Precinct 8",U.S. House,2,REP,Ballots Cast,151,122,29,0
Lake,"Newkirk Township, Precinct 8",U.S. House,2,REP,John Moolenaar,107,90,17,0
Lake,"Newkirk Township, Precinct 8",U.S. House,2,REP,Write-in,1,1,0,0
Lake,"Newkirk Township, Precinct 8",U.S. Senate,,DEM,Abdul El-Sayed,10,4,6,0
Lake,"Newkirk Township, Precinct 8",U.S. Senate,,DEM,Ballots Cast,151,122,29,0
Lake,"Newkirk Township, Precinct 8",U.S. Senate,,DEM,Haley Stevens,16,13,3,0
Lake,"Newkirk Township, Precinct 8",U.S. Senate,,DEM,Mallory McMorrow,6,6,0,0
Lake,"Newkirk Township, Precinct 8",U.S. Senate,,DEM,Write-in,0,0,0,0
Lake,"Newkirk Township, Precinct 8",U.S. Senate,,REP,Ballots Cast,151,122,29,0
Lake,"Newkirk Township, Precinct 8",U.S. Senate,,REP,Mike Rogers,112,95,17,0
Lake,"Newkirk Township, Precinct 8",U.S. Senate,,REP,Write-in,1,1,0,0
Lake,"Peacock Township, Precinct 10",County Prosecuting Attorney Partial Term Ending 12/31/2028,,DEM,Ballots Cast,170,169,1,0
Lake,"Peacock Township, Precinct 10",County Prosecuting Attorney Partial Term Ending 12/31/2028,,DEM,Write-in,12,12,0,0
Lake,"Peacock Township, Precinct 10",County Prosecuting Attorney Partial Term Ending 12/31/2028,,REP,Ballots Cast,170,169,1,0
Lake,"Peacock Township, Precinct 10",County Prosecuting Attorney Partial Term Ending 12/31/2028,,REP,Cameron S Harwell,16,16,0,0
Lake,"Peacock Township, Precinct 10",County Prosecuting Attorney Partial Term Ending 12/31/2028,,REP,Tom Evans,78,78,0,0
Lake,"Peacock Township, Precinct 10",County Prosecuting Attorney Partial Term Ending 12/31/2028,,REP,Write-in,0,0,0,0
Lake,"Peacock Township, Precinct 10",County Road Commissioner,,DEM,Ballots Cast,170,169,1,0
Lake,"Peacock Township, Precinct 10",County Road Commissioner,,DEM,Write-in,11,11,0,0
Lake,"Peacock Township, Precinct 10",County Road Commissioner,,REP,Ballots Cast,170,169,1,0
Lake,"Peacock Township, Precinct 10",County Road Commissioner,,REP,Rick Haslock,51,51,0,0
Lake,"Peacock Township, Precinct 10",County Road Commissioner,,REP,Robert Snedeker,38,38,0,0
Lake,"Peacock Township, Precinct 10",County Road Commissioner,,REP,Write-in,0,0,0,0
Lake,"Peacock Township, Precinct 10","Delegate to County Convention for Peacock Township, Precinct 10",,DEM,Ballots Cast,170,169,1,0
Lake,"Peacock Township, Precinct 10","Delegate to County Convention for Peacock Township, Precinct 10",,DEM,Write-in,10,10,0,0
Lake,"Peacock Township, Precinct 10","Delegate to County Convention for Peacock Township, Precinct 10",,REP,Ballots Cast,170,169,1,0
Lake,"Peacock Township, Precinct 10","Delegate to County Convention for Peacock Township, Precinct 10",,REP,Rod Wheeler,80,80,0,0
Lake,"Peacock Township, Precinct 10","Delegate to County Convention for Peacock Township, Precinct 10",,REP,Tracy Wheeler,62,62,0,0
Lake,"Peacock Township, Precinct 10","Delegate to County Convention for Peacock Township, Precinct 10",,REP,Write-in,0,0,0,0
Lake,"Peacock Township, Precinct 10",Governor,,DEM,Ballots Cast,170,169,1,0
Lake,"Peacock Township, Precinct 10",Governor,,DEM,Christopher Robert Swanson,8,8,0,0
Lake,"Peacock Township, Precinct 10",Governor,,DEM,Jocelyn Benson,51,50,1,0
Lake,"Peacock Township, Precinct 10",Governor,,DEM,Write-in,0,0,0,0
Lake,"Peacock Township, Precinct 10",Governor,,REP,Aric Nesbitt,1,1,0,0
Lake,"Peacock Township, Precinct 10",Governor,,REP,Ballots Cast,170,169,1,0
Lake,"Peacock Township, Precinct 10",Governor,,REP,John James,33,33,0,0
Lake,"Peacock Township, Precinct 10",Governor,,REP,Mike Cox,16,16,0,0
Lake,"Peacock Township, Precinct 10",Governor,,REP,Perry Johnson,53,53,0,0
Lake,"Peacock Township, Precinct 10",Governor,,REP,Write-in,1,1,0,0
Lake,"Peacock Township, Precinct 10",Peacock Township Fire Protection Millage Renewal,,,Ballots Cast,170,169,1,0
Lake,"Peacock Township, Precinct 10",Peacock Township Fire Protection Millage Renewal,,,No,53,53,0,0
Lake,"Peacock Township, Precinct 10",Peacock Township Fire Protection Millage Renewal,,,Yes,107,106,1,0
Lake,"Peacock Township, Precinct 10",Peacock Township General Operating Millage Renewal,,,Ballots Cast,170,169,1,0
Lake,"Peacock Township, Precinct 10",Peacock Township General Operating Millage Renewal,,,No,68,68,0,0
Lake,"Peacock Township, Precinct 10",Peacock Township General Operating Millage Renewal,,,Yes,91,90,1,0
Lake,"Peacock Township, Precinct 10",State House,101,DEM,Ballots Cast,170,169,1,0
Lake,"Peacock Township, Precinct 10",State House,101,DEM,Christopher R. Crain,51,51,0,0
Lake,"Peacock Township, Precinct 10",State House,101,DEM,Write-in,0,0,0,0
Lake,"Peacock Township, Precinct 10",State House,101,REP,Ballots Cast,170,169,1,0
Lake,"Peacock Township, Precinct 10",State House,101,REP,Ben Townsend,7,7,0,0
Lake,"Peacock Township, Precinct 10",State House,101,REP,Gary Anderson,18,18,0,0
Lake,"Peacock Township, Precinct 10",State House,101,REP,Jaxon Deur,24,24,0,0
Lake,"Peacock Township, Precinct 10",State House,101,REP,Luke Eising,21,21,0,0
Lake,"Peacock Township, Precinct 10",State House,101,REP,Rich Vance,28,28,0,0
Lake,"Peacock Township, Precinct 10",State House,101,REP,Write-in,1,1,0,0
Lake,"Peacock Township, Precinct 10",State Senate,33,DEM,Ballots Cast,170,169,1,0
Lake,"Peacock Township, Precinct 10",State Senate,33,DEM,Stan Opal,51,51,0,0
Lake,"Peacock Township, Precinct 10",State Senate,33,DEM,Write-in,0,0,0,0
Lake,"Peacock Township, Precinct 10",State Senate,33,REP,Ballots Cast,170,169,1,0
Lake,"Peacock Township, Precinct 10",State Senate,33,REP,Gina Johnsen,18,18,0,0
Lake,"Peacock Township, Precinct 10",State Senate,33,REP,Joseph D. Fox,37,37,0,0
Lake,"Peacock Township, Precinct 10",State Senate,33,REP,Katie DeBoer,25,25,0,0
Lake,"Peacock Township, Precinct 10",State Senate,33,REP,Thomas J. Norton,20,20,0,0
Lake,"Peacock Township, Precinct 10",State Senate,33,REP,Write-in,1,1,0,0
Lake,"Peacock Township, Precinct 10",U.S. House,2,DEM,Ballots Cast,170,169,1,0
Lake,"Peacock Township, Precinct 10",U.S. House,2,DEM,Ben Ambrose,27,27,0,0
Lake,"Peacock Township, Precinct 10",U.S. House,2,DEM,Clyde Welford,15,14,1,0
Lake,"Peacock Township, Precinct 10",U.S. House,2,DEM,Jamie Hill,11,11,0,0
Lake,"Peacock Township, Precinct 10",U.S. House,2,DEM,Write-in,0,0,0,0
Lake,"Peacock Township, Precinct 10",U.S. House,2,REP,Ballots Cast,170,169,1,0
Lake,"Peacock Township, Precinct 10",U.S. House,2,REP,John Moolenaar,88,88,0,0
Lake,"Peacock Township, Precinct 10",U.S. House,2,REP,Write-in,0,0,0,0
Lake,"Peacock Township, Precinct 10",U.S. Senate,,DEM,Abdul El-Sayed,18,18,0,0
Lake,"Peacock Township, Precinct 10",U.S. Senate,,DEM,Ballots Cast,170,169,1,0
Lake,"Peacock Township, Precinct 10",U.S. Senate,,DEM,Haley Stevens,37,36,1,0
Lake,"Peacock Township, Precinct 10",U.S. Senate,,DEM,Mallory McMorrow,4,4,0,0
Lake,"Peacock Township, Precinct 10",U.S. Senate,,DEM,Write-in,0,0,0,0
Lake,"Peacock Township, Precinct 10",U.S. Senate,,REP,Ballots Cast,170,169,1,0
Lake,"Peacock Township, Precinct 10",U.S. Senate,,REP,Mike Rogers,92,92,0,0
Lake,"Peacock Township, Precinct 10",U.S. Senate,,REP,Write-in,0,0,0,0
Lake,"Pinora Township, Precinct 11",County Prosecuting Attorney Partial Term Ending 12/31/2028,,DEM,Ballots Cast,188,180,8,0
Lake,"Pinora Township, Precinct 11",County Prosecuting Attorney Partial Term Ending 12/31/2028,,DEM,Write-in,12,11,1,0
Lake,"Pinora Township, Precinct 11",County Prosecuting Attorney Partial Term Ending 12/31/2028,,REP,Ballots Cast,188,180,8,0
Lake,"Pinora Township, Precinct 11",County Prosecuting Attorney Partial Term Ending 12/31/2028,,REP,Cameron S Harwell,37,36,1,0
Lake,"Pinora Township, Precinct 11",County Prosecuting Attorney Partial Term Ending 12/31/2028,,REP,Tom Evans,62,59,3,0
Lake,"Pinora Township, Precinct 11",County Prosecuting Attorney Partial Term Ending 12/31/2028,,REP,Write-in,1,1,0,0
Lake,"Pinora Township, Precinct 11",County Road Commissioner,,DEM,Ballots Cast,188,180,8,0
Lake,"Pinora Township, Precinct 11",County Road Commissioner,,DEM,Write-in,11,10,1,0
Lake,"Pinora Township, Precinct 11",County Road Commissioner,,REP,Ballots Cast,188,180,8,0
Lake,"Pinora Township, Precinct 11",County Road Commissioner,,REP,Rick Haslock,63,60,3,0
Lake,"Pinora Township, Precinct 11",County Road Commissioner,,REP,Robert Snedeker,36,35,1,0
Lake,"Pinora Township, Precinct 11",County Road Commissioner,,REP,Write-in,2,2,0,0
Lake,"Pinora Township, Precinct 11","Delegate to County Convention for Pinora Township, Precinct 11",,DEM,Ballots Cast,188,180,8,0
Lake,"Pinora Township, Precinct 11","Delegate to County Convention for Pinora Township, Precinct 11",,DEM,Kelly Weaver,56,52,4,0
Lake,"Pinora Township, Precinct 11","Delegate to County Convention for Pinora Township, Precinct 11",,DEM,Write-in,0,0,0,0
Lake,"Pinora Township, Precinct 11","Delegate to County Convention for Pinora Township, Precinct 11",,REP,Ballots Cast,188,180,8,0
Lake,"Pinora Township, Precinct 11","Delegate to County Convention for Pinora Township, Precinct 11",,REP,Robert Snedeker,75,71,4,0
Lake,"Pinora Township, Precinct 11","Delegate to County Convention for Pinora Township, Precinct 11",,REP,Write-in,3,3,0,0
Lake,"Pinora Township, Precinct 11",Governor,,DEM,Ballots Cast,188,180,8,0
Lake,"Pinora Township, Precinct 11",Governor,,DEM,Christopher Robert Swanson,18,18,0,0
Lake,"Pinora Township, Precinct 11",Governor,,DEM,Jocelyn Benson,52,48,4,0
Lake,"Pinora Township, Precinct 11",Governor,,DEM,Write-in,0,0,0,0
Lake,"Pinora Township, Precinct 11",Governor,,REP,Aric Nesbitt,4,4,0,0
Lake,"Pinora Township, Precinct 11",Governor,,REP,Ballots Cast,188,180,8,0
Lake,"Pinora Township, Precinct 11",Governor,,REP,John James,54,52,2,0
Lake,"Pinora Township, Precinct 11",Governor,,REP,Mike Cox,7,7,0,0
Lake,"Pinora Township, Precinct 11",Governor,,REP,Perry Johnson,50,48,2,0
Lake,"Pinora Township, Precinct 11",Governor,,REP,Write-in,0,0,0,0
Lake,"Pinora Township, Precinct 11",State House,100,DEM,Ballots Cast,188,180,8,0
Lake,"Pinora Township, Precinct 11",State House,100,DEM,Tracy Ruell,62,58,4,0
Lake,"Pinora Township, Precinct 11",State House,100,DEM,Write-in,0,0,0,0
Lake,"Pinora Township, Precinct 11",State House,100,REP,Ballots Cast,188,180,8,0
Lake,"Pinora Township, Precinct 11",State House,100,REP,Tom Kunse,111,107,4,0
Lake,"Pinora Township, Precinct 11",State House,100,REP,Write-in,0,0,0,0
Lake,"Pinora Township, Precinct 11",State Senate,34,DEM,Ballots Cast,188,180,8,0
Lake,"Pinora Township, Precinct 11",State Senate,34,DEM,Tyler Landgraf,62,58,4,0
Lake,"Pinora Township, Precinct 11",State Senate,34,DEM,Write-in,0,0,0,0
Lake,"Pinora Township, Precinct 11",State Senate,34,REP,Ballots Cast,188,180,8,0
Lake,"Pinora Township, Precinct 11",State Senate,34,REP,Rhonda L. Lange,36,34,2,0
Lake,"Pinora Township, Precinct 11",State Senate,34,REP,Roger Hauck,76,74,2,0
Lake,"Pinora Township, Precinct 11",State Senate,34,REP,Write-in,0,0,0,0
Lake,"Pinora Township, Precinct 11",U.S. House,2,DEM,Ballots Cast,188,180,8,0
Lake,"Pinora Township, Precinct 11",U.S. House,2,DEM,Ben Ambrose,21,18,3,0
Lake,"Pinora Township, Precinct 11",U.S. House,2,DEM,Clyde Welford,15,15,0,0
Lake,"Pinora Township, Precinct 11",U.S. House,2,DEM,Jamie Hill,25,24,1,0
Lake,"Pinora Township, Precinct 11",U.S. House,2,DEM,Write-in,0,0,0,0
Lake,"Pinora Township, Precinct 11",U.S. House,2,REP,Ballots Cast,188,180,8,0
Lake,"Pinora Township, Precinct 11",U.S. House,2,REP,John Moolenaar,110,106,4,0
Lake,"Pinora Township, Precinct 11",U.S. House,2,REP,Write-in,0,0,0,0
Lake,"Pinora Township, Precinct 11",U.S. Senate,,DEM,Abdul El-Sayed,23,20,3,0
Lake,"Pinora Township, Precinct 11",U.S. Senate,,DEM,Ballots Cast,188,180,8,0
Lake,"Pinora Township, Precinct 11",U.S. Senate,,DEM,Haley Stevens,44,43,1,0
Lake,"Pinora Township, Precinct 11",U.S. Senate,,DEM,Mallory McMorrow,3,3,0,0
Lake,"Pinora Township, Precinct 11",U.S. Senate,,DEM,Write-in,1,1,0,0
Lake,"Pinora Township, Precinct 11",U.S. Senate,,REP,Ballots Cast,188,180,8,0
Lake,"Pinora Township, Precinct 11",U.S. Senate,,REP,Mike Rogers,108,104,4,0
Lake,"Pinora Township, Precinct 11",U.S. Senate,,REP,Write-in,1,1,0,0
Lake,"Pleasant Plains Township, Precinct 12",County Prosecuting Attorney Partial Term Ending 12/31/2028,,DEM,Ballots Cast,343,327,16,0
Lake,"Pleasant Plains Township, Precinct 12",County Prosecuting Attorney Partial Term Ending 12/31/2028,,DEM,Write-in,25,24,1,0
Lake,"Pleasant Plains Township, Precinct 12",County Prosecuting Attorney Partial Term Ending 12/31/2028,,REP,Ballots Cast,343,327,16,0
Lake,"Pleasant Plains Township, Precinct 12",County Prosecuting Attorney Partial Term Ending 12/31/2028,,REP,Cameron S Harwell,31,30,1,0
Lake,"Pleasant Plains Township, Precinct 12",County Prosecuting Attorney Partial Term Ending 12/31/2028,,REP,Tom Evans,146,143,3,0
Lake,"Pleasant Plains Township, Precinct 12",County Prosecuting Attorney Partial Term Ending 12/31/2028,,REP,Write-in,0,0,0,0
Lake,"Pleasant Plains Township, Precinct 12",County Road Commissioner,,DEM,Ballots Cast,343,327,16,0
Lake,"Pleasant Plains Township, Precinct 12",County Road Commissioner,,DEM,Write-in,24,23,1,0
Lake,"Pleasant Plains Township, Precinct 12",County Road Commissioner,,REP,Ballots Cast,343,327,16,0
Lake,"Pleasant Plains Township, Precinct 12",County Road Commissioner,,REP,Rick Haslock,123,122,1,0
Lake,"Pleasant Plains Township, Precinct 12",County Road Commissioner,,REP,Robert Snedeker,44,41,3,0
Lake,"Pleasant Plains Township, Precinct 12",County Road Commissioner,,REP,Write-in,2,2,0,0
Lake,"Pleasant Plains Township, Precinct 12","Delegate to County Convention for Pleasant Plains Township, Precinct 12",,DEM,Ballots Cast,343,327,16,0
Lake,"Pleasant Plains Township, Precinct 12","Delegate to County Convention for Pleasant Plains Township, Precinct 12",,DEM,Mildred A Kyles,106,97,9,0
Lake,"Pleasant Plains Township, Precinct 12","Delegate to County Convention for Pleasant Plains Township, Precinct 12",,DEM,Write-in,7,7,0,0
Lake,"Pleasant Plains Township, Precinct 12","Delegate to County Convention for Pleasant Plains Township, Precinct 12",,REP,Ballots Cast,343,327,16,0
Lake,"Pleasant Plains Township, Precinct 12","Delegate to County Convention for Pleasant Plains Township, Precinct 12",,REP,Write-in,4,4,0,0
Lake,"Pleasant Plains Township, Precinct 12",Governor,,DEM,Ballots Cast,343,327,16,0
Lake,"Pleasant Plains Township, Precinct 12",Governor,,DEM,Christopher Robert Swanson,20,16,4,0
Lake,"Pleasant Plains Township, Precinct 12",Governor,,DEM,Jocelyn Benson,116,108,8,0
Lake,"Pleasant Plains Township, Precinct 12",Governor,,DEM,Write-in,0,0,0,0
Lake,"Pleasant Plains Township, Precinct 12",Governor,,REP,Aric Nesbitt,9,9,0,0
Lake,"Pleasant Plains Township, Precinct 12",Governor,,REP,Ballots Cast,343,327,16,0
Lake,"Pleasant Plains Township, Precinct 12",Governor,,REP,John James,78,78,0,0
Lake,"Pleasant Plains Township, Precinct 12",Governor,,REP,Mike Cox,21,20,1,0
Lake,"Pleasant Plains Township, Precinct 12",Governor,,REP,Perry Johnson,77,74,3,0
Lake,"Pleasant Plains Township, Precinct 12",Governor,,REP,Write-in,1,1,0,0
Lake,"Pleasant Plains Township, Precinct 12",Pleasant Plains Township Trustee Partial Term Ending 11/20/2028,,DEM,Ballots Cast,343,327,16,0
Lake,"Pleasant Plains Township, Precinct 12",Pleasant Plains Township Trustee Partial Term Ending 11/20/2028,,DEM,Write-in,23,22,1,0
Lake,"Pleasant Plains Township, Precinct 12",Pleasant Plains Township Trustee Partial Term Ending 11/20/2028,,REP,Ballots Cast,343,327,16,0
Lake,"Pleasant Plains Township, Precinct 12",Pleasant Plains Township Trustee Partial Term Ending 11/20/2028,,REP,Write-in,16,16,0,0
Lake,"Pleasant Plains Township, Precinct 12",State House,101,DEM,Ballots Cast,343,327,16,0
Lake,"Pleasant Plains Township, Precinct 12",State House,101,DEM,Christopher R. Crain,119,109,10,0
Lake,"Pleasant Plains Township, Precinct 12",State House,101,DEM,Write-in,2,2,0,0
Lake,"Pleasant Plains Township, Precinct 12",State House,101,REP,Ballots Cast,343,327,16,0
Lake,"Pleasant Plains Township, Precinct 12",State House,101,REP,Ben Townsend,15,15,0,0
Lake,"Pleasant Plains Township, Precinct 12",State House,101,REP,Gary Anderson,21,20,1,0
Lake,"Pleasant Plains Township, Precinct 12",State House,101,REP,Jaxon Deur,35,35,0,0
Lake,"Pleasant Plains Township, Precinct 12",State House,101,REP,Luke Eising,51,51,0,0
Lake,"Pleasant Plains Township, Precinct 12",State House,101,REP,Rich Vance,49,46,3,0
Lake,"Pleasant Plains Township, Precinct 12",State House,101,REP,Write-in,1,1,0,0
Lake,"Pleasant Plains Township, Precinct 12",State Senate,33,DEM,Ballots Cast,343,327,16,0
Lake,"Pleasant Plains Township, Precinct 12",State Senate,33,DEM,Stan Opal,120,110,10,0
Lake,"Pleasant Plains Township, Precinct 12",State Senate,33,DEM,Write-in,2,2,0,0
Lake,"Pleasant Plains Township, Precinct 12",State Senate,33,REP,Ballots Cast,343,327,16,0
Lake,"Pleasant Plains Township, Precinct 12",State Senate,33,REP,Gina Johnsen,62,61,1,0
Lake,"Pleasant Plains Township, Precinct 12",State Senate,33,REP,Joseph D. Fox,49,49,0,0
Lake,"Pleasant Plains Township, Precinct 12",State Senate,33,REP,Katie DeBoer,35,32,3,0
Lake,"Pleasant Plains Township, Precinct 12",State Senate,33,REP,Thomas J. Norton,28,28,0,0
Lake,"Pleasant Plains Township, Precinct 12",State Senate,33,REP,Write-in,1,1,0,0
Lake,"Pleasant Plains Township, Precinct 12",U.S. House,2,DEM,Ballots Cast,343,327,16,0
Lake,"Pleasant Plains Township, Precinct 12",U.S. House,2,DEM,Ben Ambrose,34,28,6,0
Lake,"Pleasant Plains Township, Precinct 12",U.S. House,2,DEM,Clyde Welford,58,57,1,0
Lake,"Pleasant Plains Township, Precinct 12",U.S. House,2,DEM,Jamie Hill,42,37,5,0
Lake,"Pleasant Plains Township, Precinct 12",U.S. House,2,DEM,Write-in,0,0,0,0
Lake,"Pleasant Plains Township, Precinct 12",U.S. House,2,REP,Ballots Cast,343,327,16,0
Lake,"Pleasant Plains Township, Precinct 12",U.S. House,2,REP,John Moolenaar,170,166,4,0
Lake,"Pleasant Plains Township, Precinct 12",U.S. House,2,REP,Write-in,2,2,0,0
Lake,"Pleasant Plains Township, Precinct 12",U.S. Senate,,DEM,Abdul El-Sayed,61,55,6,0
Lake,"Pleasant Plains Township, Precinct 12",U.S. Senate,,DEM,Ballots Cast,343,327,16,0
Lake,"Pleasant Plains Township, Precinct 12",U.S. Senate,,DEM,Haley Stevens,63,57,6,0
Lake,"Pleasant Plains Township, Precinct 12",U.S. Senate,,DEM,Mallory McMorrow,13,13,0,0
Lake,"Pleasant Plains Township, Precinct 12",U.S. Senate,,DEM,Write-in,0,0,0,0
Lake,"Pleasant Plains Township, Precinct 12",U.S. Senate,,REP,Ballots Cast,343,327,16,0
Lake,"Pleasant Plains Township, Precinct 12",U.S. Senate,,REP,Mike Rogers,173,169,4,0
Lake,"Pleasant Plains Township, Precinct 12",U.S. Senate,,REP,Write-in,3,3,0,0
Lake,"Sauble Township, Precinct 15",County Prosecuting Attorney Partial Term Ending 12/31/2028,,DEM,Ballots Cast,147,145,2,0
Lake,"Sauble Township, Precinct 15",County Prosecuting Attorney Partial Term Ending 12/31/2028,,DEM,Write-in,9,9,0,0
Lake,"Sauble Township, Precinct 15",County Prosecuting Attorney Partial Term Ending 12/31/2028,,REP,Ballots Cast,147,145,2,0
Lake,"Sauble Township, Precinct 15",County Prosecuting Attorney Partial Term Ending 12/31/2028,,REP,Cameron S Harwell,17,17,0,0
Lake,"Sauble Township, Precinct 15",County Prosecuting Attorney Partial Term Ending 12/31/2028,,REP,Tom Evans,58,58,0,0
Lake,"Sauble Township, Precinct 15",County Prosecuting Attorney Partial Term Ending 12/31/2028,,REP,Write-in,0,0,0,0
Lake,"Sauble Township, Precinct 15",County Road Commissioner,,DEM,Ballots Cast,147,145,2,0
Lake,"Sauble Township, Precinct 15",County Road Commissioner,,DEM,Write-in,10,10,0,0
Lake,"Sauble Township, Precinct 15",County Road Commissioner,,REP,Ballots Cast,147,145,2,0
Lake,"Sauble Township, Precinct 15",County Road Commissioner,,REP,Rick Haslock,31,31,0,0
Lake,"Sauble Township, Precinct 15",County Road Commissioner,,REP,Robert Snedeker,43,43,0,0
Lake,"Sauble Township, Precinct 15",County Road Commissioner,,REP,Write-in,1,1,0,0
Lake,"Sauble Township, Precinct 15","Delegate to County Convention for Sauble Township, Precinct 15",,DEM,Ballots Cast,147,145,2,0
Lake,"Sauble Township, Precinct 15","Delegate to County Convention for Sauble Township, Precinct 15",,DEM,Write-in,9,9,0,0
Lake,"Sauble Township, Precinct 15","Delegate to County Convention for Sauble Township, Precinct 15",,REP,Ballots Cast,147,145,2,0
Lake,"Sauble Township, Precinct 15","Delegate to County Convention for Sauble Township, Precinct 15",,REP,Write-in,4,4,0,0
Lake,"Sauble Township, Precinct 15",Governor,,DEM,Ballots Cast,147,145,2,0
Lake,"Sauble Township, Precinct 15",Governor,,DEM,Christopher Robert Swanson,5,5,0,0
Lake,"Sauble Township, Precinct 15",Governor,,DEM,Jocelyn Benson,54,53,1,0
Lake,"Sauble Township, Precinct 15",Governor,,DEM,Write-in,0,0,0,0
Lake,"Sauble Township, Precinct 15",Governor,,REP,Aric Nesbitt,2,2,0,0
Lake,"Sauble Township, Precinct 15",Governor,,REP,Ballots Cast,147,145,2,0
Lake,"Sauble Township, Precinct 15",Governor,,REP,John James,27,27,0,0
Lake,"Sauble Township, Precinct 15",Governor,,REP,Mike Cox,13,13,0,0
Lake,"Sauble Township, Precinct 15",Governor,,REP,Perry Johnson,37,37,0,0
Lake,"Sauble Township, Precinct 15",Governor,,REP,Write-in,2,2,0,0
Lake,"Sauble Township, Precinct 15",State House,101,DEM,Ballots Cast,147,145,2,0
Lake,"Sauble Township, Precinct 15",State House,101,DEM,Christopher R. Crain,51,51,0,0
Lake,"Sauble Township, Precinct 15",State House,101,DEM,Write-in,0,0,0,0
Lake,"Sauble Township, Precinct 15",State House,101,REP,Ballots Cast,147,145,2,0
Lake,"Sauble Township, Precinct 15",State House,101,REP,Ben Townsend,6,6,0,0
Lake,"Sauble Township, Precinct 15",State House,101,REP,Gary Anderson,10,10,0,0
Lake,"Sauble Township, Precinct 15",State House,101,REP,Jaxon Deur,17,17,0,0
Lake,"Sauble Township, Precinct 15",State House,101,REP,Luke Eising,19,19,0,0
Lake,"Sauble Township, Precinct 15",State House,101,REP,Rich Vance,24,24,0,0
Lake,"Sauble Township, Precinct 15",State House,101,REP,Write-in,0,0,0,0
Lake,"Sauble Township, Precinct 15",State Senate,33,DEM,Ballots Cast,147,145,2,0
Lake,"Sauble Township, Precinct 15",State Senate,33,DEM,Stan Opal,53,53,0,0
Lake,"Sauble Township, Precinct 15",State Senate,33,DEM,Write-in,0,0,0,0
Lake,"Sauble Township, Precinct 15",State Senate,33,REP,Ballots Cast,147,145,2,0
Lake,"Sauble Township, Precinct 15",State Senate,33,REP,Gina Johnsen,8,8,0,0
Lake,"Sauble Township, Precinct 15",State Senate,33,REP,Joseph D. Fox,29,29,0,0
Lake,"Sauble Township, Precinct 15",State Senate,33,REP,Katie DeBoer,24,24,0,0
Lake,"Sauble Township, Precinct 15",State Senate,33,REP,Thomas J. Norton,18,18,0,0
Lake,"Sauble Township, Precinct 15",State Senate,33,REP,Write-in,0,0,0,0
Lake,"Sauble Township, Precinct 15",U.S. House,2,DEM,Ballots Cast,147,145,2,0
Lake,"Sauble Township, Precinct 15",U.S. House,2,DEM,Ben Ambrose,21,21,0,0
Lake,"Sauble Township, Precinct 15",U.S. House,2,DEM,Clyde Welford,13,13,0,0
Lake,"Sauble Township, Precinct 15",U.S. House,2,DEM,Jamie Hill,20,20,0,0
Lake,"Sauble Township, Precinct 15",U.S. House,2,DEM,Write-in,0,0,0,0
Lake,"Sauble Township, Precinct 15",U.S. House,2,REP,Ballots Cast,147,145,2,0
Lake,"Sauble Township, Precinct 15",U.S. House,2,REP,John Moolenaar,79,79,0,0
Lake,"Sauble Township, Precinct 15",U.S. House,2,REP,Write-in,0,0,0,0
Lake,"Sauble Township, Precinct 15",U.S. Senate,,DEM,Abdul El-Sayed,19,18,1,0
Lake,"Sauble Township, Precinct 15",U.S. Senate,,DEM,Ballots Cast,147,145,2,0
Lake,"Sauble Township, Precinct 15",U.S. Senate,,DEM,Haley Stevens,39,39,0,0
Lake,"Sauble Township, Precinct 15",U.S. Senate,,DEM,Mallory McMorrow,1,1,0,0
Lake,"Sauble Township, Precinct 15",U.S. Senate,,DEM,Write-in,0,0,0,0
Lake,"Sauble Township, Precinct 15",U.S. Senate,,REP,Ballots Cast,147,145,2,0
Lake,"Sauble Township, Precinct 15",U.S. Senate,,REP,Mike Rogers,79,79,0,0
Lake,"Sauble Township, Precinct 15",U.S. Senate,,REP,Write-in,0,0,0,0
Lake,"Sweetwater Township, Precinct 16",County Prosecuting Attorney Partial Term Ending 12/31/2028,,DEM,Ballots Cast,78,78,0,0
Lake,"Sweetwater Township, Precinct 16",County Prosecuting Attorney Partial Term Ending 12/31/2028,,DEM,Write-in,7,7,0,0
Lake,"Sweetwater Township, Precinct 16",County Prosecuting Attorney Partial Term Ending 12/31/2028,,REP,Ballots Cast,78,78,0,0
Lake,"Sweetwater Township, Precinct 16",County Prosecuting Attorney Partial Term Ending 12/31/2028,,REP,Cameron S Harwell,3,3,0,0
Lake,"Sweetwater Township, Precinct 16",County Prosecuting Attorney Partial Term Ending 12/31/2028,,REP,Tom Evans,40,40,0,0
Lake,"Sweetwater Township, Precinct 16",County Prosecuting Attorney Partial Term Ending 12/31/2028,,REP,Write-in,0,0,0,0
Lake,"Sweetwater Township, Precinct 16",County Road Commissioner,,DEM,Ballots Cast,78,78,0,0
Lake,"Sweetwater Township, Precinct 16",County Road Commissioner,,DEM,Write-in,7,7,0,0
Lake,"Sweetwater Township, Precinct 16",County Road Commissioner,,REP,Ballots Cast,78,78,0,0
Lake,"Sweetwater Township, Precinct 16",County Road Commissioner,,REP,Rick Haslock,32,32,0,0
Lake,"Sweetwater Township, Precinct 16",County Road Commissioner,,REP,Robert Snedeker,11,11,0,0
Lake,"Sweetwater Township, Precinct 16",County Road Commissioner,,REP,Write-in,0,0,0,0
Lake,"Sweetwater Township, Precinct 16","Delegate to County Convention for Sweetwater Township, Precinct 16",,DEM,Ballots Cast,78,78,0,0
Lake,"Sweetwater Township, Precinct 16","Delegate to County Convention for Sweetwater Township, Precinct 16",,DEM,Write-in,6,6,0,0
Lake,"Sweetwater Township, Precinct 16","Delegate to County Convention for Sweetwater Township, Precinct 16",,REP,Ballots Cast,78,78,0,0
Lake,"Sweetwater Township, Precinct 16","Delegate to County Convention for Sweetwater Township, Precinct 16",,REP,Write-in,4,4,0,0
Lake,"Sweetwater Township, Precinct 16",Governor,,DEM,Ballots Cast,78,78,0,0
Lake,"Sweetwater Township, Precinct 16",Governor,,DEM,Christopher Robert Swanson,4,4,0,0
Lake,"Sweetwater Township, Precinct 16",Governor,,DEM,Jocelyn Benson,21,21,0,0
Lake,"Sweetwater Township, Precinct 16",Governor,,DEM,Write-in,0,0,0,0
Lake,"Sweetwater Township, Precinct 16",Governor,,REP,Aric Nesbitt,1,1,0,0
Lake,"Sweetwater Township, Precinct 16",Governor,,REP,Ballots Cast,78,78,0,0
Lake,"Sweetwater Township, Precinct 16",Governor,,REP,John James,18,18,0,0
Lake,"Sweetwater Township, Precinct 16",Governor,,REP,Mike Cox,8,8,0,0
Lake,"Sweetwater Township, Precinct 16",Governor,,REP,Perry Johnson,23,23,0,0
Lake,"Sweetwater Township, Precinct 16",Governor,,REP,Write-in,0,0,0,0
Lake,"Sweetwater Township, Precinct 16",State House,101,DEM,Ballots Cast,78,78,0,0
Lake,"Sweetwater Township, Precinct 16",State House,101,DEM,Christopher R. Crain,23,23,0,0
Lake,"Sweetwater Township, Precinct 16",State House,101,DEM,Write-in,0,0,0,0
Lake,"Sweetwater Township, Precinct 16",State House,101,REP,Ballots Cast,78,78,0,0
Lake,"Sweetwater Township, Precinct 16",State House,101,REP,Ben Townsend,2,2,0,0
Lake,"Sweetwater Township, Precinct 16",State House,101,REP,Gary Anderson,7,7,0,0
Lake,"Sweetwater Township, Precinct 16",State House,101,REP,Jaxon Deur,7,7,0,0
Lake,"Sweetwater Township, Precinct 16",State House,101,REP,Luke Eising,17,17,0,0
Lake,"Sweetwater Township, Precinct 16",State House,101,REP,Rich Vance,7,7,0,0
Lake,"Sweetwater Township, Precinct 16",State House,101,REP,Write-in,0,0,0,0
Lake,"Sweetwater Township, Precinct 16",State Senate,33,DEM,Ballots Cast,78,78,0,0
Lake,"Sweetwater Township, Precinct 16",State Senate,33,DEM,Stan Opal,23,23,0,0
Lake,"Sweetwater Township, Precinct 16",State Senate,33,DEM,Write-in,0,0,0,0
Lake,"Sweetwater Township, Precinct 16",State Senate,33,REP,Ballots Cast,78,78,0,0
Lake,"Sweetwater Township, Precinct 16",State Senate,33,REP,Gina Johnsen,11,11,0,0
Lake,"Sweetwater Township, Precinct 16",State Senate,33,REP,Joseph D. Fox,13,13,0,0
Lake,"Sweetwater Township, Precinct 16",State Senate,33,REP,Katie DeBoer,9,9,0,0
Lake,"Sweetwater Township, Precinct 16",State Senate,33,REP,Thomas J. Norton,10,10,0,0
Lake,"Sweetwater Township, Precinct 16",State Senate,33,REP,Write-in,0,0,0,0
Lake,"Sweetwater Township, Precinct 16",Sweetwater Township Clerk Partial Term Ending 11/20/2028,,DEM,Ballots Cast,78,78,0,0
Lake,"Sweetwater Township, Precinct 16",Sweetwater Township Clerk Partial Term Ending 11/20/2028,,DEM,Write-in,7,7,0,0
Lake,"Sweetwater Township, Precinct 16",Sweetwater Township Clerk Partial Term Ending 11/20/2028,,REP,Ballots Cast,78,78,0,0
Lake,"Sweetwater Township, Precinct 16",Sweetwater Township Clerk Partial Term Ending 11/20/2028,,REP,Write-in,5,5,0,0
Lake,"Sweetwater Township, Precinct 16",U.S. House,2,DEM,Ballots Cast,78,78,0,0
Lake,"Sweetwater Township, Precinct 16",U.S. House,2,DEM,Ben Ambrose,16,16,0,0
Lake,"Sweetwater Township, Precinct 16",U.S. House,2,DEM,Clyde Welford,3,3,0,0
Lake,"Sweetwater Township, Precinct 16",U.S. House,2,DEM,Jamie Hill,5,5,0,0
Lake,"Sweetwater Township, Precinct 16",U.S. House,2,DEM,Write-in,0,0,0,0
Lake,"Sweetwater Township, Precinct 16",U.S. House,2,REP,Ballots Cast,78,78,0,0
Lake,"Sweetwater Township, Precinct 16",U.S. House,2,REP,John Moolenaar,47,47,0,0
Lake,"Sweetwater Township, Precinct 16",U.S. House,2,REP,Write-in,0,0,0,0
Lake,"Sweetwater Township, Precinct 16",U.S. Senate,,DEM,Abdul El-Sayed,11,11,0,0
Lake,"Sweetwater Township, Precinct 16",U.S. Senate,,DEM,Ballots Cast,78,78,0,0
Lake,"Sweetwater Township, Precinct 16",U.S. Senate,,DEM,Haley Stevens,10,10,0,0
Lake,"Sweetwater Township, Precinct 16",U.S. Senate,,DEM,Mallory McMorrow,4,4,0,0
Lake,"Sweetwater Township, Precinct 16",U.S. Senate,,DEM,Write-in,0,0,0,0
Lake,"Sweetwater Township, Precinct 16",U.S. Senate,,REP,Ballots Cast,78,78,0,0
Lake,"Sweetwater Township, Precinct 16",U.S. Senate,,REP,Mike Rogers,47,47,0,0
Lake,"Sweetwater Township, Precinct 16",U.S. Senate,,REP,Write-in,0,0,0,0
Lake,"Webber Township, Precinct 17",County Prosecuting Attorney Partial Term Ending 12/31/2028,,DEM,Ballots Cast,282,267,15,0
Lake,"Webber Township, Precinct 17",County Prosecuting Attorney Partial Term Ending 12/31/2028,,DEM,Write-in,36,35,1,0
Lake,"Webber Township, Precinct 17",County Prosecuting Attorney Partial Term Ending 12/31/2028,,REP,Ballots Cast,282,267,15,0
Lake,"Webber Township, Precinct 17",County Prosecuting Attorney Partial Term Ending 12/31/2028,,REP,Cameron S Harwell,34,33,1,0
Lake,"Webber Township, Precinct 17",County Prosecuting Attorney Partial Term Ending 12/31/2028,,REP,Tom Evans,94,85,9,0
Lake,"Webber Township, Precinct 17",County Prosecuting Attorney Partial Term Ending 12/31/2028,,REP,Write-in,1,1,0,0
Lake,"Webber Township, Precinct 17",County Road Commissioner,,DEM,Ballots Cast,282,267,15,0
Lake,"Webber Township, Precinct 17",County Road Commissioner,,DEM,Write-in,38,37,1,0
Lake,"Webber Township, Precinct 17",County Road Commissioner,,REP,Ballots Cast,282,267,15,0
Lake,"Webber Township, Precinct 17",County Road Commissioner,,REP,Rick Haslock,89,84,5,0
Lake,"Webber Township, Precinct 17",County Road Commissioner,,REP,Robert Snedeker,38,33,5,0
Lake,"Webber Township, Precinct 17",County Road Commissioner,,REP,Write-in,0,0,0,0
Lake,"Webber Township, Precinct 17","Delegate to County Convention for Webber Township, Precinct 17",,DEM,Ballots Cast,282,267,15,0
Lake,"Webber Township, Precinct 17","Delegate to County Convention for Webber Township, Precinct 17",,DEM,Write-in,42,41,1,0
Lake,"Webber Township, Precinct 17","Delegate to County Convention for Webber Township, Precinct 17",,REP,Ballots Cast,282,267,15,0
Lake,"Webber Township, Precinct 17","Delegate to County Convention for Webber Township, Precinct 17",,REP,Write-in,8,3,5,0
Lake,"Webber Township, Precinct 17",Governor,,DEM,Ballots Cast,282,267,15,0
Lake,"Webber Township, Precinct 17",Governor,,DEM,Christopher Robert Swanson,24,24,0,0
Lake,"Webber Township, Precinct 17",Governor,,DEM,Jocelyn Benson,105,102,3,0
Lake,"Webber Township, Precinct 17",Governor,,DEM,Write-in,1,1,0,0
Lake,"Webber Township, Precinct 17",Governor,,REP,Aric Nesbitt,4,3,1,0
Lake,"Webber Township, Precinct 17",Governor,,REP,Ballots Cast,282,267,15,0
Lake,"Webber Township, Precinct 17",Governor,,REP,John James,56,50,6,0
Lake,"Webber Township, Precinct 17",Governor,,REP,Mike Cox,20,19,1,0
Lake,"Webber Township, Precinct 17",Governor,,REP,Perry Johnson,48,45,3,0
Lake,"Webber Township, Precinct 17",Governor,,REP,Write-in,0,0,0,0
Lake,"Webber Township, Precinct 17",State House,101,DEM,Ballots Cast,282,267,15,0
Lake,"Webber Township, Precinct 17",State House,101,DEM,Christopher R. Crain,105,103,2,0
Lake,"Webber Township, Precinct 17",State House,101,DEM,Write-in,1,1,0,0
Lake,"Webber Township, Precinct 17",State House,101,REP,Ballots Cast,282,267,15,0
Lake,"Webber Township, Precinct 17",State House,101,REP,Ben Townsend,10,9,1,0
Lake,"Webber Township, Precinct 17",State House,101,REP,Gary Anderson,15,14,1,0
Lake,"Webber Township, Precinct 17",State House,101,REP,Jaxon Deur,11,10,1,0
Lake,"Webber Township, Precinct 17",State House,101,REP,Luke Eising,33,29,4,0
Lake,"Webber Township, Precinct 17",State House,101,REP,Rich Vance,55,52,3,0
Lake,"Webber Township, Precinct 17",State House,101,REP,Write-in,0,0,0,0
Lake,"Webber Township, Precinct 17",State Senate,33,DEM,Ballots Cast,282,267,15,0
Lake,"Webber Township, Precinct 17",State Senate,33,DEM,Stan Opal,108,106,2,0
Lake,"Webber Township, Precinct 17",State Senate,33,DEM,Write-in,0,0,0,0
Lake,"Webber Township, Precinct 17",State Senate,33,REP,Ballots Cast,282,267,15,0
Lake,"Webber Township, Precinct 17",State Senate,33,REP,Gina Johnsen,34,32,2,0
Lake,"Webber Township, Precinct 17",State Senate,33,REP,Joseph D. Fox,38,33,5,0
Lake,"Webber Township, Precinct 17",State Senate,33,REP,Katie DeBoer,33,33,0,0
Lake,"Webber Township, Precinct 17",State Senate,33,REP,Thomas J. Norton,23,20,3,0
Lake,"Webber Township, Precinct 17",State Senate,33,REP,Write-in,0,0,0,0
Lake,"Webber Township, Precinct 17",U.S. House,2,DEM,Ballots Cast,282,267,15,0
Lake,"Webber Township, Precinct 17",U.S. House,2,DEM,Ben Ambrose,24,24,0,0
Lake,"Webber Township, Precinct 17",U.S. House,2,DEM,Clyde Welford,61,60,1,0
Lake,"Webber Township, Precinct 17",U.S. House,2,DEM,Jamie Hill,39,38,1,0
Lake,"Webber Township, Precinct 17",U.S. House,2,DEM,Write-in,1,1,0,0
Lake,"Webber Township, Precinct 17",U.S. House,2,REP,Ballots Cast,282,267,15,0
Lake,"Webber Township, Precinct 17",U.S. House,2,REP,John Moolenaar,120,109,11,0
Lake,"Webber Township, Precinct 17",U.S. House,2,REP,Write-in,0,0,0,0
Lake,"Webber Township, Precinct 17",U.S. Senate,,DEM,Abdul El-Sayed,47,45,2,0
Lake,"Webber Township, Precinct 17",U.S. Senate,,DEM,Ballots Cast,282,267,15,0
Lake,"Webber Township, Precinct 17",U.S. Senate,,DEM,Haley Stevens,74,74,0,0
Lake,"Webber Township, Precinct 17",U.S. Senate,,DEM,Mallory McMorrow,8,8,0,0
Lake,"Webber Township, Precinct 17",U.S. Senate,,DEM,Write-in,0,0,0,0
Lake,"Webber Township, Precinct 17",U.S. Senate,,REP,Ballots Cast,282,267,15,0
Lake,"Webber Township, Precinct 17",U.S. Senate,,REP,Mike Rogers,120,109,11,0
Lake,"Webber Township, Precinct 17",U.S. Senate,,REP,Write-in,0,0,0,0
Lake,"Yates Township, Precinct 19",County Prosecuting Attorney Partial Term Ending 12/31/2028,,DEM,Ballots Cast,207,205,2,0
Lake,"Yates Township, Precinct 19",County Prosecuting Attorney Partial Term Ending 12/31/2028,,DEM,Write-in,21,21,0,0
Lake,"Yates Township, Precinct 19",County Prosecuting Attorney Partial Term Ending 12/31/2028,,REP,Ballots Cast,207,205,2,0
Lake,"Yates Township, Precinct 19",County Prosecuting Attorney Partial Term Ending 12/31/2028,,REP,Cameron S Harwell,7,7,0,0
Lake,"Yates Township, Precinct 19",County Prosecuting Attorney Partial Term Ending 12/31/2028,,REP,Tom Evans,39,39,0,0
Lake,"Yates Township, Precinct 19",County Prosecuting Attorney Partial Term Ending 12/31/2028,,REP,Write-in,0,0,0,0
Lake,"Yates Township, Precinct 19",County Road Commissioner,,DEM,Ballots Cast,207,205,2,0
Lake,"Yates Township, Precinct 19",County Road Commissioner,,DEM,Write-in,19,19,0,0
Lake,"Yates Township, Precinct 19",County Road Commissioner,,REP,Ballots Cast,207,205,2,0
Lake,"Yates Township, Precinct 19",County Road Commissioner,,REP,Rick Haslock,29,29,0,0
Lake,"Yates Township, Precinct 19",County Road Commissioner,,REP,Robert Snedeker,18,18,0,0
Lake,"Yates Township, Precinct 19",County Road Commissioner,,REP,Write-in,0,0,0,0
Lake,"Yates Township, Precinct 19","Delegate to County Convention for Yates Township, Precinct 19",,DEM,Ballots Cast,207,205,2,0
Lake,"Yates Township, Precinct 19","Delegate to County Convention for Yates Township, Precinct 19",,DEM,Write-in,20,20,0,0
Lake,"Yates Township, Precinct 19","Delegate to County Convention for Yates Township, Precinct 19",,REP,Ballots Cast,207,205,2,0
Lake,"Yates Township, Precinct 19","Delegate to County Convention for Yates Township, Precinct 19",,REP,Write-in,3,3,0,0
Lake,"Yates Township, Precinct 19",Governor,,DEM,Ballots Cast,207,205,2,0
Lake,"Yates Township, Precinct 19",Governor,,DEM,Christopher Robert Swanson,21,19,2,0
Lake,"Yates Township, Precinct 19",Governor,,DEM,Jocelyn Benson,121,121,0,0
Lake,"Yates Township, Precinct 19",Governor,,DEM,Write-in,0,0,0,0
Lake,"Yates Township, Precinct 19",Governor,,REP,Aric Nesbitt,0,0,0,0
Lake,"Yates Township, Precinct 19",Governor,,REP,Ballots Cast,207,205,2,0
Lake,"Yates Township, Precinct 19",Governor,,REP,John James,23,23,0,0
Lake,"Yates Township, Precinct 19",Governor,,REP,Mike Cox,2,2,0,0
Lake,"Yates Township, Precinct 19",Governor,,REP,Perry Johnson,27,27,0,0
Lake,"Yates Township, Precinct 19",Governor,,REP,Write-in,0,0,0,0
Lake,"Yates Township, Precinct 19",State House,101,DEM,Ballots Cast,207,205,2,0
Lake,"Yates Township, Precinct 19",State House,101,DEM,Christopher R. Crain,110,108,2,0
Lake,"Yates Township, Precinct 19",State House,101,DEM,Write-in,0,0,0,0
Lake,"Yates Township, Precinct 19",State House,101,REP,Ballots Cast,207,205,2,0
Lake,"Yates Township, Precinct 19",State House,101,REP,Ben Townsend,5,5,0,0
Lake,"Yates Township, Precinct 19",State House,101,REP,Gary Anderson,11,11,0,0
Lake,"Yates Township, Precinct 19",State House,101,REP,Jaxon Deur,13,13,0,0
Lake,"Yates Township, Precinct 19",State House,101,REP,Luke Eising,7,7,0,0
Lake,"Yates Township, Precinct 19",State House,101,REP,Rich Vance,13,13,0,0
Lake,"Yates Township, Precinct 19",State House,101,REP,Write-in,0,0,0,0
Lake,"Yates Township, Precinct 19",State Senate,34,DEM,Ballots Cast,207,205,2,0
Lake,"Yates Township, Precinct 19",State Senate,34,DEM,Tyler Landgraf,110,108,2,0
Lake,"Yates Township, Precinct 19",State Senate,34,DEM,Write-in,0,0,0,0
Lake,"Yates Township, Precinct 19",State Senate,34,REP,Ballots Cast,207,205,2,0
Lake,"Yates Township, Precinct 19",State Senate,34,REP,Rhonda L. Lange,9,9,0,0
Lake,"Yates Township, Precinct 19",State Senate,34,REP,Roger Hauck,41,41,0,0
Lake,"Yates Township, Precinct 19",State Senate,34,REP,Write-in,0,0,0,0
Lake,"Yates Township, Precinct 19",U.S. House,2,DEM,Ballots Cast,207,205,2,0
Lake,"Yates Township, Precinct 19",U.S. House,2,DEM,Ben Ambrose,15,15,0,0
Lake,"Yates Township, Precinct 19",U.S. House,2,DEM,Clyde Welford,90,88,2,0
Lake,"Yates Township, Precinct 19",U.S. House,2,DEM,Jamie Hill,29,29,0,0
Lake,"Yates Township, Precinct 19",U.S. House,2,DEM,Write-in,1,1,0,0
Lake,"Yates Township, Precinct 19",U.S. House,2,REP,Ballots Cast,207,205,2,0
Lake,"Yates Township, Precinct 19",U.S. House,2,REP,John Moolenaar,49,49,0,0
Lake,"Yates Township, Precinct 19",U.S. House,2,REP,Write-in,0,0,0,0
Lake,"Yates Township, Precinct 19",U.S. Senate,,DEM,Abdul El-Sayed,44,42,2,0
Lake,"Yates Township, Precinct 19",U.S. Senate,,DEM,Ballots Cast,207,205,2,0
Lake,"Yates Township, Precinct 19",U.S. Senate,,DEM,Haley Stevens,93,93,0,0
Lake,"Yates Township, Precinct 19",U.S. Senate,,DEM,Mallory McMorrow,5,5,0,0
Lake,"Yates Township, Precinct 19",U.S. Senate,,DEM,Write-in,0,0,0,0
Lake,"Yates Township, Precinct 19",U.S. Senate,,REP,Ballots Cast,207,205,2,0
Lake,"Yates Township, Precinct 19",U.S. Senate,,REP,Mike Rogers,48,48,0,0
Lake,"Yates Township, Precinct 19",U.S. Senate,,REP,Write-in,0,0,0,0
Lake,"Yates Township, Precinct 19",Yates Township Supervisor Partial Term Ending 11/20/2028,,DEM,Ballots Cast,207,205,2,0
Lake,"Yates Township, Precinct 19",Yates Township Supervisor Partial Term Ending 11/20/2028,,DEM,Chris J Grier,93,91,2,0
Lake,"Yates Township, Precinct 19",Yates Township Supervisor Partial Term Ending 11/20/2028,,DEM,Fenobia Dallas,21,21,0,0
Lake,"Yates Township, Precinct 19",Yates Township Supervisor Partial Term Ending 11/20/2028,,DEM,Nicolette McClure,28,28,0,0
Lake,"Yates Township, Precinct 19",Yates Township Supervisor Partial Term Ending 11/20/2028,,DEM,Write-in,1,1,0,0
Lake,"Yates Township, Precinct 19",Yates Township Supervisor Partial Term Ending 11/20/2028,,REP,Ballots Cast,207,205,2,0
Lake,"Yates Township, Precinct 19",Yates Township Supervisor Partial Term Ending 11/20/2028,,REP,Write-in,6,6,0,0
