county,precinct,office,district,party,candidate,votes,election_day,av_counting_boards,early_votes
Baraga,"Arvon Township, Precinct 1",Governor,,DEM,Christopher Robert Swanson,6,6,0,0
Baraga,"Arvon Township, Precinct 1",Governor,,DEM,Jocelyn Benson,42,40,0,2
Baraga,"Arvon Township, Precinct 1",Governor,,DEM,Total Votes,48,46,0,2
Baraga,"Arvon Township, Precinct 1",Governor,,DEM,Ballots Cast,210,202,0,8
Baraga,"Baraga Township, Precinct 1",Governor,,DEM,Christopher Robert Swanson,21,12,7,2
Baraga,"Baraga Township, Precinct 1",Governor,,DEM,Jocelyn Benson,100,48,46,6
Baraga,"Baraga Township, Precinct 1",Governor,,DEM,Total Votes,121,60,53,8
Baraga,"Baraga Township, Precinct 1",Governor,,DEM,Write-In,1,0,1,0
Baraga,"Baraga Township, Precinct 1",Governor,,DEM,Ballots Cast,264,144,110,10
Baraga,"Baraga Township, Precinct 2",Governor,,DEM,Christopher Robert Swanson,13,9,4,0
Baraga,"Baraga Township, Precinct 2",Governor,,DEM,Jocelyn Benson,104,39,63,2
Baraga,"Baraga Township, Precinct 2",Governor,,DEM,Total Votes,117,48,67,2
Baraga,"Baraga Township, Precinct 2",Governor,,DEM,Ballots Cast,354,211,136,7
Baraga,"Covington Township, Precinct 1",Governor,,DEM,Christopher Robert Swanson,5,5,0,0
Baraga,"Covington Township, Precinct 1",Governor,,DEM,Jocelyn Benson,28,28,0,0
Baraga,"Covington Township, Precinct 1",Governor,,DEM,Total Votes,33,33,0,0
Baraga,"Covington Township, Precinct 1",Governor,,DEM,Ballots Cast,122,121,0,1
Baraga,"L'Anse Township, Precinct 1",Governor,,DEM,Christopher Robert Swanson,41,22,16,3
Baraga,"L'Anse Township, Precinct 1",Governor,,DEM,Jocelyn Benson,327,70,239,18
Baraga,"L'Anse Township, Precinct 1",Governor,,DEM,Total Votes,368,92,255,21
Baraga,"L'Anse Township, Precinct 1",Governor,,DEM,Ballots Cast,898,294,532,72
Baraga,"Spurr Township, Precinct 1",Governor,,DEM,Christopher Robert Swanson,10,10,0,0
Baraga,"Spurr Township, Precinct 1",Governor,,DEM,Jocelyn Benson,56,56,0,0
Baraga,"Spurr Township, Precinct 1",Governor,,DEM,Total Votes,66,66,0,0
Baraga,"Spurr Township, Precinct 1",Governor,,DEM,Ballots Cast,123,123,0,0
Baraga,"Arvon Township, Precinct 1",U.S. Senate,,DEM,Abdul El-Sayed,22,22,0,0
Baraga,"Arvon Township, Precinct 1",U.S. Senate,,DEM,Haley Stevens,28,26,0,2
Baraga,"Arvon Township, Precinct 1",U.S. Senate,,DEM,Mallory McMorrow,1,1,0,0
Baraga,"Arvon Township, Precinct 1",U.S. Senate,,DEM,Total Votes,51,49,0,2
Baraga,"Arvon Township, Precinct 1",U.S. Senate,,DEM,Ballots Cast,210,202,0,8
Baraga,"Baraga Township, Precinct 1",U.S. Senate,,DEM,Abdul El-Sayed,65,37,22,6
Baraga,"Baraga Township, Precinct 1",U.S. Senate,,DEM,Haley Stevens,48,21,25,2
Baraga,"Baraga Township, Precinct 1",U.S. Senate,,DEM,Mallory McMorrow,7,2,5,0
Baraga,"Baraga Township, Precinct 1",U.S. Senate,,DEM,Total Votes,120,60,52,8
Baraga,"Baraga Township, Precinct 1",U.S. Senate,,DEM,Ballots Cast,264,144,110,10
Baraga,"Baraga Township, Precinct 2",U.S. Senate,,DEM,Abdul El-Sayed,55,27,27,1
Baraga,"Baraga Township, Precinct 2",U.S. Senate,,DEM,Haley Stevens,59,21,37,1
Baraga,"Baraga Township, Precinct 2",U.S. Senate,,DEM,Mallory McMorrow,5,1,4,0
Baraga,"Baraga Township, Precinct 2",U.S. Senate,,DEM,Total Votes,119,49,68,2
Baraga,"Baraga Township, Precinct 2",U.S. Senate,,DEM,Ballots Cast,354,211,136,7
Baraga,"Covington Township, Precinct 1",U.S. Senate,,DEM,Abdul El-Sayed,10,10,0,0
Baraga,"Covington Township, Precinct 1",U.S. Senate,,DEM,Haley Stevens,24,24,0,0
Baraga,"Covington Township, Precinct 1",U.S. Senate,,DEM,Mallory McMorrow,1,1,0,0
Baraga,"Covington Township, Precinct 1",U.S. Senate,,DEM,Total Votes,35,35,0,0
Baraga,"Covington Township, Precinct 1",U.S. Senate,,DEM,Ballots Cast,122,121,0,1
Baraga,"L'Anse Township, Precinct 1",U.S. Senate,,DEM,Abdul El-Sayed,161,55,95,11
Baraga,"L'Anse Township, Precinct 1",U.S. Senate,,DEM,Haley Stevens,161,33,121,7
Baraga,"L'Anse Township, Precinct 1",U.S. Senate,,DEM,Mallory McMorrow,43,2,39,2
Baraga,"L'Anse Township, Precinct 1",U.S. Senate,,DEM,Total Votes,365,90,255,20
Baraga,"L'Anse Township, Precinct 1",U.S. Senate,,DEM,Write-In,1,0,0,1
Baraga,"L'Anse Township, Precinct 1",U.S. Senate,,DEM,Ballots Cast,898,294,532,72
Baraga,"Spurr Township, Precinct 1",U.S. Senate,,DEM,Abdul El-Sayed,27,27,0,0
Baraga,"Spurr Township, Precinct 1",U.S. Senate,,DEM,Haley Stevens,35,35,0,0
Baraga,"Spurr Township, Precinct 1",U.S. Senate,,DEM,Mallory McMorrow,4,4,0,0
Baraga,"Spurr Township, Precinct 1",U.S. Senate,,DEM,Total Votes,66,66,0,0
Baraga,"Spurr Township, Precinct 1",U.S. Senate,,DEM,Ballots Cast,123,123,0,0
Baraga,"Arvon Township, Precinct 1",U.S. House,1,DEM,Callie Barr,29,27,0,2
Baraga,"Arvon Township, Precinct 1",U.S. House,1,DEM,Kyle Blomquist,16,16,0,0
Baraga,"Arvon Township, Precinct 1",U.S. House,1,DEM,Total Votes,47,45,0,2
Baraga,"Arvon Township, Precinct 1",U.S. House,1,DEM,Wayne Stiles,2,2,0,0
Baraga,"Arvon Township, Precinct 1",U.S. House,1,DEM,Ballots Cast,210,202,0,8
Baraga,"Baraga Township, Precinct 1",U.S. House,1,DEM,Callie Barr,79,37,34,8
Baraga,"Baraga Township, Precinct 1",U.S. House,1,DEM,Kyle Blomquist,35,18,17,0
Baraga,"Baraga Township, Precinct 1",U.S. House,1,DEM,Total Votes,123,60,55,8
Baraga,"Baraga Township, Precinct 1",U.S. House,1,DEM,Wayne Stiles,9,5,4,0
Baraga,"Baraga Township, Precinct 1",U.S. House,1,DEM,Ballots Cast,264,144,110,10
Baraga,"Baraga Township, Precinct 2",U.S. House,1,DEM,Callie Barr,85,30,54,1
Baraga,"Baraga Township, Precinct 2",U.S. House,1,DEM,Kyle Blomquist,27,14,12,1
Baraga,"Baraga Township, Precinct 2",U.S. House,1,DEM,Total Votes,116,47,67,2
Baraga,"Baraga Township, Precinct 2",U.S. House,1,DEM,Wayne Stiles,4,3,1,0
Baraga,"Baraga Township, Precinct 2",U.S. House,1,DEM,Ballots Cast,354,211,136,7
Baraga,"Covington Township, Precinct 1",U.S. House,1,DEM,Callie Barr,21,21,0,0
Baraga,"Covington Township, Precinct 1",U.S. House,1,DEM,Kyle Blomquist,9,9,0,0
Baraga,"Covington Township, Precinct 1",U.S. House,1,DEM,Total Votes,33,33,0,0
Baraga,"Covington Township, Precinct 1",U.S. House,1,DEM,Wayne Stiles,3,3,0,0
Baraga,"Covington Township, Precinct 1",U.S. House,1,DEM,Ballots Cast,122,121,0,1
Baraga,"L'Anse Township, Precinct 1",U.S. House,1,DEM,Callie Barr,236,51,170,15
Baraga,"L'Anse Township, Precinct 1",U.S. House,1,DEM,Kyle Blomquist,115,39,71,5
Baraga,"L'Anse Township, Precinct 1",U.S. House,1,DEM,Total Votes,364,91,252,21
Baraga,"L'Anse Township, Precinct 1",U.S. House,1,DEM,Wayne Stiles,13,1,11,1
Baraga,"L'Anse Township, Precinct 1",U.S. House,1,DEM,Ballots Cast,898,294,532,72
Baraga,"Spurr Township, Precinct 1",U.S. House,1,DEM,Callie Barr,48,48,0,0
Baraga,"Spurr Township, Precinct 1",U.S. House,1,DEM,Kyle Blomquist,15,15,0,0
Baraga,"Spurr Township, Precinct 1",U.S. House,1,DEM,Total Votes,64,64,0,0
Baraga,"Spurr Township, Precinct 1",U.S. House,1,DEM,Wayne Stiles,1,1,0,0
Baraga,"Spurr Township, Precinct 1",U.S. House,1,DEM,Ballots Cast,123,123,0,0
Baraga,"Arvon Township, Precinct 1",State Senate,38,DEM,Kelli J. Van Ginhoven,44,42,0,2
Baraga,"Arvon Township, Precinct 1",State Senate,38,DEM,Total Votes,44,42,0,2
Baraga,"Arvon Township, Precinct 1",State Senate,38,DEM,Ballots Cast,210,202,0,8
Baraga,"Baraga Township, Precinct 1",State Senate,38,DEM,Kelli J. Van Ginhoven,112,54,50,8
Baraga,"Baraga Township, Precinct 1",State Senate,38,DEM,Total Votes,112,54,50,8
Baraga,"Baraga Township, Precinct 1",State Senate,38,DEM,Write-In,1,1,0,0
Baraga,"Baraga Township, Precinct 1",State Senate,38,DEM,Ballots Cast,264,144,110,10
Baraga,"Baraga Township, Precinct 2",State Senate,38,DEM,Kelli J. Van Ginhoven,110,45,63,2
Baraga,"Baraga Township, Precinct 2",State Senate,38,DEM,Total Votes,110,45,63,2
Baraga,"Baraga Township, Precinct 2",State Senate,38,DEM,Ballots Cast,354,211,136,7
Baraga,"Covington Township, Precinct 1",State Senate,38,DEM,Kelli J. Van Ginhoven,34,34,0,0
Baraga,"Covington Township, Precinct 1",State Senate,38,DEM,Total Votes,34,34,0,0
Baraga,"Covington Township, Precinct 1",State Senate,38,DEM,Ballots Cast,122,121,0,1
Baraga,"L'Anse Township, Precinct 1",State Senate,38,DEM,Kelli J. Van Ginhoven,340,83,237,20
Baraga,"L'Anse Township, Precinct 1",State Senate,38,DEM,Total Votes,340,83,237,20
Baraga,"L'Anse Township, Precinct 1",State Senate,38,DEM,Write-In,1,1,0,0
Baraga,"L'Anse Township, Precinct 1",State Senate,38,DEM,Ballots Cast,898,294,532,72
Baraga,"Spurr Township, Precinct 1",State Senate,38,DEM,Kelli J. Van Ginhoven,55,55,0,0
Baraga,"Spurr Township, Precinct 1",State Senate,38,DEM,Total Votes,55,55,0,0
Baraga,"Spurr Township, Precinct 1",State Senate,38,DEM,Ballots Cast,123,123,0,0
Baraga,"Arvon Township, Precinct 1",State House,109,DEM,Anna Aho Rink,45,43,0,2
Baraga,"Arvon Township, Precinct 1",State House,109,DEM,Total Votes,45,43,0,2
Baraga,"Arvon Township, Precinct 1",State House,109,DEM,Ballots Cast,210,202,0,8
Baraga,"Baraga Township, Precinct 1",State House,109,DEM,Anna Aho Rink,112,54,50,8
Baraga,"Baraga Township, Precinct 1",State House,109,DEM,Total Votes,112,54,50,8
Baraga,"Baraga Township, Precinct 1",State House,109,DEM,Ballots Cast,264,144,110,10
Baraga,"Baraga Township, Precinct 2",State House,109,DEM,Anna Aho Rink,109,45,62,2
Baraga,"Baraga Township, Precinct 2",State House,109,DEM,Total Votes,109,45,62,2
Baraga,"Baraga Township, Precinct 2",State House,109,DEM,Ballots Cast,354,211,136,7
Baraga,"Covington Township, Precinct 1",State House,109,DEM,Anna Aho Rink,34,34,0,0
Baraga,"Covington Township, Precinct 1",State House,109,DEM,Total Votes,34,34,0,0
Baraga,"Covington Township, Precinct 1",State House,109,DEM,Ballots Cast,122,121,0,1
Baraga,"L'Anse Township, Precinct 1",State House,109,DEM,Anna Aho Rink,337,83,235,19
Baraga,"L'Anse Township, Precinct 1",State House,109,DEM,Total Votes,337,83,235,19
Baraga,"L'Anse Township, Precinct 1",State House,109,DEM,Write-In,1,1,0,0
Baraga,"L'Anse Township, Precinct 1",State House,109,DEM,Ballots Cast,898,294,532,72
Baraga,"Spurr Township, Precinct 1",State House,109,DEM,Anna Aho Rink,58,58,0,0
Baraga,"Spurr Township, Precinct 1",State House,109,DEM,Total Votes,58,58,0,0
Baraga,"Spurr Township, Precinct 1",State House,109,DEM,Ballots Cast,123,123,0,0
Baraga,"Arvon Township, Precinct 1",County Treasurer Partial Term Ending 12/31/2028,,DEM,Write-In,5,5,0,0
Baraga,"Arvon Township, Precinct 1",County Treasurer Partial Term Ending 12/31/2028,,DEM,Ballots Cast,210,202,0,8
Baraga,"Baraga Township, Precinct 1",County Treasurer Partial Term Ending 12/31/2028,,DEM,Write-In,19,13,5,1
Baraga,"Baraga Township, Precinct 1",County Treasurer Partial Term Ending 12/31/2028,,DEM,Ballots Cast,264,144,110,10
Baraga,"Baraga Township, Precinct 2",County Treasurer Partial Term Ending 12/31/2028,,DEM,Write-In,20,12,7,1
Baraga,"Baraga Township, Precinct 2",County Treasurer Partial Term Ending 12/31/2028,,DEM,Ballots Cast,354,211,136,7
Baraga,"Covington Township, Precinct 1",County Treasurer Partial Term Ending 12/31/2028,,DEM,Write-In,10,10,0,0
Baraga,"Covington Township, Precinct 1",County Treasurer Partial Term Ending 12/31/2028,,DEM,Ballots Cast,122,121,0,1
Baraga,"L'Anse Township, Precinct 1",County Treasurer Partial Term Ending 12/31/2028,,DEM,Write-In,66,17,44,5
Baraga,"L'Anse Township, Precinct 1",County Treasurer Partial Term Ending 12/31/2028,,DEM,Ballots Cast,898,294,532,72
Baraga,"Spurr Township, Precinct 1",County Treasurer Partial Term Ending 12/31/2028,,DEM,Write-In,19,19,0,0
Baraga,"Spurr Township, Precinct 1",County Treasurer Partial Term Ending 12/31/2028,,DEM,Ballots Cast,123,123,0,0
Baraga,"L'Anse Township, Precinct 1",County Commissioner 5th District Partial Term Ending 12/31/2028,,DEM,Write-In,26,9,13,4
Baraga,"L'Anse Township, Precinct 1",County Commissioner 5th District Partial Term Ending 12/31/2028,,DEM,Ballots Cast,356,132,191,33
Baraga,"Arvon Township, Precinct 1","Arvon Township, Precinct 1 Delegate to County Convention",,DEM,Bertha R Hommer,42,40,0,2
Baraga,"Arvon Township, Precinct 1","Arvon Township, Precinct 1 Delegate to County Convention",,DEM,Total Votes,42,40,0,2
Baraga,"Arvon Township, Precinct 1","Arvon Township, Precinct 1 Delegate to County Convention",,DEM,Ballots Cast,210,202,0,8
Baraga,"Baraga Township, Precinct 1","Baraga Township, Precinct 1 Delegate to County Convention",,DEM,Debi Williamson,97,48,41,8
Baraga,"Baraga Township, Precinct 1","Baraga Township, Precinct 1 Delegate to County Convention",,DEM,Total Votes,97,48,41,8
Baraga,"Baraga Township, Precinct 1","Baraga Township, Precinct 1 Delegate to County Convention",,DEM,Write-In,2,1,1,0
Baraga,"Baraga Township, Precinct 1","Baraga Township, Precinct 1 Delegate to County Convention",,DEM,Ballots Cast,264,144,110,10
Baraga,"Baraga Township, Precinct 2","Baraga Township, Precinct 2 Delegate to County Convention",,DEM,Philip M Keyes,105,42,61,2
Baraga,"Baraga Township, Precinct 2","Baraga Township, Precinct 2 Delegate to County Convention",,DEM,Total Votes,105,42,61,2
Baraga,"Baraga Township, Precinct 2","Baraga Township, Precinct 2 Delegate to County Convention",,DEM,Ballots Cast,354,211,136,7
Baraga,"Covington Township, Precinct 1","Covington Township, Precinct 1 Delegate to County Convention",,DEM,Write-In,10,10,0,0
Baraga,"Covington Township, Precinct 1","Covington Township, Precinct 1 Delegate to County Convention",,DEM,Ballots Cast,122,121,0,1
Baraga,"L'Anse Township, Precinct 1","L'Anse Township, Precinct 1 Delegate to County Convention",,DEM,Fran Whitman,321,73,230,18
Baraga,"L'Anse Township, Precinct 1","L'Anse Township, Precinct 1 Delegate to County Convention",,DEM,Total Votes,321,73,230,18
Baraga,"L'Anse Township, Precinct 1","L'Anse Township, Precinct 1 Delegate to County Convention",,DEM,Write-In,1,1,0,0
Baraga,"L'Anse Township, Precinct 1","L'Anse Township, Precinct 1 Delegate to County Convention",,DEM,Ballots Cast,898,294,532,72
Baraga,"Spurr Township, Precinct 1","Spurr Township, Precinct 1 Delegate to County Convention",,DEM,Write-In,17,17,0,0
Baraga,"Spurr Township, Precinct 1","Spurr Township, Precinct 1 Delegate to County Convention",,DEM,Ballots Cast,123,123,0,0
Baraga,"Arvon Township, Precinct 1",Governor,,REP,Aric Nesbitt,3,3,0,0
Baraga,"Arvon Township, Precinct 1",Governor,,REP,John James,77,74,0,3
Baraga,"Arvon Township, Precinct 1",Governor,,REP,Mike Cox,24,22,0,2
Baraga,"Arvon Township, Precinct 1",Governor,,REP,Perry Johnson,45,44,0,1
Baraga,"Arvon Township, Precinct 1",Governor,,REP,Total Votes,149,143,0,6
Baraga,"Arvon Township, Precinct 1",Governor,,REP,Ballots Cast,210,202,0,8
Baraga,"Baraga Township, Precinct 1",Governor,,REP,Aric Nesbitt,5,0,5,0
Baraga,"Baraga Township, Precinct 1",Governor,,REP,John James,53,37,15,1
Baraga,"Baraga Township, Precinct 1",Governor,,REP,Mike Cox,7,4,3,0
Baraga,"Baraga Township, Precinct 1",Governor,,REP,Perry Johnson,64,41,22,1
Baraga,"Baraga Township, Precinct 1",Governor,,REP,Total Votes,129,82,45,2
Baraga,"Baraga Township, Precinct 1",Governor,,REP,Ballots Cast,264,144,110,10
Baraga,"Baraga Township, Precinct 2",Governor,,REP,Aric Nesbitt,4,1,3,0
Baraga,"Baraga Township, Precinct 2",Governor,,REP,John James,87,66,17,4
Baraga,"Baraga Township, Precinct 2",Governor,,REP,Mike Cox,31,15,16,0
Baraga,"Baraga Township, Precinct 2",Governor,,REP,Perry Johnson,100,75,24,1
Baraga,"Baraga Township, Precinct 2",Governor,,REP,Total Votes,222,157,60,5
Baraga,"Baraga Township, Precinct 2",Governor,,REP,Ballots Cast,354,211,136,7
Baraga,"Covington Township, Precinct 1",Governor,,REP,Aric Nesbitt,4,4,0,0
Baraga,"Covington Township, Precinct 1",Governor,,REP,John James,38,37,0,1
Baraga,"Covington Township, Precinct 1",Governor,,REP,Mike Cox,6,6,0,0
Baraga,"Covington Township, Precinct 1",Governor,,REP,Perry Johnson,35,35,0,0
Baraga,"Covington Township, Precinct 1",Governor,,REP,Total Votes,83,82,0,1
Baraga,"Covington Township, Precinct 1",Governor,,REP,Write-In,1,1,0,0
Baraga,"Covington Township, Precinct 1",Governor,,REP,Ballots Cast,122,121,0,1
Baraga,"L'Anse Township, Precinct 1",Governor,,REP,Aric Nesbitt,2,1,1,0
Baraga,"L'Anse Township, Precinct 1",Governor,,REP,John James,227,111,86,30
Baraga,"L'Anse Township, Precinct 1",Governor,,REP,Mike Cox,77,21,51,5
Baraga,"L'Anse Township, Precinct 1",Governor,,REP,Perry Johnson,185,65,104,16
Baraga,"L'Anse Township, Precinct 1",Governor,,REP,Total Votes,491,198,242,51
Baraga,"L'Anse Township, Precinct 1",Governor,,REP,Write-In,1,1,0,0
Baraga,"L'Anse Township, Precinct 1",Governor,,REP,Ballots Cast,898,294,532,72
Baraga,"Spurr Township, Precinct 1",Governor,,REP,Aric Nesbitt,1,1,0,0
Baraga,"Spurr Township, Precinct 1",Governor,,REP,John James,20,20,0,0
Baraga,"Spurr Township, Precinct 1",Governor,,REP,Mike Cox,4,4,0,0
Baraga,"Spurr Township, Precinct 1",Governor,,REP,Perry Johnson,28,28,0,0
Baraga,"Spurr Township, Precinct 1",Governor,,REP,Total Votes,53,53,0,0
Baraga,"Spurr Township, Precinct 1",Governor,,REP,Ballots Cast,123,123,0,0
Baraga,"Arvon Township, Precinct 1",U.S. Senate,,REP,Mike Rogers,142,136,0,6
Baraga,"Arvon Township, Precinct 1",U.S. Senate,,REP,Total Votes,142,136,0,6
Baraga,"Arvon Township, Precinct 1",U.S. Senate,,REP,Ballots Cast,210,202,0,8
Baraga,"Baraga Township, Precinct 1",U.S. Senate,,REP,Mike Rogers,125,78,45,2
Baraga,"Baraga Township, Precinct 1",U.S. Senate,,REP,Total Votes,125,78,45,2
Baraga,"Baraga Township, Precinct 1",U.S. Senate,,REP,Write-In,1,1,0,0
Baraga,"Baraga Township, Precinct 1",U.S. Senate,,REP,Ballots Cast,264,144,110,10
Baraga,"Baraga Township, Precinct 2",U.S. Senate,,REP,Mike Rogers,205,146,54,5
Baraga,"Baraga Township, Precinct 2",U.S. Senate,,REP,Total Votes,205,146,54,5
Baraga,"Baraga Township, Precinct 2",U.S. Senate,,REP,Ballots Cast,354,211,136,7
Baraga,"Covington Township, Precinct 1",U.S. Senate,,REP,Mike Rogers,78,78,0,0
Baraga,"Covington Township, Precinct 1",U.S. Senate,,REP,Total Votes,78,78,0,0
Baraga,"Covington Township, Precinct 1",U.S. Senate,,REP,Write-In,1,1,0,0
Baraga,"Covington Township, Precinct 1",U.S. Senate,,REP,Ballots Cast,122,121,0,1
Baraga,"L'Anse Township, Precinct 1",U.S. Senate,,REP,Mike Rogers,468,190,229,49
Baraga,"L'Anse Township, Precinct 1",U.S. Senate,,REP,Total Votes,468,190,229,49
Baraga,"L'Anse Township, Precinct 1",U.S. Senate,,REP,Write-In,1,1,0,0
Baraga,"L'Anse Township, Precinct 1",U.S. Senate,,REP,Ballots Cast,898,294,532,72
Baraga,"Spurr Township, Precinct 1",U.S. Senate,,REP,Mike Rogers,53,53,0,0
Baraga,"Spurr Township, Precinct 1",U.S. Senate,,REP,Total Votes,53,53,0,0
Baraga,"Spurr Township, Precinct 1",U.S. Senate,,REP,Ballots Cast,123,123,0,0
Baraga,"Arvon Township, Precinct 1",U.S. House,1,REP,Jack Bergman,132,126,0,6
Baraga,"Arvon Township, Precinct 1",U.S. House,1,REP,Justin Michal,11,11,0,0
Baraga,"Arvon Township, Precinct 1",U.S. House,1,REP,Matthew DenOtter,7,7,0,0
Baraga,"Arvon Township, Precinct 1",U.S. House,1,REP,Total Votes,150,144,0,6
Baraga,"Arvon Township, Precinct 1",U.S. House,1,REP,Ballots Cast,210,202,0,8
Baraga,"Baraga Township, Precinct 1",U.S. House,1,REP,Jack Bergman,90,54,35,1
Baraga,"Baraga Township, Precinct 1",U.S. House,1,REP,Justin Michal,30,20,10,0
Baraga,"Baraga Township, Precinct 1",U.S. House,1,REP,Matthew DenOtter,8,7,0,1
Baraga,"Baraga Township, Precinct 1",U.S. House,1,REP,Total Votes,128,81,45,2
Baraga,"Baraga Township, Precinct 1",U.S. House,1,REP,Ballots Cast,264,144,110,10
Baraga,"Baraga Township, Precinct 2",U.S. House,1,REP,Jack Bergman,141,96,42,3
Baraga,"Baraga Township, Precinct 2",U.S. House,1,REP,Justin Michal,58,42,16,0
Baraga,"Baraga Township, Precinct 2",U.S. House,1,REP,Matthew DenOtter,25,19,4,2
Baraga,"Baraga Township, Precinct 2",U.S. House,1,REP,Total Votes,224,157,62,5
Baraga,"Baraga Township, Precinct 2",U.S. House,1,REP,Ballots Cast,354,211,136,7
Baraga,"Covington Township, Precinct 1",U.S. House,1,REP,Jack Bergman,62,61,0,1
Baraga,"Covington Township, Precinct 1",U.S. House,1,REP,Justin Michal,9,9,0,0
Baraga,"Covington Township, Precinct 1",U.S. House,1,REP,Matthew DenOtter,9,9,0,0
Baraga,"Covington Township, Precinct 1",U.S. House,1,REP,Total Votes,80,79,0,1
Baraga,"Covington Township, Precinct 1",U.S. House,1,REP,Write-In,1,1,0,0
Baraga,"Covington Township, Precinct 1",U.S. House,1,REP,Ballots Cast,122,121,0,1
Baraga,"L'Anse Township, Precinct 1",U.S. House,1,REP,Jack Bergman,364,152,180,32
Baraga,"L'Anse Township, Precinct 1",U.S. House,1,REP,Justin Michal,73,26,34,13
Baraga,"L'Anse Township, Precinct 1",U.S. House,1,REP,Matthew DenOtter,49,18,25,6
Baraga,"L'Anse Township, Precinct 1",U.S. House,1,REP,Total Votes,486,196,239,51
Baraga,"L'Anse Township, Precinct 1",U.S. House,1,REP,Ballots Cast,898,294,532,72
Baraga,"Spurr Township, Precinct 1",U.S. House,1,REP,Jack Bergman,39,39,0,0
Baraga,"Spurr Township, Precinct 1",U.S. House,1,REP,Justin Michal,5,5,0,0
Baraga,"Spurr Township, Precinct 1",U.S. House,1,REP,Matthew DenOtter,9,9,0,0
Baraga,"Spurr Township, Precinct 1",U.S. House,1,REP,Total Votes,53,53,0,0
Baraga,"Spurr Township, Precinct 1",U.S. House,1,REP,Ballots Cast,123,123,0,0
Baraga,"Arvon Township, Precinct 1",State Senate,38,REP,Beau Matthew LaFave,96,92,0,4
Baraga,"Arvon Township, Precinct 1",State Senate,38,REP,David Prestin,55,53,0,2
Baraga,"Arvon Township, Precinct 1",State Senate,38,REP,Total Votes,151,145,0,6
Baraga,"Arvon Township, Precinct 1",State Senate,38,REP,Ballots Cast,210,202,0,8
Baraga,"Baraga Township, Precinct 1",State Senate,38,REP,Beau Matthew LaFave,65,32,32,1
Baraga,"Baraga Township, Precinct 1",State Senate,38,REP,David Prestin,61,49,11,1
Baraga,"Baraga Township, Precinct 1",State Senate,38,REP,Total Votes,126,81,43,2
Baraga,"Baraga Township, Precinct 1",State Senate,38,REP,Ballots Cast,264,144,110,10
Baraga,"Baraga Township, Precinct 2",State Senate,38,REP,Beau Matthew LaFave,108,73,34,1
Baraga,"Baraga Township, Precinct 2",State Senate,38,REP,David Prestin,117,84,29,4
Baraga,"Baraga Township, Precinct 2",State Senate,38,REP,Total Votes,225,157,63,5
Baraga,"Baraga Township, Precinct 2",State Senate,38,REP,Ballots Cast,354,211,136,7
Baraga,"Covington Township, Precinct 1",State Senate,38,REP,Beau Matthew LaFave,33,33,0,0
Baraga,"Covington Township, Precinct 1",State Senate,38,REP,David Prestin,46,45,0,1
Baraga,"Covington Township, Precinct 1",State Senate,38,REP,Total Votes,79,78,0,1
Baraga,"Covington Township, Precinct 1",State Senate,38,REP,Write-In,1,1,0,0
Baraga,"Covington Township, Precinct 1",State Senate,38,REP,Ballots Cast,122,121,0,1
Baraga,"L'Anse Township, Precinct 1",State Senate,38,REP,Beau Matthew LaFave,264,108,121,35
Baraga,"L'Anse Township, Precinct 1",State Senate,38,REP,David Prestin,225,92,117,16
Baraga,"L'Anse Township, Precinct 1",State Senate,38,REP,Total Votes,489,200,238,51
Baraga,"L'Anse Township, Precinct 1",State Senate,38,REP,Ballots Cast,898,294,532,72
Baraga,"Spurr Township, Precinct 1",State Senate,38,REP,Beau Matthew LaFave,22,22,0,0
Baraga,"Spurr Township, Precinct 1",State Senate,38,REP,David Prestin,29,29,0,0
Baraga,"Spurr Township, Precinct 1",State Senate,38,REP,Total Votes,51,51,0,0
Baraga,"Spurr Township, Precinct 1",State Senate,38,REP,Ballots Cast,123,123,0,0
Baraga,"Arvon Township, Precinct 1",State House,109,REP,Karl Bohnak,147,141,0,6
Baraga,"Arvon Township, Precinct 1",State House,109,REP,Total Votes,147,141,0,6
Baraga,"Arvon Township, Precinct 1",State House,109,REP,Ballots Cast,210,202,0,8
Baraga,"Baraga Township, Precinct 1",State House,109,REP,Karl Bohnak,126,79,45,2
Baraga,"Baraga Township, Precinct 1",State House,109,REP,Total Votes,126,79,45,2
Baraga,"Baraga Township, Precinct 1",State House,109,REP,Ballots Cast,264,144,110,10
Baraga,"Baraga Township, Precinct 2",State House,109,REP,Karl Bohnak,214,151,58,5
Baraga,"Baraga Township, Precinct 2",State House,109,REP,Total Votes,214,151,58,5
Baraga,"Baraga Township, Precinct 2",State House,109,REP,Write-In,1,1,0,0
Baraga,"Baraga Township, Precinct 2",State House,109,REP,Ballots Cast,354,211,136,7
Baraga,"Covington Township, Precinct 1",State House,109,REP,Karl Bohnak,78,77,0,1
Baraga,"Covington Township, Precinct 1",State House,109,REP,Total Votes,78,77,0,1
Baraga,"Covington Township, Precinct 1",State House,109,REP,Ballots Cast,122,121,0,1
Baraga,"L'Anse Township, Precinct 1",State House,109,REP,Karl Bohnak,480,195,236,49
Baraga,"L'Anse Township, Precinct 1",State House,109,REP,Total Votes,480,195,236,49
Baraga,"L'Anse Township, Precinct 1",State House,109,REP,Ballots Cast,898,294,532,72
Baraga,"Spurr Township, Precinct 1",State House,109,REP,Karl Bohnak,53,53,0,0
Baraga,"Spurr Township, Precinct 1",State House,109,REP,Total Votes,53,53,0,0
Baraga,"Spurr Township, Precinct 1",State House,109,REP,Ballots Cast,123,123,0,0
Baraga,"Arvon Township, Precinct 1",County Treasurer Partial Term Ending 12/31/2028,,REP,Ashley Kristo,133,127,0,6
Baraga,"Arvon Township, Precinct 1",County Treasurer Partial Term Ending 12/31/2028,,REP,Total Votes,133,127,0,6
Baraga,"Arvon Township, Precinct 1",County Treasurer Partial Term Ending 12/31/2028,,REP,Ballots Cast,210,202,0,8
Baraga,"Baraga Township, Precinct 1",County Treasurer Partial Term Ending 12/31/2028,,REP,Ashley Kristo,102,63,37,2
Baraga,"Baraga Township, Precinct 1",County Treasurer Partial Term Ending 12/31/2028,,REP,Total Votes,102,63,37,2
Baraga,"Baraga Township, Precinct 1",County Treasurer Partial Term Ending 12/31/2028,,REP,Write-In,1,1,0,0
Baraga,"Baraga Township, Precinct 1",County Treasurer Partial Term Ending 12/31/2028,,REP,Ballots Cast,264,144,110,10
Baraga,"Baraga Township, Precinct 2",County Treasurer Partial Term Ending 12/31/2028,,REP,Ashley Kristo,182,131,47,4
Baraga,"Baraga Township, Precinct 2",County Treasurer Partial Term Ending 12/31/2028,,REP,Total Votes,182,131,47,4
Baraga,"Baraga Township, Precinct 2",County Treasurer Partial Term Ending 12/31/2028,,REP,Write-In,1,1,0,0
Baraga,"Baraga Township, Precinct 2",County Treasurer Partial Term Ending 12/31/2028,,REP,Ballots Cast,354,211,136,7
Baraga,"Covington Township, Precinct 1",County Treasurer Partial Term Ending 12/31/2028,,REP,Ashley Kristo,73,72,0,1
Baraga,"Covington Township, Precinct 1",County Treasurer Partial Term Ending 12/31/2028,,REP,Total Votes,73,72,0,1
Baraga,"Covington Township, Precinct 1",County Treasurer Partial Term Ending 12/31/2028,,REP,Ballots Cast,122,121,0,1
Baraga,"L'Anse Township, Precinct 1",County Treasurer Partial Term Ending 12/31/2028,,REP,Ashley Kristo,443,180,216,47
Baraga,"L'Anse Township, Precinct 1",County Treasurer Partial Term Ending 12/31/2028,,REP,Total Votes,443,180,216,47
Baraga,"L'Anse Township, Precinct 1",County Treasurer Partial Term Ending 12/31/2028,,REP,Ballots Cast,898,294,532,72
Baraga,"Spurr Township, Precinct 1",County Treasurer Partial Term Ending 12/31/2028,,REP,Ashley Kristo,42,42,0,0
Baraga,"Spurr Township, Precinct 1",County Treasurer Partial Term Ending 12/31/2028,,REP,Total Votes,42,42,0,0
Baraga,"Spurr Township, Precinct 1",County Treasurer Partial Term Ending 12/31/2028,,REP,Ballots Cast,123,123,0,0
Baraga,"L'Anse Township, Precinct 1",County Commissioner 5th District Partial Term Ending 12/31/2028,,REP,Write-In,23,13,8,2
Baraga,"L'Anse Township, Precinct 1",County Commissioner 5th District Partial Term Ending 12/31/2028,,REP,Ballots Cast,356,132,191,33
Baraga,"Arvon Township, Precinct 1","Arvon Township, Precinct 1 Delegate to County Convention",,REP,John Albert Salisbury III,119,114,0,5
Baraga,"Arvon Township, Precinct 1","Arvon Township, Precinct 1 Delegate to County Convention",,REP,Katherine J Salisbury,110,106,0,4
Baraga,"Arvon Township, Precinct 1","Arvon Township, Precinct 1 Delegate to County Convention",,REP,Total Votes,229,220,0,9
Baraga,"Arvon Township, Precinct 1","Arvon Township, Precinct 1 Delegate to County Convention",,REP,Write-In,2,2,0,0
Baraga,"Arvon Township, Precinct 1","Arvon Township, Precinct 1 Delegate to County Convention",,REP,Ballots Cast,210,202,0,8
Baraga,"Baraga Township, Precinct 1","Baraga Township, Precinct 1 Delegate to County Convention",,REP,Write-In,5,3,2,0
Baraga,"Baraga Township, Precinct 1","Baraga Township, Precinct 1 Delegate to County Convention",,REP,Ballots Cast,264,144,110,10
Baraga,"Baraga Township, Precinct 2","Baraga Township, Precinct 2 Delegate to County Convention",,REP,Brenda Turunen,186,132,50,4
Baraga,"Baraga Township, Precinct 2","Baraga Township, Precinct 2 Delegate to County Convention",,REP,Total Votes,186,132,50,4
Baraga,"Baraga Township, Precinct 2","Baraga Township, Precinct 2 Delegate to County Convention",,REP,Write-In,1,0,1,0
Baraga,"Baraga Township, Precinct 2","Baraga Township, Precinct 2 Delegate to County Convention",,REP,Ballots Cast,354,211,136,7
Baraga,"Covington Township, Precinct 1","Covington Township, Precinct 1 Delegate to County Convention",,REP,Write-In,7,7,0,0
Baraga,"Covington Township, Precinct 1","Covington Township, Precinct 1 Delegate to County Convention",,REP,Ballots Cast,122,121,0,1
Baraga,"L'Anse Township, Precinct 1","L'Anse Township, Precinct 1 Delegate to County Convention",,REP,Emily Timonen,419,172,203,44
Baraga,"L'Anse Township, Precinct 1","L'Anse Township, Precinct 1 Delegate to County Convention",,REP,Total Votes,419,172,203,44
Baraga,"L'Anse Township, Precinct 1","L'Anse Township, Precinct 1 Delegate to County Convention",,REP,Write-In,4,2,0,2
Baraga,"L'Anse Township, Precinct 1","L'Anse Township, Precinct 1 Delegate to County Convention",,REP,Ballots Cast,898,294,532,72
Baraga,"Spurr Township, Precinct 1","Spurr Township, Precinct 1 Delegate to County Convention",,REP,Write-In,4,4,0,0
Baraga,"Spurr Township, Precinct 1","Spurr Township, Precinct 1 Delegate to County Convention",,REP,Ballots Cast,123,123,0,0
Baraga,"Arvon Township, Precinct 1",Baraga County Renewal Proposal Roads and Streets,,,No,65,63,0,2
Baraga,"Arvon Township, Precinct 1",Baraga County Renewal Proposal Roads and Streets,,,Total Votes,163,156,0,7
Baraga,"Arvon Township, Precinct 1",Baraga County Renewal Proposal Roads and Streets,,,Yes,98,93,0,5
Baraga,"Arvon Township, Precinct 1",Baraga County Renewal Proposal Roads and Streets,,,Ballots Cast,210,202,0,8
Baraga,"Baraga Township, Precinct 1",Baraga County Renewal Proposal Roads and Streets,,,No,60,32,26,2
Baraga,"Baraga Township, Precinct 1",Baraga County Renewal Proposal Roads and Streets,,,Total Votes,235,125,101,9
Baraga,"Baraga Township, Precinct 1",Baraga County Renewal Proposal Roads and Streets,,,Yes,175,93,75,7
Baraga,"Baraga Township, Precinct 1",Baraga County Renewal Proposal Roads and Streets,,,Ballots Cast,264,144,110,10
Baraga,"Baraga Township, Precinct 2",Baraga County Renewal Proposal Roads and Streets,,,No,133,89,42,2
Baraga,"Baraga Township, Precinct 2",Baraga County Renewal Proposal Roads and Streets,,,Total Votes,329,197,127,5
Baraga,"Baraga Township, Precinct 2",Baraga County Renewal Proposal Roads and Streets,,,Yes,196,108,85,3
Baraga,"Baraga Township, Precinct 2",Baraga County Renewal Proposal Roads and Streets,,,Ballots Cast,354,211,136,7
Baraga,"Covington Township, Precinct 1",Baraga County Renewal Proposal Roads and Streets,,,No,42,41,0,1
Baraga,"Covington Township, Precinct 1",Baraga County Renewal Proposal Roads and Streets,,,Total Votes,101,100,0,1
Baraga,"Covington Township, Precinct 1",Baraga County Renewal Proposal Roads and Streets,,,Yes,59,59,0,0
Baraga,"Covington Township, Precinct 1",Baraga County Renewal Proposal Roads and Streets,,,Ballots Cast,122,121,0,1
Baraga,"L'Anse Township, Precinct 1",Baraga County Renewal Proposal Roads and Streets,,,No,213,70,125,18
Baraga,"L'Anse Township, Precinct 1",Baraga County Renewal Proposal Roads and Streets,,,Total Votes,741,269,414,58
Baraga,"L'Anse Township, Precinct 1",Baraga County Renewal Proposal Roads and Streets,,,Yes,528,199,289,40
Baraga,"L'Anse Township, Precinct 1",Baraga County Renewal Proposal Roads and Streets,,,Ballots Cast,898,294,532,72
Baraga,"Spurr Township, Precinct 1",Baraga County Renewal Proposal Roads and Streets,,,No,39,39,0,0
Baraga,"Spurr Township, Precinct 1",Baraga County Renewal Proposal Roads and Streets,,,Total Votes,100,100,0,0
Baraga,"Spurr Township, Precinct 1",Baraga County Renewal Proposal Roads and Streets,,,Yes,61,61,0,0
Baraga,"Spurr Township, Precinct 1",Baraga County Renewal Proposal Roads and Streets,,,Ballots Cast,123,123,0,0
Baraga,"Baraga Township, Precinct 1",Baraga Township Fire Millage,,,No,66,31,33,2
Baraga,"Baraga Township, Precinct 1",Baraga Township Fire Millage,,,Total Votes,237,127,101,9
Baraga,"Baraga Township, Precinct 1",Baraga Township Fire Millage,,,Yes,171,96,68,7
Baraga,"Baraga Township, Precinct 1",Baraga Township Fire Millage,,,Ballots Cast,264,144,110,10
Baraga,"Baraga Township, Precinct 2",Baraga Township Fire Millage,,,No,122,79,40,3
Baraga,"Baraga Township, Precinct 2",Baraga Township Fire Millage,,,Total Votes,329,197,127,5
Baraga,"Baraga Township, Precinct 2",Baraga Township Fire Millage,,,Yes,207,118,87,2
Baraga,"Baraga Township, Precinct 2",Baraga Township Fire Millage,,,Ballots Cast,354,211,136,7
